# FEDDLib Dirichlet flags of svMultiPhysics's constrained nodes, written by
# tests/cases/def_diffu/tools/feddlib_mesh_to_svmp.py with the rules (first match wins):
#   pin_xz+outer=23 pin_xz=13 pin_yz+outer=24 pin_yz=14 bottom+inner=7 bottom+outer=6 top+inner=8 top+outer=9 bottom=2 top=3 inner=5 outer=4
# FLAG <straight-P2 node position x y z> <flag>
FLAG -1.9697899999999999 0.58571799999999996 0 6
FLAG -1.9227399999999999 0.79128900000000002 0 6
FLAG -1.8631200000000001 0.99347600000000003 0 6
FLAG -1.77339 1.183956 0 6
FLAG -1.6485700000000001 1.353596 0 6
FLAG -1.5008999999999999 1.5040199999999999 0 6
FLAG -1.3406800000000001 1.6410769999999999 0 6
FLAG -1.1708000000000001 1.765949 0 6
FLAG -0.99046000000000001 1.8751009999999999 0 6
FLAG -0.79912000000000005 1.9635 0 6
FLAG -0.59884000000000004 2.0291809999999999 0 6
FLAG -0.39280999999999999 2.0738300000000001 0 6
FLAG -0.18348999999999999 2.098951 0 23
FLAG 0.027255999999999999 2.1028560000000001 0 23
FLAG 0.236737 2.080139 0 6
FLAG 0.43936500000000001 2.0228380000000001 0 6
FLAG 0.62686200000000003 1.9270149999999999 0 6
FLAG 0.79738399999999998 1.8030900000000001 0 6
FLAG 0.96353200000000006 1.6732290000000001 0 6
FLAG 1.1358220000000001 1.5516380000000001 0 6
FLAG 1.304387 1.425028 0 6
FLAG 1.4572879999999999 1.279979 0 6
FLAG 1.5923590000000001 1.118147 0 6
FLAG 1.7111369999999999 0.943967 0 6
FLAG 1.8151809999999999 0.76058499999999996 0 6
FLAG 1.904326 0.56953299999999996 0 6
FLAG 1.9752460000000001 0.37102200000000002 0 6
FLAG 2.0246059999999999 0.16609599999999999 0 24
FLAG 2.0498530000000001 -0.043139999999999998 0 24
FLAG 2.044702 -0.25374000000000002 0 6
FLAG 2.0087600000000001 -0.46140999999999999 0 6
FLAG 1.955587 -0.66546000000000005 0 6
FLAG 1.8894029999999999 -0.86565000000000003 0 6
FLAG 1.804727 -1.0586800000000001 0 6
FLAG 1.696623 -1.23956 0 6
FLAG 1.5649329999999999 -1.4040900000000001 0 6
FLAG 1.4139870000000001 -1.55121 0 6
FLAG 1.2488319999999999 -1.6822299999999999 0 6
FLAG 1.072813 -1.79827 0 6
FLAG 0.88703699999999996 -1.89791 0 6
FLAG 0.69142899999999996 -1.9763599999999999 0 6
FLAG 0.48691699999999999 -2.0270100000000002 0 6
FLAG 0.27701500000000001 -2.0449600000000001 0 6
FLAG 0.067573999999999995 -2.03166 0 6
FLAG -0.13658999999999999 -1.99539 0 6
FLAG -0.33700999999999998 -1.9453199999999999 0 6
FLAG -0.53798999999999997 -1.8873500000000001 0 6
FLAG -0.73782000000000003 -1.82012 0 6
FLAG -0.92713000000000001 -1.7278500000000001 0 6
FLAG -1.09572 -1.6016300000000001 0 6
FLAG -1.2449300000000001 -1.45272 0 6
FLAG -1.3828499999999999 -1.2931999999999999 0 6
FLAG -1.5164800000000001 -1.1300300000000001 0 6
FLAG -1.65157 -0.96808000000000005 0 6
FLAG -1.79223 -0.81098000000000003 0 6
FLAG -1.9244399999999999 -0.64705999999999997 0 6
FLAG -2.0110600000000001 -0.45548 0 6
FLAG -2.0541100000000001 -0.24931 0 6
FLAG -2.0641699999999998 -0.038830000000000003 0 24
FLAG -2.04759 0.17130200000000001 0 6
FLAG -2.0129299999999999 0.37929099999999999 0 6
FLAG -0.045269999999999998 1.061172 0 7
FLAG -0.01055 -0.88409000000000004 0 7
FLAG -1.0243 0.25204199999999999 0 7
FLAG 0.046121000000000002 -0.85551999999999995 0 7
FLAG 0.10803699999999999 -0.80291999999999997 0 7
FLAG 0.16589799999999999 -0.71714999999999995 0 7
FLAG 0.228936 -0.60897999999999997 0 7
FLAG 0.314832 -0.49515999999999999 0 7
FLAG 0.40689999999999998 -0.3805 0 7
FLAG 0.47581499999999999 -0.24545 0 7
FLAG 0.50861900000000004 -0.066309999999999994 0 7
FLAG 0.50533899999999998 0.14080500000000001 0 7
FLAG 0.47130899999999998 0.32610899999999998 0 7
FLAG 0.45096599999999998 0.47352699999999998 0 7
FLAG 0.40282299999999999 0.59004900000000005 0 7
FLAG 0.32255299999999998 0.69083899999999998 0 7
FLAG 0.235093 0.79066499999999995 0 7
FLAG 0.15812100000000001 0.87402299999999999 0 7
FLAG 0.094611000000000001 0.934612 0 7
FLAG 0.045412000000000001 0.98081399999999996 0 7
FLAG 0.0078209999999999998 1.016062 0 7
FLAG -0.021680000000000001 1.042281 0 7
FLAG -0.98999000000000004 0.45568799999999998 0 7
FLAG -0.91605000000000003 0.64851700000000001 0 7
FLAG -0.81272999999999995 0.82738999999999996 0 7
FLAG -0.67032000000000003 0.970773 0 7
FLAG -0.51893 1.0603480000000001 0 7
FLAG -0.39374999999999999 1.1124350000000001 0 7
FLAG -0.29039999999999999 1.1300790000000001 0 7
FLAG -0.20926 1.127033 0 7
FLAG -0.1477 1.1139540000000001 0 7
FLAG -0.10221 1.0962369999999999 0 7
FLAG -0.06923 1.077817 0 7
FLAG -0.068390000000000006 -0.90329999999999999 0 7
FLAG -0.14485000000000001 -0.91959999999999997 0 7
FLAG -0.24593000000000001 -0.93044000000000004 0 7
FLAG -0.37779000000000001 -0.92481000000000002 0 7
FLAG -0.53066000000000002 -0.85333999999999999 0 7
FLAG -0.66561000000000003 -0.70420000000000005 0 7
FLAG -0.79645999999999995 -0.54000000000000004 0 7
FLAG -0.89134000000000002 -0.35208 0 7
FLAG -0.98563999999999996 -0.16386000000000001 0 7
FLAG -1.0271699999999999 0.041646000000000002 0 7
FLAG -0.045269999999999998 1.061172 0.5 8
FLAG -0.01055 -0.88409000000000004 0.5 8
FLAG -1.0243 0.25204199999999999 0.5 8
FLAG -0.02164 1.0422419999999999 0.5 8
FLAG 0.0090620000000000006 1.014918 0.5 8
FLAG 0.046307000000000001 0.97996899999999998 0.5 8
FLAG 0.094560000000000005 0.93466000000000005 0.5 8
FLAG 0.15855900000000001 0.87358899999999995 0.5 8
FLAG 0.23440800000000001 0.79145900000000002 0.5 8
FLAG 0.32050899999999999 0.693137 0.5 8
FLAG 0.40049800000000002 0.59361900000000001 0.5 8
FLAG 0.45002799999999998 0.47783300000000001 0.5 8
FLAG 0.470744 0.32980100000000001 0.5 8
FLAG 0.50537200000000004 0.140489 0.5 8
FLAG 0.50850700000000004 -0.067879999999999996 0.5 8
FLAG 0.47555599999999998 -0.24623 0.5 8
FLAG 0.40565200000000001 -0.38227 0.5 8
FLAG 0.31387599999999999 -0.49630999999999997 0.5 8
FLAG 0.22875200000000001 -0.60926999999999998 0.5 8
FLAG 0.16555700000000001 -0.71775999999999995 0.5 8
FLAG 0.107581 -0.80342999999999998 0.5 8
FLAG 0.045481000000000001 -0.85592000000000001 0.5 8
FLAG -0.06923 1.07782 0.5 8
FLAG -0.10222000000000001 1.0962419999999999 0.5 8
FLAG -0.14771999999999999 1.113961 0.5 8
FLAG -0.20930000000000001 1.127038 0.5 8
FLAG -0.29046 1.1300760000000001 0.5 8
FLAG -0.39383000000000001 1.112411 0.5 8
FLAG -0.51898999999999995 1.0603180000000001 0.5 8
FLAG -0.67032000000000003 0.97076899999999999 0.5 8
FLAG -0.81272999999999995 0.82739700000000005 0.5 8
FLAG -0.91605000000000003 0.64852200000000004 0.5 8
FLAG -0.98999000000000004 0.45569100000000001 0.5 8
FLAG -1.0271600000000001 0.041369999999999997 0.5 8
FLAG -0.98543000000000003 -0.16436999999999999 0.5 8
FLAG -0.89097000000000004 -0.35282000000000002 0.5 8
FLAG -0.79588999999999999 -0.54095000000000004 0.5 8
FLAG -0.66476999999999997 -0.70520000000000005 0.5 8
FLAG -0.52978000000000003 -0.85409000000000002 0.5 8
FLAG -0.37702000000000002 -0.92493999999999998 0.5 8
FLAG -0.24543999999999999 -0.93040999999999996 0.5 8
FLAG -0.14460999999999999 -0.91956000000000004 0.5 8
FLAG -0.068349999999999994 -0.90327999999999997 0.5 8
FLAG -1.9697899999999999 0.58571799999999996 0.5 9
FLAG -2.0129000000000001 0.37944499999999998 0.5 9
FLAG -2.0475500000000002 0.17161299999999999 0.5 9
FLAG -2.0641600000000002 -0.038359999999999998 0.5 9
FLAG -2.0541800000000001 -0.24868999999999999 0.5 9
FLAG -2.0112899999999998 -0.45473000000000002 0.5 9
FLAG -1.9249499999999999 -0.64627000000000001 0.5 9
FLAG -1.7929600000000001 -0.81016999999999995 0.5 9
FLAG -1.65238 -0.96713000000000005 0.5 9
FLAG -1.51736 -1.1289499999999999 0.5 9
FLAG -1.38385 -1.29199 0.5 9
FLAG -1.2460899999999999 -1.4514400000000001 0.5 9
FLAG -1.0971299999999999 -1.6003799999999999 0.5 9
FLAG -0.92886999999999997 -1.72679 0.5 9
FLAG -0.73985999999999996 -1.81932 0.5 9
FLAG -0.54024000000000005 -1.88666 0.5 9
FLAG -0.33777000000000001 -1.9451099999999999 0.5 9
FLAG -0.13371 -1.99603 0.5 9
FLAG 0.073397000000000004 -2.0323899999999999 0.5 9
FLAG 0.28359899999999999 -2.0449000000000002 0.5 9
FLAG 0.493255 -2.0259399999999999 0.5 9
FLAG 0.697384 -1.9743999999999999 0.5 9
FLAG 0.89256199999999997 -1.8952899999999999 0.5 9
FLAG 1.07792 -1.7951999999999999 0.5 9
FLAG 1.253531 -1.67883 0.5 9
FLAG 1.4182330000000001 -1.54749 0.5 9
FLAG 1.5686260000000001 -1.4000300000000001 0.5 9
FLAG 1.6996579999999999 -1.2351799999999999 0.5 9
FLAG 1.8070710000000001 -1.05406 0.5 9
FLAG 1.8911659999999999 -0.86094999999999999 0.5 9
FLAG 1.956947 -0.66078999999999999 0.5 9
FLAG 2.0097969999999998 -0.45683000000000001 0.5 9
FLAG 2.045172 -0.24922 0.5 9
FLAG 2.0496099999999999 -0.03875 0.5 9
FLAG 2.0238390000000002 0.17025899999999999 0.5 9
FLAG 1.974073 0.37492599999999998 0.5 9
FLAG 1.9028210000000001 0.57315300000000002 0.5 9
FLAG 1.81345 0.76392800000000005 0.5 9
FLAG 1.709233 0.94703000000000004 0.5 9
FLAG 1.5902860000000001 1.1209039999999999 0.5 9
FLAG 1.455041 1.2823850000000001 0.5 9
FLAG 1.301979 1.427038 0.5 9
FLAG 1.1333759999999999 1.5533380000000001 0.5 9
FLAG 0.96126699999999998 1.674914 0.5 9
FLAG 0.79529099999999997 1.804748 0.5 9
FLAG 0.62474200000000002 1.9283570000000001 0.5 9
FLAG 0.43717400000000001 2.0236930000000002 0.5 9
FLAG 0.23457800000000001 2.0805400000000001 0.5 9
FLAG 0.025218999999999998 2.102935 0.5 9
FLAG -0.18537000000000001 2.0988150000000001 0.5 9
FLAG -0.39451000000000003 2.0735440000000001 0.5 9
FLAG -0.60035000000000005 2.0287730000000002 0.5 9
FLAG -0.80044000000000004 1.962985 0.5 9
FLAG -0.99156 1.874509 0.5 9
FLAG -1.17171 1.765336 0.5 9
FLAG -1.3414200000000001 1.6404920000000001 0.5 9
FLAG -1.5014799999999999 1.5034890000000001 0.5 9
FLAG -1.6489799999999999 1.353124 0.5 9
FLAG -1.77363 1.1835530000000001 0.5 9
FLAG -1.8632299999999999 0.99318099999999998 0.5 9
FLAG -1.9227799999999999 0.79113699999999998 0.5 9
FLAG 0.74253899999999995 -0.67254999999999998 0 2
FLAG 0.31936399999999998 -1.0107299999999999 0 2
FLAG 0.50693200000000005 -0.61445000000000005 0 2
FLAG 0.13347999999999999 -1.0628 0 2
FLAG 0.45203300000000002 1.079888 0 2
FLAG 0.77262699999999995 0.68815800000000005 0 2
FLAG 0.56817600000000001 0.64212100000000005 0 2
FLAG 0.106771 1.2259709999999999 0 2
FLAG 0.035153999999999998 1.546724 0 2
FLAG -0.06225 -1.524 0 2
FLAG -1.43177 0.34457100000000002 0 2
FLAG 0.72636199999999995 -0.68694999999999995 0 2
FLAG 0.70538400000000001 -0.70552000000000004 0 2
FLAG 0.678369 -0.72935000000000005 0 2
FLAG 0.64332699999999998 -0.76022000000000001 0 2
FLAG 0.59752799999999995 -0.80054000000000003 0 2
FLAG 0.53868000000000005 -0.85194000000000003 0 2
FLAG 0.479051 -0.90237000000000001 0 2
FLAG 0.431479 -0.93996000000000002 0 2
FLAG 0.39343800000000001 -0.96733999999999998 0 2
FLAG 0.36298599999999998 -0.98699000000000003 0 2
FLAG 0.33867700000000001 -1.00092 0 2
FLAG 0.303896 -0.99477000000000004 0 2
FLAG 0.29486800000000002 -0.96701999999999999 0 2
FLAG 0.293383 -0.92856000000000005 0 2
FLAG 0.30054700000000001 -0.87966 0 2
FLAG 0.32082500000000003 -0.81730999999999998 0 2
FLAG 0.36143500000000001 -0.74404000000000003 0 2
FLAG 0.42471799999999998 -0.66527000000000003 0 2
FLAG 0.57870200000000005 -0.60026000000000002 0 2
FLAG 0.63537500000000002 -0.60636000000000001 0 2
FLAG 0.67626500000000001 -0.62372000000000005 0 2
FLAG 0.70419299999999996 -0.64422999999999997 0 2
FLAG 0.72449699999999995 -0.66203999999999996 0 2
FLAG 0.67639400000000005 -0.67381000000000002 0 2
FLAG 0.56226699999999996 -0.66520999999999997 0 2
FLAG 0.46285900000000002 -0.83245999999999998 0 2
FLAG 0.41811300000000001 -0.88407999999999998 0 2
FLAG 0.53084900000000002 -0.77142999999999995 0 2
FLAG 0.38470199999999999 -0.92305000000000004 0 2
FLAG 0.356711 -0.95401999999999998 0 2
FLAG 0.32937499999999997 -0.97728999999999999 0 2
FLAG 0.58865299999999998 -0.72757000000000005 0 2
FLAG 0.32227299999999998 -0.94987999999999995 0 2
FLAG 0.33747899999999997 -0.91517999999999999 0 2
FLAG 0.36215199999999997 -0.87221000000000004 0 2
FLAG 0.39310499999999998 -0.81935000000000002 0 2
FLAG 0.45149899999999998 -0.75685000000000002 0 2
FLAG 0.51127999999999996 -0.69877 0 2
FLAG 0.63940600000000003 -0.70440000000000003 0 2
FLAG 0.60741999999999996 -0.65847999999999995 0 2
FLAG 0.64668499999999995 -0.65391999999999995 0 2
FLAG 0.70359000000000005 -0.67447000000000001 0 2
FLAG 0.15626399999999999 -1.0557099999999999 0 2
FLAG 0.18701300000000001 -1.0486500000000001 0 2
FLAG 0.22764999999999999 -1.0408599999999999 0 2
FLAG 0.267702 -1.0308900000000001 0 2
FLAG 0.29749399999999998 -1.0203599999999999 0 2
FLAG 0.47278700000000001 1.068703 0 2
FLAG 0.499884 1.052586 0 2
FLAG 0.53241799999999995 1.0304770000000001 0 2
FLAG 0.57181199999999999 0.99859600000000004 0 2
FLAG 0.61962499999999998 0.949959 0 2
FLAG 0.67124499999999998 0.88116000000000005 0 2
FLAG 0.72626400000000002 0.78557900000000003 0 2
FLAG 0.70168399999999997 0.64605299999999999 0 2
FLAG 0.63044500000000003 0.62854399999999999 0 2
FLAG 0.50229500000000005 0.69837199999999999 0 2
FLAG 0.441942 0.78452 0 2
FLAG 0.39699899999999999 0.87056100000000003 0 2
FLAG 0.38494899999999999 0.94371000000000005 0 2
FLAG 0.39565099999999997 0.99932500000000002 0 2
FLAG 0.41324 1.038597 0 2
FLAG 0.43238700000000002 1.0650029999999999 0 2
FLAG 0.43991999999999998 1.0091859999999999 0 2
FLAG 0.43834200000000001 0.97175999999999996 0 2
FLAG 0.43994499999999997 0.91783700000000001 0 2
FLAG 0.55435500000000004 0.79758700000000005 0 2
FLAG 0.62538499999999997 0.72767999999999999 0 2
FLAG 0.54644599999999999 0.93533699999999997 0 2
FLAG 0.45228000000000002 1.059013 0 2
FLAG 0.57825499999999996 0.87789700000000004 0 2
FLAG 0.48901699999999998 0.86882000000000004 0 2
FLAG 0.52019700000000002 0.98299499999999995 0 2
FLAG 0.48543700000000001 1.007139 0 2
FLAG 0.46989500000000001 1.0380259999999999 0 2
FLAG 0.44300099999999998 1.0381359999999999 0 2
FLAG 0.48564400000000002 0.94460999999999995 0 2
FLAG 0.094087000000000004 1.2103079999999999 0 2
FLAG 0.072373999999999994 1.1960010000000001 0 2
FLAG 0.045039000000000003 1.176887 0 2
FLAG 0.016263 1.1465730000000001 0 2
FLAG -0.010160000000000001 1.112355 0 2
FLAG -0.031 1.084414 0 2
FLAG 0.0077879999999999998 -0.93413999999999997 0 2
FLAG 0.043890999999999999 -0.97345000000000004 0 2
FLAG 0.076039999999999996 -1.00407 0 2
FLAG 0.10309699999999999 -1.0265599999999999 0 2
FLAG 0.12342500000000001 -1.04454 0 2
FLAG 0.047697999999999997 1.472933 0 2
FLAG 0.070833999999999994 1.404234 0 2
FLAG 0.080018000000000006 1.348625 0 2
FLAG 0.088300000000000003 1.305407 0 2
FLAG 0.099551000000000001 1.2720880000000001 0 2
FLAG 0.107821 1.2465839999999999 0 2
FLAG 0.43228100000000003 1.0897479999999999 0 2
FLAG 0.40654499999999999 1.1016170000000001 0 2
FLAG 0.37300800000000001 1.1157379999999999 0 2
FLAG 0.329397 1.1324939999999999 0 2
FLAG 0.27472299999999999 1.152558 0 2
FLAG 0.22220599999999999 1.173087 0 2
FLAG 0.181501 1.190977 0 2
FLAG 0.15068100000000001 1.2058169999999999 0 2
FLAG 0.126108 1.217991 0 2
FLAG 0.12922600000000001 -1.08586 0 2
FLAG 0.112413 -1.1123400000000001 0 2
FLAG 0.089386999999999994 -1.14673 0 2
FLAG 0.066349000000000005 -1.1960500000000001 0 2
FLAG 0.042576999999999997 -1.2637400000000001 0 2
FLAG 0.0078810000000000009 -1.3509599999999999 0 2
FLAG -0.027150000000000001 -1.4482699999999999 0 2
FLAG 0.54721399999999998 -0.53581000000000001 0 2
FLAG 0.58679000000000003 -0.45172000000000001 0 2
FLAG 0.63117400000000001 -0.35441 0 2
FLAG 0.679512 -0.23257 0 2
FLAG 0.69388399999999995 -0.066309999999999994 0 2
FLAG 0.67606599999999994 0.133551 0 2
FLAG 0.65013799999999999 0.31717600000000001 0 2
FLAG 0.62587899999999996 0.45801199999999997 0 2
FLAG 0.59722299999999995 0.56360900000000003 0 2
FLAG 0.81521100000000002 0.59099599999999997 0 2
FLAG 0.86981699999999995 0.46396900000000002 0 2
FLAG 0.932535 0.30301099999999997 0 2
FLAG 0.97938599999999998 0.109722 0 2
FLAG 1.005665 -0.090029999999999999 0 2
FLAG 1.0222100000000001 -0.26150000000000001 0 2
FLAG 0.99106499999999997 -0.39017000000000002 0 2
FLAG 0.935701 -0.47694999999999999 0 2
FLAG 0.88375400000000004 -0.53727999999999998 0 2
FLAG 0.840808 -0.58125000000000004 0 2
FLAG 0.80657900000000005 -0.61409999999999998 0 2
FLAG 0.77971000000000001 -0.63898999999999995 0 2
FLAG 0.75877899999999998 -0.65798000000000001 0 2
FLAG 0.73526800000000003 -0.65097000000000005 0 2
FLAG 0.67401599999999995 -0.43271999999999999 0 2
FLAG 0.61992599999999998 -0.54449000000000003 0 2
FLAG 0.67823900000000004 -0.57665999999999995 0 2
FLAG 0.71581099999999998 -0.60938999999999999 0 2
FLAG 0.67913800000000002 0.55789800000000001 0 2
FLAG 0.76265799999999995 0.39711299999999999 0 2
FLAG 0.74040300000000003 0.50455000000000005 0 2
FLAG 0.83635899999999996 -0.19183 0 2
FLAG 0.75743499999999997 -0.34221000000000001 0 2
FLAG 0.8337 -0.01247 0 2
FLAG 0.85455899999999996 -0.47186 0 2
FLAG 0.88958599999999999 -0.30601 0 2
FLAG 0.87369300000000005 -0.39537 0 2
FLAG 0.81540000000000001 -0.52119000000000004 0 2
FLAG 0.78761599999999998 -0.56937000000000004 0 2
FLAG 0.76275800000000005 -0.60506000000000004 0 2
FLAG 0.74569799999999997 -0.63171999999999995 0 2
FLAG 0.73078399999999999 -0.56840999999999997 0 2
FLAG 0.79076500000000005 -0.43289 0 2
FLAG 0.75322999999999996 -0.51859999999999995 0 2
FLAG 0.67831799999999998 -0.51422000000000001 0 2
FLAG 0.73097199999999996 -0.45673000000000002 0 2
FLAG 0.106266 1.0081929999999999 0 2
FLAG 0.50209599999999999 0.59200600000000003 0 2
FLAG 0.33519399999999999 0.812554 0 2
FLAG 0.344609 -0.62856000000000001 0 2
FLAG 0.43361100000000002 -0.55528999999999995 0 2
FLAG 0.52390499999999995 -0.36682999999999999 0 2
FLAG 0.27166899999999999 -0.73053000000000001 0 2
FLAG 0.24116199999999999 -0.99956999999999996 0 2
FLAG 0.275509 -0.99519000000000002 0 2
FLAG 0.25143199999999999 -0.90688000000000002 0 2
FLAG 0.25684600000000002 -0.83489000000000002 0 2
FLAG 0.258994 -0.95701999999999998 0 2
FLAG 0.19662499999999999 -1.01078 0 2
FLAG 0.15989600000000001 -1.02776 0 2
FLAG 0.13301199999999999 -1.01756 0 2
FLAG 0.11633400000000001 -0.99016000000000004 0 2
FLAG 0.32966400000000001 0.91066800000000003 0 2
FLAG 0.065526000000000001 -0.91657999999999995 0 2
FLAG 0.093395000000000006 -0.96008000000000004 0 2
FLAG 0.124996 -0.87692999999999999 0 2
FLAG 0.47414299999999998 -0.46854000000000001 0 2
FLAG 0.19478799999999999 -0.81015999999999999 0 2
FLAG 0.34667100000000001 0.98525799999999997 0 2
FLAG 0.370977 1.038502 0 2
FLAG 0.25437100000000001 0.89481999999999995 0 2
FLAG 0.39794400000000002 1.0733459999999999 0 2
FLAG 0.0049389999999999998 1.066716 0 2
FLAG 0.051202999999999999 1.0411550000000001 0 2
FLAG 0.036943999999999998 1.096587 0 2
FLAG 0.065041000000000002 1.13283 0 2
FLAG 0.110676 1.187479 0 2
FLAG 0.081610000000000002 1.1660680000000001 0 2
FLAG 0.14511599999999999 1.169743 0 2
FLAG 0.18141099999999999 0.96599400000000002 0 2
FLAG 0.17971899999999999 1.144404 0 2
FLAG 0.22125900000000001 1.108698 0 2
FLAG 0.286881 1.0857479999999999 0 2
FLAG 0.34646700000000002 1.078951 0 2
FLAG 0.097142999999999993 1.0833630000000001 0 2
FLAG 0.14304800000000001 -0.93969999999999998 0 2
FLAG 0.207818 -0.95928999999999998 0 2
FLAG 0.197577 -0.89241000000000004 0 2
FLAG 0.27957100000000001 0.97386799999999996 0 2
FLAG 0.31382199999999999 1.0311900000000001 0 2
FLAG 0.23575099999999999 1.035385 0 2
FLAG 0.16023899999999999 1.094125 0 2
FLAG 0.132992 1.1237809999999999 0 2
FLAG 0.108483 1.145295 0 2
FLAG 0.159139 -0.98741000000000001 0 2
FLAG 0.16444900000000001 1.047334 0 2
FLAG -0.045190000000000001 1.544764 0 2
FLAG -0.14863000000000001 1.5369299999999999 0 2
FLAG -0.2792 1.517971 0 2
FLAG -0.43780999999999998 1.4783550000000001 0 2
FLAG -0.61606000000000005 1.4083220000000001 0 2
FLAG -0.79493000000000003 1.3118080000000001 0 2
FLAG -0.96501999999999999 1.1989890000000001 0 2
FLAG -1.1247 1.0719160000000001 0 2
FLAG -1.2647200000000001 0.92377699999999996 0 2
FLAG -1.3630500000000001 0.74571399999999999 0 2
FLAG -1.41083 0.54762500000000003 0 2
FLAG -1.45201 0.13204099999999999 0 2
FLAG -1.47454 -0.080269999999999994 0 2
FLAG -1.4806600000000001 -0.29349999999999998 0 2
FLAG -1.43618 -0.50124000000000002 0 2
FLAG -1.3208599999999999 -0.67988999999999999 0 2
FLAG -1.1776800000000001 -0.83825000000000005 0 2
FLAG -1.0343899999999999 -0.99653000000000003 0 2
FLAG -0.88451999999999997 -1.1484700000000001 0 2
FLAG -0.71491000000000005 -1.2776400000000001 0 2
FLAG -0.53347999999999995 -1.3779699999999999 0 2
FLAG -0.37108999999999998 -1.4484999999999999 0 2
FLAG -0.2432 -1.49092 0 2
FLAG -0.14176 -1.5139400000000001 0 2
FLAG 0.11897000000000001 1.5445580000000001 0 2
FLAG 0.221003 1.5350269999999999 0 2
FLAG 0.33359100000000003 1.5136909999999999 0 2
FLAG 0.45166800000000001 1.4762599999999999 0 2
FLAG 0.56693400000000005 1.422005 0 2
FLAG 0.67311699999999997 1.354903 0 2
FLAG 0.77329199999999998 1.2765789999999999 0 2
FLAG 0.87326099999999995 1.1854370000000001 0 2
FLAG 0.98175500000000004 1.075423 0 2
FLAG 1.1080540000000001 0.93767299999999998 0 2
FLAG 1.239201 0.77522199999999997 0 2
FLAG 1.3502829999999999 0.59645999999999999 0 2
FLAG 1.4368430000000001 0.40461200000000003 0 2
FLAG 1.4951159999999999 0.20244300000000001 0 2
FLAG 1.5178480000000001 -0.0066699999999999997 0 2
FLAG 1.5070749999999999 -0.21684999999999999 0 2
FLAG 1.470048 -0.42405999999999999 0 2
FLAG 1.4084490000000001 -0.62260000000000004 0 2
FLAG 1.324797 -0.80169000000000001 0 2
FLAG 1.2203850000000001 -0.95625000000000004 0 2
FLAG 1.0923099999999999 -1.08562 0 2
FLAG 0.941855 -1.1874800000000001 0 2
FLAG 0.78440200000000004 -1.2646999999999999 0 2
FLAG 0.63853400000000005 -1.3271599999999999 0 2
FLAG 0.50521099999999997 -1.3842300000000001 0 2
FLAG 0.37647700000000001 -1.4386099999999999 0 2
FLAG 0.24365400000000001 -1.4867300000000001 0 2
FLAG 0.117699 -1.5166999999999999 0 2
FLAG 0.016154000000000002 -1.5261499999999999 0 2
FLAG 0.26812799999999998 1.440685 0 2
FLAG 0.12864400000000001 1.2626679999999999 0 2
FLAG 0.134904 1.4577260000000001 0 2
FLAG 0.13079299999999999 1.382514 0 2
FLAG 0.12795799999999999 1.293795 0 2
FLAG 0.12768699999999999 1.33067 0 2
FLAG 1.2235450000000001 0.24227899999999999 0 2
FLAG 1.1675770000000001 -0.1749 0 2
FLAG 1.216296 -0.64890999999999999 0 2
FLAG 1.2751349999999999 -0.48383999999999999 0 2
FLAG 1.152841 -0.80305000000000004 0 2
FLAG 1.062853 -0.93033999999999994 0 2
FLAG 1.305795 -0.29936000000000001 0 2
FLAG 0.55052999999999996 -0.93820999999999999 0 2
FLAG 0.39293899999999998 -1.00857 0 2
FLAG 0.122416 -1.18441 0 2
FLAG 0.27453300000000003 -1.35595 0 2
FLAG 0.15809799999999999 -1.4023300000000001 0 2
FLAG 0.054366999999999999 -1.4297500000000001 0 2
FLAG 0.52319599999999999 -1.25604 0 2
FLAG 0.098649000000000001 -1.32748 0 2
FLAG 1.2031970000000001 0.41444300000000001 0 2
FLAG 1.26309 0.056403000000000002 0 2
FLAG 0.116201 -1.2469600000000001 0 2
FLAG 0.94283099999999997 -1.0315799999999999 0 2
FLAG 0.40157300000000001 -1.31816 0 2
FLAG 1.1362639999999999 0.60753100000000004 0 2
FLAG 0.210782 -1.08005 0 2
FLAG 0.14849000000000001 -1.07924 0 2
FLAG 0.14777299999999999 -1.1070899999999999 0 2
FLAG 0.173785 -1.0803100000000001 0 2
FLAG 0.137129 -1.14059 0 2
FLAG 0.258884 -1.0682100000000001 0 2
FLAG 0.29449399999999998 -1.0496700000000001 0 2
FLAG 0.31894400000000001 -1.0345599999999999 0 2
FLAG 0.33654000000000001 -1.0252399999999999 0 2
FLAG 0.36086099999999999 -1.0186900000000001 0 2
FLAG 0.65586100000000003 -1.1875500000000001 0 2
FLAG 0.43397599999999997 -0.99250000000000005 0 2
FLAG 0.48659799999999997 -0.97170000000000001 0 2
FLAG 1.0241610000000001 0.75896300000000005 0 2
FLAG 0.79323999999999995 -1.1026499999999999 0 2
FLAG 0.62044600000000005 -0.87666999999999995 0 2
FLAG 0.66239700000000001 -0.81891999999999998 0 2
FLAG 0.69339499999999998 -0.77453000000000005 0 2
FLAG 0.71777400000000002 -0.74021000000000003 0 2
FLAG 0.73809400000000003 -0.71314 0 2
FLAG 0.75014899999999995 -0.69389999999999996 0 2
FLAG 0.76326700000000003 -0.68117000000000005 0 2
FLAG 0.784327 -0.6704 0 2
FLAG 0.81309299999999995 -0.65471999999999997 0 2
FLAG 0.85018099999999996 -0.63368000000000002 0 2
FLAG 0.89810999999999996 -0.60438999999999998 0 2
FLAG 0.96079800000000004 -0.56203999999999998 0 2
FLAG 1.0335540000000001 -0.48836000000000002 0 2
FLAG 1.128436 -0.36914000000000002 0 2
FLAG 0.92453200000000002 0.91212099999999996 0 2
FLAG 1.338179 -0.1084 0 2
FLAG 0.827542 1.043037 0 2
FLAG 1.0316270000000001 0.45049400000000001 0 2
FLAG 0.75142900000000001 1.160949 0 2
FLAG 0.95510700000000004 0.59162700000000001 0 2
FLAG 0.65825900000000004 1.2410140000000001 0 2
FLAG 0.88662799999999997 0.688384 0 2
FLAG 0.85161600000000004 0.78463400000000005 0 2
FLAG 0.57181700000000002 1.3135540000000001 0 2
FLAG 0.784883 0.90319300000000002 0 2
FLAG 0.71070699999999998 0.97841 0 2
FLAG 0.46971400000000002 1.3633409999999999 0 2
FLAG 0.63783599999999996 1.0228250000000001 0 2
FLAG 0.578704 1.054991 0 2
FLAG 0.53446800000000005 1.0752949999999999 0 2
FLAG 0.499002 1.086703 0 2
FLAG 0.47171600000000002 1.095323 0 2
FLAG 0.45340599999999998 1.1036090000000001 0 2
FLAG 0.36289100000000002 1.4023650000000001 0 2
FLAG 0.43410500000000002 1.1195839999999999 0 2
FLAG 0.40745100000000001 1.139883 0 2
FLAG 0.26539000000000001 1.2156750000000001 0 2
FLAG 0.37231500000000001 1.1647510000000001 0 2
FLAG 0.32735500000000001 1.1952229999999999 0 2
FLAG 0.215332 1.2241200000000001 0 2
FLAG 0.17617099999999999 1.2313559999999999 0 2
FLAG 0.14243500000000001 1.237681 0 2
FLAG 0.71621500000000005 1.071898 0 2
FLAG 0.18395 -1.1173999999999999 0 2
FLAG 0.18537400000000001 -1.3022199999999999 0 2
FLAG 1.1350150000000001 -0.52025999999999994 0 2
FLAG 0.16004099999999999 1.267711 0 2
FLAG 0.19867000000000001 1.2703500000000001 0 2
FLAG 0.38234899999999999 1.229347 0 2
FLAG 0.247195 1.2772479999999999 0 2
FLAG 0.31399300000000002 1.26956 0 2
FLAG 0.41995199999999999 1.1884239999999999 0 2
FLAG 0.44805600000000001 1.155516 0 2
FLAG 0.46759200000000001 1.130687 0 2
FLAG 0.49199100000000001 1.118333 0 2
FLAG 0.52940100000000001 1.120743 0 2
FLAG 0.57693399999999995 1.112376 0 2
FLAG 0.63293299999999997 1.0887039999999999 0 2
FLAG 0.38954499999999997 1.30931 0 2
FLAG 0.49375000000000002 1.28077 0 2
FLAG 0.57194400000000001 1.235911 0 2
FLAG 0.65284200000000003 1.1525730000000001 0 2
FLAG 1.054816 -0.60060999999999998 0 2
FLAG 0.96872400000000003 -0.64580000000000004 0 2
FLAG 0.90251199999999998 -0.67176000000000002 0 2
FLAG 0.85001099999999996 -0.68437000000000003 0 2
FLAG 0.81061099999999997 -0.69491999999999998 0 2
FLAG 0.77704700000000004 -0.70518999999999998 0 2
FLAG 0.76053000000000004 -0.73870000000000002 0 2
FLAG 0.74514999999999998 -0.77654000000000001 0 2
FLAG 0.72668699999999997 -0.82347000000000004 0 2
FLAG 0.69919399999999998 -0.88707999999999998 0 2
FLAG 0.47596500000000003 -1.03521 0 2
FLAG 0.65707700000000002 -1.0689299999999999 0 2
FLAG 0.34860200000000002 -1.0510200000000001 0 2
FLAG 0.32311400000000001 -1.06297 0 2
FLAG 0.29637799999999997 -1.08897 0 2
FLAG 0.24527499999999999 -1.1092500000000001 0 2
FLAG 0.83240199999999998 -0.97238000000000002 0 2
FLAG 0.41792699999999999 -1.2269000000000001 0 2
FLAG 0.54609399999999997 -1.1534599999999999 0 2
FLAG 0.32158999999999999 -1.26641 0 2
FLAG 0.17404600000000001 -1.1664699999999999 0 2
FLAG 0.17419599999999999 -1.22017 0 2
FLAG 0.423373 -1.0431900000000001 0 2
FLAG 0.37875700000000001 -1.0509900000000001 0 2
FLAG 0.63697800000000004 -0.96653 0 2
FLAG 0.55157900000000004 -1.03162 0 2
FLAG 0.941492 -0.90558000000000005 0 2
FLAG 1.02216 -0.81345999999999996 0 2
FLAG 1.08083 -0.69079999999999997 0 2
FLAG 0.17007800000000001 1.306203 0 2
FLAG 0.17652000000000001 1.3512090000000001 0 2
FLAG 0.202319 1.4104509999999999 0 2
FLAG 0.28545399999999999 1.3512040000000001 0 2
FLAG 0.737792 -0.97557000000000005 0 2
FLAG 0.97753400000000001 -0.72792999999999997 0 2
FLAG 0.57821900000000004 1.171165 0 2
FLAG 0.219996 1.3297060000000001 0 2
FLAG 0.44516499999999998 1.2486600000000001 0 2
FLAG 0.92044899999999996 -0.80778000000000005 0 2
FLAG 0.39651199999999998 -1.08755 0 2
FLAG 0.230354 -1.1860900000000001 0 2
FLAG 0.24038999999999999 -1.2501899999999999 0 2
FLAG 0.35664200000000001 -1.1963999999999999 0 2
FLAG 0.84937399999999996 -0.86880999999999997 0 2
FLAG 0.223112 -1.1429800000000001 0 2
FLAG 0.29147699999999999 -1.13734 0 2
FLAG 0.34445799999999999 -1.09531 0 2
FLAG 0.50865700000000003 -1.0971500000000001 0 2
FLAG 0.44865100000000002 -1.09731 0 2
FLAG 0.77516499999999999 -0.88273000000000001 0 2
FLAG 0.78981400000000002 -0.81633999999999995 0 2
FLAG 0.79601900000000003 -0.76959 0 2
FLAG 0.79861000000000004 -0.73268999999999995 0 2
FLAG 0.83727799999999997 -0.73336999999999997 0 2
FLAG 0.89078299999999999 -0.73441999999999996 0 2
FLAG 0.51464799999999999 1.2128699999999999 0 2
FLAG 0.504633 1.1579699999999999 0 2
FLAG 0.46983599999999998 1.1955659999999999 0 2
FLAG 0.46680300000000002 -1.17123 0 2
FLAG 0.84933599999999998 -0.79049000000000003 0 2
FLAG 0.39982800000000002 -1.1411100000000001 0 2
FLAG 0.29415799999999998 -1.1953499999999999 0 2
FLAG 0.343636 -1.1440399999999999 0 2
FLAG -1.22054 -0.50500999999999996 0 2
FLAG -0.059200000000000003 1.114028 0 2
FLAG 0.081324999999999995 1.23519 0 2
FLAG -0.0022300000000000002 1.197255 0 2
FLAG -0.18140999999999999 1.4194770000000001 0 2
FLAG -0.036729999999999999 1.1547050000000001 0 2
FLAG -0.098769999999999997 1.1457029999999999 0 2
FLAG 0.044083999999999998 1.2153320000000001 0 2
FLAG -0.46983999999999998 1.2728710000000001 0 2
FLAG -0.02172 -0.99104999999999999 0 2
FLAG -0.93042000000000002 -0.76549999999999996 0 2
FLAG -0.086069999999999994 -0.97775000000000001 0 2
FLAG -0.29964000000000002 -1.0382199999999999 0 2
FLAG -0.17455000000000001 -1.01203 0 2
FLAG 0.108221 -1.0620700000000001 0 2
FLAG 0.075351000000000001 -1.04077 0 2
FLAG 0.033833000000000002 -1.02891 0 2
FLAG 0.100342 -1.08464 0 2
FLAG 0.073754 -1.1080099999999999 0 2
FLAG -0.48529 -1.02511 0 2
FLAG 0.038788999999999997 -1.1452800000000001 0 2
FLAG -0.0028700000000000002 -1.19808 0 2
FLAG -0.041520000000000001 -1.26552 0 2
FLAG -0.1265 -1.41605 0 2
FLAG -0.77556999999999998 -0.91325999999999996 0 2
FLAG -0.25372 -1.35893 0 2
FLAG -0.37578 -1.2827900000000001 0 2
FLAG -0.52863000000000004 -1.1852100000000001 0 2
FLAG -0.67601999999999995 -1.0584199999999999 0 2
FLAG -1.24214 -0.10120999999999999 0 2
FLAG -1.2343200000000001 0.15903800000000001 0 2
FLAG -1.0452600000000001 -0.57323999999999997 0 2
FLAG -1.2105900000000001 0.39738400000000001 0 2
FLAG -1.1016900000000001 -0.33138000000000001 0 2
FLAG -1.16266 0.64301299999999995 0 2
FLAG -1.28996 -0.32811000000000001 0 2
FLAG -1.0370699999999999 0.85101000000000004 0 2
FLAG -0.87133000000000005 1.0464850000000001 0 2
FLAG -0.65659999999999996 1.175271 0 2
FLAG -0.23519999999999999 1.1973990000000001 0 2
FLAG -0.34316999999999998 1.2260819999999999 0 2
FLAG -0.30918000000000001 1.367356 0 2
FLAG -0.15393999999999999 1.1768419999999999 0 2
FLAG -0.0040200000000000001 1.411926 0 2
FLAG -0.071809999999999999 1.4532320000000001 0 2
FLAG 0.019720000000000001 1.3596969999999999 0 2
FLAG 0.042618999999999997 1.3142450000000001 0 2
FLAG 0.064906000000000005 1.273153 0 2
FLAG -0.35042000000000001 -1.1357299999999999 0 2
FLAG -0.24496999999999999 1.2785420000000001 0 2
FLAG -0.075020000000000003 1.2040869999999999 0 2
FLAG 0.020386999999999999 1.2733909999999999 0 2
FLAG -0.01485 1.310392 0 2
FLAG -0.071609999999999993 1.3618779999999999 0 2
FLAG -0.15401999999999999 1.2480899999999999 0 2
FLAG -0.22955999999999999 -1.2202900000000001 0 2
FLAG -0.12761 -1.2951600000000001 0 2
FLAG -0.098280000000000006 -1.1797500000000001 0 2
FLAG -0.026009999999999998 -1.127 0 2
FLAG 0.030040000000000001 -1.0903499999999999 0 2
FLAG 0.069714999999999999 -1.0685199999999999 0 2
FLAG -0.19445000000000001 -1.1154999999999999 0 2
FLAG -0.093429999999999999 -1.0637099999999999 0 2
FLAG -0.01528 -1.0581499999999999 0 2
FLAG 0.011029000000000001 1.238273 0 2
FLAG -0.03252 1.2497180000000001 0 2
FLAG 0.050768000000000001 1.2446710000000001 0 2
FLAG -0.082460000000000006 1.282087 0 2
FLAG -0.16255 1.3298509999999999 0 2
FLAG -1.61113 0.47228100000000001 0 2
FLAG -1.6349 0.262183 0 2
FLAG -1.8728499999999999 0.055105000000000001 0 14
FLAG -1.8358699999999999 0.23642299999999999 0 2
FLAG 0.87995400000000001 -1.6578900000000001 0 2
FLAG 0.88735399999999998 -1.41208 0 2
FLAG 1.6752880000000001 -0.88824000000000003 0 2
FLAG 1.5844469999999999 -1.0544500000000001 0 2
FLAG 1.809399 -0.50907999999999998 0 2
FLAG 1.7505170000000001 -0.70303000000000004 0 2
FLAG -1.7602 0.64213500000000001 0 2
FLAG -1.70499 0.83701800000000004 0 2
FLAG -1.55324 1.152819 0 2
FLAG -1.4276800000000001 1.300027 0 2
FLAG -1.66021 1.011619 0 2
FLAG -1.4838199999999999 0.92683000000000004 0 2
FLAG -1.5622400000000001 0.69615700000000003 0 2
FLAG -1.3360300000000001 1.1201509999999999 0 2
FLAG -1.3028599999999999 1.436839 0 2
FLAG -1.1474899999999999 1.540977 0 2
FLAG -1.1702600000000001 1.2903150000000001 0 2
FLAG -0.98956999999999995 1.4196260000000001 0 2
FLAG -0.79983000000000004 1.5334749999999999 0 2
FLAG -0.97872000000000003 1.6526019999999999 0 2
FLAG -0.81049000000000004 1.741749 0 2
FLAG -0.64207999999999998 1.8246830000000001 0 2
FLAG -0.45644000000000001 1.857121 0 2
FLAG 1.8669089999999999 0.044077999999999999 0 14
FLAG 1.862055 -0.14804 0 2
FLAG 1.7622869999999999 0.20149800000000001 0 2
FLAG 1.694814 -0.044019999999999997 0 2
FLAG 1.4756069999999999 -1.2053199999999999 0 2
FLAG 1.361985 -1.3515999999999999 0 2
FLAG 1.630517 -0.50936000000000003 0 2
FLAG 1.685011 -0.28606999999999999 0 2
FLAG -1.8041100000000001 0.43603700000000001 0 2
FLAG -1.66557 -0.18565999999999999 0 2
FLAG -1.6381399999999999 -0.41328999999999999 0 2
FLAG 1.209732 -1.46075 0 2
FLAG 1.0496160000000001 -1.32087 0 2
FLAG 1.2178119999999999 -1.2137500000000001 0 2
FLAG 1.053294 -1.5682 0 2
FLAG -0.58964000000000005 1.6309670000000001 0 2
FLAG -1.8614299999999999 -0.12407 0 14
FLAG -1.6693199999999999 0.043212 0 2
FLAG -1.6865300000000001 -0.61387999999999998 0 2
FLAG -1.8145500000000001 -0.48308000000000001 0 2
FLAG -1.84169 -0.31191999999999998 0 2
FLAG 1.8597410000000001 -0.33349000000000001 0 2
FLAG 1.463654 -0.90054000000000001 0 2
FLAG 1.5562830000000001 -0.71721000000000001 0 2
FLAG 1.3513139999999999 -1.0622400000000001 0 2
FLAG 0.287134 1.872471 0 2
FLAG -0.26524999999999999 1.881643 0 2
FLAG -0.071959999999999996 1.9280900000000001 0 13
FLAG 0.104756 1.901697 0 2
FLAG 1.0756460000000001 1.3105279999999999 0 2
FLAG 1.350382 1.040726 0 2
FLAG 1.641662 0.572376 0 2
FLAG 1.5812219999999999 0.74707299999999999 0 2
FLAG 1.7141379999999999 0.38861699999999999 0 2
FLAG 1.465822 0.88315200000000005 0 2
FLAG 0.70336500000000002 -1.7159599999999999 0 2
FLAG 0.531918 -1.7922400000000001 0 2
FLAG 0.055474999999999997 -1.6193599999999999 0 2
FLAG 0.95054499999999997 1.479668 0 2
FLAG -0.57948 -1.69607 0 2
FLAG -0.71987000000000001 -1.56281 0 2
FLAG -1.2712300000000001 -1.0622400000000001 0 2
FLAG -0.38407999999999998 -1.7493799999999999 0 2
FLAG -1.4106099999999999 -0.90276000000000001 0 2
FLAG -1.5520799999999999 -0.74709000000000003 0 2
FLAG 1.2162440000000001 1.1834439999999999 0 2
FLAG 0.44237900000000002 1.8003929999999999 0 2
FLAG 0.026741999999999998 1.6266400000000001 0 2
FLAG -0.08788 1.6418509999999999 0 2
FLAG -0.22026999999999999 1.6685970000000001 0 2
FLAG -0.19170000000000001 -1.82121 0 2
FLAG -1.0016499999999999 -1.3654900000000001 0 2
FLAG -0.88549999999999995 -1.4974400000000001 0 2
FLAG -0.01745 -1.85304 0 2
FLAG 0.346308 -1.8241000000000001 0 2
FLAG -1.1440699999999999 -1.22542 0 2
FLAG -0.49360999999999999 -1.5609200000000001 0 2
FLAG -0.33276 -1.5903400000000001 0 2
FLAG -0.19375000000000001 -1.5976399999999999 0 2
FLAG -0.10592 -1.59049 0 2
FLAG -0.033590000000000002 -1.59589 0 2
FLAG 0.17338200000000001 -1.8528199999999999 0 2
FLAG 0.198819 -1.6510899999999999 0 2
FLAG 0.36193799999999998 -1.61673 0 2
FLAG 0.50812299999999999 -1.56599 0 2
FLAG 0.62655700000000003 -1.49891 0 2
FLAG 0.77214499999999997 1.6002780000000001 0 2
FLAG 0.60648500000000005 1.7169300000000001 0 2
FLAG 0.91159699999999999 1.3164849999999999 0 2
FLAG 0.801701 1.4168970000000001 0 2
FLAG 0.68027800000000005 1.4856009999999999 0 2
FLAG 0.56787200000000004 1.5632980000000001 0 2
FLAG 0.15559200000000001 1.634773 0 2
FLAG 0.43266300000000002 1.620239 0 2
FLAG 0.29656100000000002 1.660898 0 2
FLAG 0.75876200000000005 -1.4737199999999999 0 2
FLAG -0.38057000000000002 1.671351 0 2
FLAG -0.23163 -1.6965699999999999 0 2
FLAG -0.1293 1.7794700000000001 0 2
FLAG 0.191853 1.7561329999999999 0 2
FLAG -0.078070000000000001 -1.6941999999999999 0 2
FLAG 0.067177000000000001 -1.7332700000000001 0 2
FLAG -0.011180000000000001 1.757485 0 2
FLAG 0.081192 1.729247 0 2
FLAG 0.31936399999999998 -1.0107299999999999 0.5 3
FLAG 0.74253899999999995 -0.67254999999999998 0.5 3
FLAG 0.50693200000000005 -0.61445000000000005 0.5 3
FLAG 0.13347999999999999 -1.0628 0.5 3
FLAG 0.77262699999999995 0.68815800000000005 0.5 3
FLAG 0.45203300000000002 1.079888 0.5 3
FLAG 0.56817600000000001 0.64212100000000005 0.5 3
FLAG 0.106771 1.2259709999999999 0.5 3
FLAG 0.035153999999999998 1.546724 0.5 3
FLAG -0.06225 -1.524 0.5 3
FLAG -1.43177 0.34457100000000002 0.5 3
FLAG 0.33867900000000001 -1.00092 0.5 3
FLAG 0.36396699999999998 -0.98640000000000005 0.5 3
FLAG 0.39422800000000002 -0.96679999999999999 0.5 3
FLAG 0.43166199999999999 -0.93981999999999999 0.5 3
FLAG 0.47944799999999999 -0.90203999999999995 0.5 3
FLAG 0.53867900000000002 -0.85194999999999999 0.5 3
FLAG 0.59747700000000004 -0.80057999999999996 0.5 3
FLAG 0.64326700000000003 -0.76027 0.5 3
FLAG 0.67818299999999998 -0.72950999999999999 0.5 3
FLAG 0.705376 -0.70552999999999999 0.5 3
FLAG 0.72635499999999997 -0.68696000000000002 0.5 3
FLAG 0.72449699999999995 -0.66203999999999996 0.5 3
FLAG 0.70419299999999996 -0.64422999999999997 0.5 3
FLAG 0.67626500000000001 -0.62372000000000005 0.5 3
FLAG 0.63537500000000002 -0.60636000000000001 0.5 3
FLAG 0.57870200000000005 -0.60026000000000002 0.5 3
FLAG 0.42442600000000003 -0.66554000000000002 0.5 3
FLAG 0.360981 -0.74473 0.5 3
FLAG 0.32064500000000001 -0.81772999999999996 0.5 3
FLAG 0.30048599999999998 -0.87992999999999999 0.5 3
FLAG 0.29337299999999999 -0.92871999999999999 0.5 3
FLAG 0.294881 -0.96709999999999996 0.5 3
FLAG 0.30391099999999999 -0.99480000000000002 0.5 3
FLAG 0.35832000000000003 -0.95150999999999997 0.5 3
FLAG 0.58764700000000003 -0.72865000000000002 0.5 3
FLAG 0.636046 -0.70743999999999996 0.5 3
FLAG 0.67366899999999996 -0.69006999999999996 0.5 3
FLAG 0.69861899999999999 -0.67227000000000003 0.5 3
FLAG 0.53017800000000004 -0.77088999999999996 0.5 3
FLAG 0.46130900000000002 -0.83135999999999999 0.5 3
FLAG 0.41666999999999998 -0.88277000000000005 0.5 3
FLAG 0.38328499999999999 -0.92118 0.5 3
FLAG 0.65544899999999995 -0.65642 0.5 3
FLAG 0.33128999999999997 -0.97667999999999999 0.5 3
FLAG 0.60977199999999998 -0.65930999999999995 0.5 3
FLAG 0.56297200000000003 -0.66554999999999997 0.5 3
FLAG 0.51092599999999999 -0.69818999999999998 0.5 3
FLAG 0.44910299999999997 -0.75697999999999999 0.5 3
FLAG 0.390706 -0.82050000000000001 0.5 3
FLAG 0.35800599999999999 -0.87334999999999996 0.5 3
FLAG 0.33643299999999998 -0.91586999999999996 0.5 3
FLAG 0.32351200000000002 -0.94989999999999997 0.5 3
FLAG 0.29749399999999998 -1.0203599999999999 0.5 3
FLAG 0.267702 -1.0308900000000001 0.5 3
FLAG 0.22764999999999999 -1.0408599999999999 0.5 3
FLAG 0.18701300000000001 -1.0486500000000001 0.5 3
FLAG 0.15626399999999999 -1.0557099999999999 0.5 3
FLAG 0.72623899999999997 0.78562600000000005 0.5 3
FLAG 0.67114200000000002 0.88131700000000002 0.5 3
FLAG 0.618757 0.95095799999999997 0.5 3
FLAG 0.57171799999999995 0.99867899999999998 0.5 3
FLAG 0.53163400000000005 1.03105 0.5 3
FLAG 0.49882799999999999 1.0532509999999999 0.5 3
FLAG 0.472638 1.068786 0.5 3
FLAG 0.43232500000000001 1.064937 0.5 3
FLAG 0.41280699999999998 1.0378430000000001 0.5 3
FLAG 0.39549600000000001 0.998861 0.5 3
FLAG 0.38489899999999999 0.94250999999999996 0.5 3
FLAG 0.397567 0.86902699999999999 0.5 3
FLAG 0.44248500000000002 0.78365300000000004 0.5 3
FLAG 0.50217500000000004 0.69851700000000005 0.5 3
FLAG 0.630444 0.62854399999999999 0.5 3
FLAG 0.70168200000000003 0.64605199999999996 0.5 3
FLAG 0.54526699999999995 0.93558600000000003 0.5 3
FLAG 0.48404399999999997 1.012394 0.5 3
FLAG 0.46587899999999999 1.0393159999999999 0.5 3
FLAG 0.44705499999999998 1.053334 0.5 3
FLAG 0.51280499999999996 0.98250400000000004 0.5 3
FLAG 0.57616999999999996 0.877641 0.5 3
FLAG 0.62177199999999999 0.79761000000000004 0.5 3
FLAG 0.43993199999999999 1.01416 0.5 3
FLAG 0.44409399999999999 0.97328700000000001 0.5 3
FLAG 0.43834699999999999 0.91986100000000004 0.5 3
FLAG 0.486705 0.86807699999999999 0.5 3
FLAG 0.53487300000000004 0.79107300000000003 0.5 3
FLAG 0.61122299999999996 0.71129600000000004 0.5 3
FLAG 0.48591699999999999 0.93655100000000002 0.5 3
FLAG -0.031 1.084414 0.5 3
FLAG -0.010160000000000001 1.112355 0.5 3
FLAG 0.016263 1.1465730000000001 0.5 3
FLAG 0.045039000000000003 1.176887 0.5 3
FLAG 0.072373999999999994 1.1960010000000001 0.5 3
FLAG 0.094087000000000004 1.2103079999999999 0.5 3
FLAG 0.12342 -1.04454 0.5 3
FLAG 0.10310900000000001 -1.02657 0.5 3
FLAG 0.076233999999999996 -1.0042500000000001 0.5 3
FLAG 0.043762000000000002 -0.97333000000000003 0.5 3
FLAG 0.00777 -0.93411999999999995 0.5 3
FLAG 0.107821 1.2465839999999999 0.5 3
FLAG 0.099551000000000001 1.2720880000000001 0.5 3
FLAG 0.088300000000000003 1.305407 0.5 3
FLAG 0.080018000000000006 1.348625 0.5 3
FLAG 0.070833999999999994 1.404234 0.5 3
FLAG 0.047697999999999997 1.472933 0.5 3
FLAG 0.126108 1.217991 0.5 3
FLAG 0.15068100000000001 1.2058169999999999 0.5 3
FLAG 0.181501 1.190977 0.5 3
FLAG 0.22220599999999999 1.173087 0.5 3
FLAG 0.27472299999999999 1.152558 0.5 3
FLAG 0.329397 1.1324939999999999 0.5 3
FLAG 0.37300800000000001 1.1157379999999999 0.5 3
FLAG 0.40654499999999999 1.1016170000000001 0.5 3
FLAG 0.43228100000000003 1.0897479999999999 0.5 3
FLAG -0.027060000000000001 -1.4480299999999999 0.5 3
FLAG 0.0079039999999999996 -1.3509 0.5 3
FLAG 0.042441 -1.2641 0.5 3
FLAG 0.066576999999999997 -1.1954400000000001 0.5 3
FLAG 0.089595999999999995 -1.14638 0.5 3
FLAG 0.112349 -1.11243 0.5 3
FLAG 0.12921299999999999 -1.08588 0.5 3
FLAG 0.758768 -0.65798999999999996 0.5 3
FLAG 0.77968199999999999 -0.63900999999999997 0.5 3
FLAG 0.80652500000000005 -0.61414999999999997 0.5 3
FLAG 0.84071700000000005 -0.58133999999999997 0.5 3
FLAG 0.88361199999999995 -0.53742999999999996 0.5 3
FLAG 0.93550199999999994 -0.47721000000000002 0.5 3
FLAG 0.99085299999999998 -0.39061000000000001 0.5 3
FLAG 1.022192 -0.26222000000000001 0.5 3
FLAG 1.005806 -0.091079999999999994 0.5 3
FLAG 0.97959399999999996 0.10840900000000001 0.5 3
FLAG 0.932091 0.30433700000000002 0.5 3
FLAG 0.86915399999999998 0.465532 0.5 3
FLAG 0.81518299999999999 0.59106199999999998 0.5 3
FLAG 0.59731199999999995 0.56333900000000003 0.5 3
FLAG 0.62601600000000002 0.45737800000000001 0.5 3
FLAG 0.65017499999999995 0.31691900000000001 0.5 3
FLAG 0.67607300000000004 0.133496 0.5 3
FLAG 0.693967 -0.067419999999999994 0.5 3
FLAG 0.67840400000000001 -0.23616999999999999 0.5 3
FLAG 0.62972600000000001 -0.35761999999999999 0.5 3
FLAG 0.58616800000000002 -0.45307999999999998 0.5 3
FLAG 0.54711900000000002 -0.53600999999999999 0.5 3
FLAG 0.71568600000000004 -0.60875999999999997 0.5 3
FLAG 0.73962600000000001 -0.63614000000000004 0.5 3
FLAG 0.679095 -0.57694000000000001 0.5 3
FLAG 0.761957 -0.60670000000000002 0.5 3
FLAG 0.62072700000000003 -0.54364000000000001 0.5 3
FLAG 0.78885300000000003 -0.56967999999999996 0.5 3
FLAG 0.87210100000000002 -0.39822000000000002 0.5 3
FLAG 0.84857199999999999 -0.20263999999999999 0.5 3
FLAG 0.73674899999999999 0.47172399999999998 0.5 3
FLAG 0.68743600000000005 0.559199 0.5 3
FLAG 0.83395699999999995 -0.019290000000000002 0.5 3
FLAG 0.85312900000000003 -0.47305999999999998 0.5 3
FLAG 0.89190400000000003 -0.31447000000000003 0.5 3
FLAG 0.81510300000000002 -0.52200999999999997 0.5 3
FLAG 0.75920699999999997 -0.34550999999999998 0.5 3
FLAG 0.675925 -0.43260999999999999 0.5 3
FLAG 0.78898599999999997 -0.43657000000000001 0.5 3
FLAG 0.75347299999999995 -0.51854999999999996 0.5 3
FLAG 0.73270599999999997 -0.56764000000000003 0.5 3
FLAG 0.67979500000000004 -0.51412000000000002 0.5 3
FLAG 0.73071600000000003 -0.45804 0.5 3
FLAG 0.39733299999999999 1.0728470000000001 0.5 3
FLAG 0.37009900000000001 1.0375939999999999 0.5 3
FLAG 0.34482800000000002 0.98373200000000005 0.5 3
FLAG 0.32939600000000002 0.90866800000000003 0.5 3
FLAG 0.34537200000000001 1.0791630000000001 0.5 3
FLAG 0.28731800000000002 1.0867849999999999 0.5 3
FLAG 0.33619599999999999 0.81051600000000001 0.5 3
FLAG 0.14782400000000001 1.1683509999999999 0.5 3
FLAG 0.123296 1.189934 0.5 3
FLAG 0.18027000000000001 1.1385909999999999 0.5 3
FLAG 0.101214 1.1841159999999999 0.5 3
FLAG 0.078745999999999997 1.1647179999999999 0.5 3
FLAG 0.50081500000000001 0.59555199999999997 0.5 3
FLAG 0.037429999999999998 1.097035 0.5 3
FLAG 0.0053600000000000002 1.066411 0.5 3
FLAG 0.22384499999999999 1.1104019999999999 0.5 3
FLAG 0.064172999999999994 1.133338 0.5 3
FLAG 0.053052000000000002 1.040422 0.5 3
FLAG 0.108408 1.0102880000000001 0.5 3
FLAG 0.181196 0.968109 0.5 3
FLAG 0.25487900000000002 0.89434599999999997 0.5 3
FLAG 0.35312500000000002 -0.62017 0.5 3
FLAG 0.115111 -0.88693 0.5 3
FLAG 0.198827 -0.80081999999999998 0.5 3
FLAG 0.060130000000000003 -0.91718 0.5 3
FLAG 0.45466200000000001 -0.51285000000000003 0.5 3
FLAG 0.27357599999999999 -0.72823000000000004 0.5 3
FLAG 0.094849000000000003 -0.95638999999999996 0.5 3
FLAG 0.13358500000000001 -1.0178700000000001 0.5 3
FLAG 0.159858 -1.02823 0.5 3
FLAG 0.19717699999999999 -1.0104500000000001 0.5 3
FLAG 0.52227199999999996 -0.38079000000000002 0.5 3
FLAG 0.27680199999999999 -0.99651000000000001 0.5 3
FLAG 0.24130199999999999 -0.99904000000000004 0.5 3
FLAG 0.11751 -0.99021000000000003 0.5 3
FLAG 0.25931100000000001 -0.95718000000000003 0.5 3
FLAG 0.24828700000000001 -0.90576999999999996 0.5 3
FLAG 0.25576199999999999 -0.83431999999999995 0.5 3
FLAG 0.20779300000000001 -0.95660999999999996 0.5 3
FLAG 0.145925 -0.94186000000000003 0.5 3
FLAG 0.097479999999999997 1.084946 0.5 3
FLAG 0.109766 1.145516 0.5 3
FLAG 0.27690399999999998 0.974858 0.5 3
FLAG 0.185949 -0.88005999999999995 0.5 3
FLAG 0.16098899999999999 -0.98845000000000005 0.5 3
FLAG 0.166239 1.062954 0.5 3
FLAG 0.139935 1.118455 0.5 3
FLAG 0.235127 1.038516 0.5 3
FLAG 0.31203599999999998 1.0309159999999999 0.5 3
FLAG -1.4108499999999999 0.54754800000000003 0.5 3
FLAG -1.36311 0.74556900000000004 0.5 3
FLAG -1.2648600000000001 0.92359199999999997 0.5 3
FLAG -1.1249400000000001 1.0717099999999999 0.5 3
FLAG -0.96533000000000002 1.1987620000000001 0.5 3
FLAG -0.79532000000000003 1.311569 0.5 3
FLAG -0.61650000000000005 1.408112 0.5 3
FLAG -0.44041999999999998 1.4775309999999999 0.5 3
FLAG -0.28128999999999998 1.517576 0.5 3
FLAG -0.14979000000000001 1.536808 0.5 3
FLAG -0.045699999999999998 1.54474 0.5 3
FLAG -0.14107 -1.5140499999999999 0.5 3
FLAG -0.24226 -1.4911799999999999 0.5 3
FLAG -0.37087999999999999 -1.44859 0.5 3
FLAG -0.53315999999999997 -1.3781300000000001 0.5 3
FLAG -0.71469000000000005 -1.2777799999999999 0.5 3
FLAG -0.88438000000000005 -1.14859 0.5 3
FLAG -1.0342800000000001 -0.99665000000000004 0.5 3
FLAG -1.1775899999999999 -0.83835999999999999 0.5 3
FLAG -1.3207800000000001 -0.67998000000000003 0.5 3
FLAG -1.43614 -0.50133000000000005 0.5 3
FLAG -1.48065 -0.29357 0.5 3
FLAG -1.47455 -0.080310000000000006 0.5 3
FLAG -1.45201 0.132018 0.5 3
FLAG 0.016497000000000001 -1.5261400000000001 0.5 3
FLAG 0.117021 -1.51681 0.5 3
FLAG 0.24268000000000001 -1.4870300000000001 0.5 3
FLAG 0.37848900000000002 -1.4378 0.5 3
FLAG 0.51021799999999995 -1.3820699999999999 0.5 3
FLAG 0.64195000000000002 -1.3257099999999999 0.5 3
FLAG 0.78554400000000002 -1.2641899999999999 0.5 3
FLAG 0.94395499999999999 -1.1862999999999999 0.5 3
FLAG 1.096697 -1.0819799999999999 0.5 3
FLAG 1.226202 -0.94903000000000004 0.5 3
FLAG 1.3299449999999999 -0.79242999999999997 0.5 3
FLAG 1.411564 -0.61441999999999997 0.5 3
FLAG 1.47157 -0.41771999999999998 0.5 3
FLAG 1.5077259999999999 -0.21121000000000001 0.5 3
FLAG 1.517736 -0.0018400000000000001 0.5 3
FLAG 1.494324 0.20635500000000001 0.5 3
FLAG 1.4357390000000001 0.40756100000000001 0.5 3
FLAG 1.3491979999999999 0.598495 0.5 3
FLAG 1.2383470000000001 0.77640699999999996 0.5 3
FLAG 1.109229 0.93633699999999997 0.5 3
FLAG 0.98458900000000005 1.072438 0.5 3
FLAG 0.87626999999999999 1.1825209999999999 0.5 3
FLAG 0.77669900000000003 1.2736730000000001 0.5 3
FLAG 0.67664299999999999 1.3523890000000001 0.5 3
FLAG 0.57091099999999995 1.4197919999999999 0.5 3
FLAG 0.456125 1.474504 0.5 3
FLAG 0.33685300000000001 1.5128779999999999 0.5 3
FLAG 0.22128100000000001 1.5349889999999999 0.5 3
FLAG 0.118075 1.5446059999999999 0.5 3
FLAG 1.255128 0.066035999999999997 0.5 3
FLAG 0.13138900000000001 1.379084 0.5 3
FLAG 0.1283 1.3308979999999999 0.5 3
FLAG 0.128799 1.2622739999999999 0.5 3
FLAG 0.12787000000000001 1.2936289999999999 0.5 3
FLAG 0.142624 1.237536 0.5 3
FLAG 0.17588100000000001 1.2312449999999999 0.5 3
FLAG 0.434417 1.1193660000000001 0.5 3
FLAG 0.47178599999999998 1.0937920000000001 0.5 3
FLAG 0.57679999999999998 1.0554190000000001 0.5 3
FLAG 0.95766300000000004 0.59302299999999997 0.5 3
FLAG 0.85036 -0.63307999999999998 0.5 3
FLAG 0.78431499999999998 -0.67049000000000003 0.5 3
FLAG 0.76300500000000004 -0.68255999999999994 0.5 3
FLAG 0.74859100000000001 -0.69416999999999995 0.5 3
FLAG 0.73574300000000004 -0.71389000000000002 0.5 3
FLAG 0.69339600000000001 -0.77497000000000005 0.5 3
FLAG 0.66262500000000002 -0.81933999999999996 0.5 3
FLAG 0.62099499999999996 -0.87651999999999997 0.5 3
FLAG 0.43568299999999999 -0.99243000000000003 0.5 3
FLAG 0.36058400000000002 -1.0204599999999999 0.5 3
FLAG 0.25945499999999999 -1.0685 0.5 3
FLAG 0.210816 -1.07968 0.5 3
FLAG 0.174011 -1.08023 0.5 3
FLAG 0.296518 -1.0501499999999999 0.5 3
FLAG 0.14862900000000001 -1.0790999999999999 0.5 3
FLAG 0.31771899999999997 -1.03366 0.5 3
FLAG 0.14802699999999999 -1.1068100000000001 0.5 3
FLAG 0.336532 -1.0251399999999999 0.5 3
FLAG 0.13753000000000001 -1.14009 0.5 3
FLAG 0.39494499999999999 -1.00789 0.5 3
FLAG 0.486458 -0.96957000000000004 0.5 3
FLAG 0.065421000000000007 -1.4338500000000001 0.5 3
FLAG 0.55137700000000001 -0.93774999999999997 0.5 3
FLAG 0.099492999999999998 -1.3266899999999999 0.5 3
FLAG 0.71721599999999996 -0.74036000000000002 0.5 3
FLAG 0.115313 -1.24688 0.5 3
FLAG 0.81327899999999997 -0.65439999999999998 0.5 3
FLAG 0.122658 -1.18357 0.5 3
FLAG 0.161639 -1.4001399999999999 0.5 3
FLAG 0.89832400000000001 -0.60404000000000002 0.5 3
FLAG 0.27666099999999999 -1.3575299999999999 0.5 3
FLAG 0.95983399999999996 -0.56186000000000003 0.5 3
FLAG 0.406254 -1.3127899999999999 0.5 3
FLAG 1.0329489999999999 -0.49071999999999999 0.5 3
FLAG 0.53393900000000005 -1.2598800000000001 0.5 3
FLAG 0.660246 -1.1877899999999999 0.5 3
FLAG 0.79483599999999999 -1.09735 0.5 3
FLAG 1.1253040000000001 -0.37236000000000002 0.5 3
FLAG 0.942052 -1.0240800000000001 0.5 3
FLAG 1.1647339999999999 -0.18526000000000001 0.5 3
FLAG 1.0630740000000001 -0.92374000000000001 0.5 3
FLAG 1.1609750000000001 -0.79879 0.5 3
FLAG 1.234416 -0.64798 0.5 3
FLAG 1.046276 0.444608 0.5 3
FLAG 1.2786500000000001 -0.47456999999999999 0.5 3
FLAG 0.88733799999999996 0.68878499999999998 0.5 3
FLAG 1.308033 -0.29793999999999998 0.5 3
FLAG 0.85455899999999996 0.78454400000000002 0.5 3
FLAG 1.3229770000000001 -0.10006 0.5 3
FLAG 0.78653799999999996 0.90088199999999996 0.5 3
FLAG 1.1688080000000001 0.24649299999999999 0.5 3
FLAG 0.71074000000000004 0.97802500000000003 0.5 3
FLAG 0.63737500000000002 1.0243249999999999 0.5 3
FLAG 1.256877 0.406412 0.5 3
FLAG 0.53085700000000002 1.0750120000000001 0.5 3
FLAG 1.139138 0.60229299999999997 0.5 3
FLAG 0.49684 1.086911 0.5 3
FLAG 1.02633 0.757992 0.5 3
FLAG 0.454737 1.1033980000000001 0.5 3
FLAG 0.92805899999999997 0.91266899999999995 0.5 3
FLAG 0.40747299999999997 1.1399060000000001 0.5 3
FLAG 0.82991700000000002 1.0396939999999999 0.5 3
FLAG 0.142291 1.456321 0.5 3
FLAG 0.37234099999999998 1.164771 0.5 3
FLAG 0.75628600000000001 1.156101 0.5 3
FLAG 0.32719100000000001 1.195414 0.5 3
FLAG 0.66812400000000005 1.2411989999999999 0.5 3
FLAG 0.26521 1.2157770000000001 0.5 3
FLAG 0.57577500000000004 1.3087709999999999 0.5 3
FLAG 0.215117 1.223622 0.5 3
FLAG 0.47381099999999998 1.3615010000000001 0.5 3
FLAG 0.36380000000000001 1.4002840000000001 0.5 3
FLAG 0.25661 1.439017 0.5 3
FLAG 0.71722300000000005 1.0704670000000001 0.5 3
FLAG 1.135443 -0.53205000000000002 0.5 3
FLAG 0.186387 -1.3025 0.5 3
FLAG 0.18398400000000001 -1.1166100000000001 0.5 3
FLAG 0.197515 1.3965689999999999 0.5 3
FLAG 0.28178300000000001 1.3500620000000001 0.5 3
FLAG 0.392266 1.3077049999999999 0.5 3
FLAG 0.497998 1.277693 0.5 3
FLAG 0.24218999999999999 1.2789269999999999 0.5 3
FLAG 0.58200099999999999 1.2232229999999999 0.5 3
FLAG 0.31353599999999998 1.268697 0.5 3
FLAG 0.66003900000000004 1.1559839999999999 0.5 3
FLAG 0.38284600000000002 1.2289209999999999 0.5 3
FLAG 0.42019099999999998 1.187981 0.5 3
FLAG 0.52082700000000004 1.117877 0.5 3
FLAG 1.1005469999999999 -0.68359000000000003 0.5 3
FLAG 1.031561 -0.80691000000000002 0.5 3
FLAG 0.93954300000000002 -0.89876 0.5 3
FLAG 0.83429799999999998 -0.96638000000000002 0.5 3
FLAG 0.65207099999999996 -1.06951 0.5 3
FLAG 0.55239499999999997 -1.1596500000000001 0.5 3
FLAG 0.45139600000000002 -1.21922 0.5 3
FLAG 1.0398559999999999 -0.60667000000000004 0.5 3
FLAG 0.31429099999999999 -1.2748900000000001 0.5 3
FLAG 0.96209100000000003 -0.64525999999999994 0.5 3
FLAG 0.175261 -1.22176 0.5 3
FLAG 0.55444199999999999 -1.0188600000000001 0.5 3
FLAG 0.17447099999999999 -1.16649 0.5 3
FLAG 0.33732600000000001 -1.05453 0.5 3
FLAG 0.24565100000000001 -1.1077399999999999 0.5 3
FLAG 0.29825499999999999 -1.0861099999999999 0.5 3
FLAG 0.381969 -1.0477300000000001 0.5 3
FLAG 0.42663099999999998 -1.0426899999999999 0.5 3
FLAG 0.47973100000000002 -1.03365 0.5 3
FLAG 0.64056100000000005 -0.96691000000000005 0.5 3
FLAG 0.70067900000000005 -0.88549999999999995 0.5 3
FLAG 0.74343199999999998 -0.77778000000000003 0.5 3
FLAG 0.72688399999999997 -0.82428999999999997 0.5 3
FLAG 0.75695800000000002 -0.74231999999999998 0.5 3
FLAG 0.76631400000000005 -0.71447000000000005 0.5 3
FLAG 0.78402700000000003 -0.70011999999999996 0.5 3
FLAG 0.81140699999999999 -0.69467000000000001 0.5 3
FLAG 0.84796199999999999 -0.68396000000000001 0.5 3
FLAG 0.89745299999999995 -0.66920999999999997 0.5 3
FLAG 0.63002000000000002 1.0924469999999999 0.5 3
FLAG 0.56581199999999998 1.1076269999999999 0.5 3
FLAG 0.48819200000000001 1.119467 0.5 3
FLAG 0.46448299999999998 1.131446 0.5 3
FLAG 0.445824 1.1559330000000001 0.5 3
FLAG 0.197328 1.270764 0.5 3
FLAG 0.15934000000000001 1.26755 0.5 3
FLAG 0.17020399999999999 1.3045789999999999 0.5 3
FLAG 0.191633 1.3392280000000001 0.5 3
FLAG 0.79654400000000003 -0.73258000000000001 0.5 3
FLAG 1.005231 -0.72089000000000003 0.5 3
FLAG 0.59323999999999999 1.152882 0.5 3
FLAG 0.44695600000000002 1.247449 0.5 3
FLAG 0.49379800000000001 1.1584829999999999 0.5 3
FLAG 0.88184499999999999 -0.73355999999999999 0.5 3
FLAG 0.83409599999999995 -0.73680999999999996 0.5 3
FLAG 0.79468899999999998 -0.77032 0.5 3
FLAG 0.78963000000000005 -0.81728000000000001 0.5 3
FLAG 0.77597400000000005 -0.88222 0.5 3
FLAG 0.73886099999999999 -0.97384999999999999 0.5 3
FLAG 0.455237 -1.0887500000000001 0.5 3
FLAG 0.404472 -1.09544 0.5 3
FLAG 0.36564099999999999 -1.08114 0.5 3
FLAG 0.29256799999999999 -1.1349199999999999 0.5 3
FLAG 0.33277499999999999 -1.09558 0.5 3
FLAG 0.223271 -1.1413599999999999 0.5 3
FLAG 0.52939800000000004 -1.09043 0.5 3
FLAG 0.23461299999999999 -1.1857 0.5 3
FLAG 0.24709400000000001 -1.24773 0.5 3
FLAG 0.93907700000000005 -0.7228 0.5 3
FLAG 0.46238499999999999 -1.1448499999999999 0.5 3
FLAG 0.85084499999999996 -0.86965000000000003 0.5 3
FLAG 0.92817000000000005 -0.80183000000000004 0.5 3
FLAG 0.54161700000000002 1.162398 0.5 3
FLAG 0.46987200000000001 1.197058 0.5 3
FLAG 0.51571 1.2132849999999999 0.5 3
FLAG 0.36934 -1.22692 0.5 3
FLAG 0.31281399999999998 -1.1892799999999999 0.5 3
FLAG 0.35632200000000003 -1.1319399999999999 0.5 3
FLAG 0.85012200000000004 -0.79806999999999995 0.5 3
FLAG 0.395569 -1.16367 0.5 3
FLAG -0.0028300000000000001 1.1971290000000001 0.5 3
FLAG 0.074634000000000006 1.2251840000000001 0.5 3
FLAG 0.041667000000000003 1.2139610000000001 0.5 3
FLAG -0.037109999999999997 1.155241 0.5 3
FLAG 0.083057000000000006 1.2470859999999999 0.5 3
FLAG -0.056770000000000001 1.11338 0.5 3
FLAG 0.063838000000000006 1.2758400000000001 0.5 3
FLAG 0.043088000000000001 1.3133490000000001 0.5 3
FLAG -0.0024599999999999999 1.413583 0.5 3
FLAG 0.022877999999999999 1.3587590000000001 0.5 3
FLAG -0.073819999999999997 1.447811 0.5 3
FLAG -0.32584000000000002 1.3677189999999999 0.5 3
FLAG -1.0379499999999999 0.86219699999999999 0.5 3
FLAG -1.1426499999999999 0.74368100000000004 0.5 3
FLAG -1.2601500000000001 -0.18633 0.5 3
FLAG -1.2416799999999999 -0.00362 0.5 3
FLAG -1.2950299999999999 -0.35382999999999998 0.5 3
FLAG -0.93278000000000005 -0.76592000000000005 0.5 3
FLAG -1.06212 -0.59553 0.5 3
FLAG -0.79539000000000004 -0.91600999999999999 0.5 3
FLAG -0.67749000000000004 -1.0541799999999999 0.5 3
FLAG -0.25294 -1.3610599999999999 0.5 3
FLAG -0.37583 -1.2856399999999999 0.5 3
FLAG -0.14878 -1.42198 0.5 3
FLAG -0.53059000000000001 -1.1867700000000001 0.5 3
FLAG -0.17496999999999999 -1.0128699999999999 0.5 3
FLAG 0.098170999999999994 -1.0815900000000001 0.5 3
FLAG 0.073690000000000005 -1.10225 0.5 3
FLAG 0.110073 -1.0626899999999999 0.5 3
FLAG 0.039481000000000002 -1.1410199999999999 0.5 3
FLAG 0.074385999999999994 -1.0509900000000001 0.5 3
FLAG -0.00231 -1.1979500000000001 0.5 3
FLAG 0.034320999999999997 -1.02467 0.5 3
FLAG -0.02145 -0.98995 0.5 3
FLAG -0.08727 -0.97751999999999994 0.5 3
FLAG -0.04555 -1.26797 0.5 3
FLAG -0.30003000000000002 -1.03687 0.5 3
FLAG -1.2359899999999999 0.204287 0.5 3
FLAG -0.48492000000000002 -1.0270999999999999 0.5 3
FLAG -1.2239199999999999 -0.50770000000000004 0.5 3
FLAG -1.2156199999999999 0.40797499999999998 0.5 3
FLAG -1.17791 0.59052099999999996 0.5 3
FLAG -1.0975200000000001 -0.35060000000000002 0.5 3
FLAG -0.91500999999999999 0.99157700000000004 0.5 3
FLAG -0.77912000000000003 1.1113949999999999 0.5 3
FLAG -0.61895999999999995 1.1972849999999999 0.5 3
FLAG -0.46590999999999999 1.276484 0.5 3
FLAG -0.34615000000000001 1.2243200000000001 0.5 3
FLAG -0.19009999999999999 1.40394 0.5 3
FLAG -0.23576 1.2009609999999999 0.5 3
FLAG -0.15465000000000001 1.1802589999999999 0.5 3
FLAG -0.098269999999999996 1.1452739999999999 0.5 3
FLAG -0.35154999999999997 -1.13863 0.5 3
FLAG -0.24496000000000001 1.2904899999999999 0.5 3
FLAG -0.077969999999999998 1.20513 0.5 3
FLAG 0.048688000000000002 1.246909 0.5 3
FLAG -0.15711 1.2695080000000001 0.5 3
FLAG -0.01376 -1.05718 0.5 3
FLAG -0.098059999999999994 -1.1790099999999999 0.5 3
FLAG 0.035042999999999998 -1.08097 0.5 3
FLAG -0.02266 -1.12534 0.5 3
FLAG -0.093090000000000006 -1.06247 0.5 3
FLAG -0.19566 -1.1171800000000001 0.5 3
FLAG -0.14484 -1.28548 0.5 3
FLAG -0.23235 -1.2195199999999999 0.5 3
FLAG -0.11279 1.3547009999999999 0.5 3
FLAG -0.046530000000000002 1.354733 0.5 3
FLAG -0.01418 1.306268 0.5 3
FLAG 0.019435000000000001 1.273698 0.5 3
FLAG 0.010037000000000001 1.238345 0.5 3
FLAG -0.085849999999999996 -1.36252 0.5 3
FLAG -0.032820000000000002 1.2492780000000001 0.5 3
FLAG -0.083349999999999994 1.278097 0.5 3
FLAG -0.64075000000000004 1.8237399999999999 0.5 3
FLAG -0.45643 1.857542 0.5 3
FLAG -0.81103999999999998 1.743217 0.5 3
FLAG -0.98233999999999999 1.655646 0.5 3
FLAG -1.1477999999999999 1.5458350000000001 0.5 3
FLAG -1.56236 0.697021 0.5 3
FLAG -1.60975 0.47382200000000002 0.5 3
FLAG 1.6954560000000001 -0.1613 0.5 3
FLAG 1.6777740000000001 0.061928999999999998 0.5 3
FLAG 1.596114 -0.61243999999999998 0.5 3
FLAG 1.6551739999999999 -0.39179999999999998 0.5 3
FLAG 1.514076 -0.82435999999999998 0.5 3
FLAG 1.1180129999999999 -1.2809999999999999 0.5 3
FLAG 1.2724200000000001 -1.1553100000000001 0.5 3
FLAG -1.83622 0.240984 0.5 3
FLAG -1.80121 0.44078899999999999 0.5 3
FLAG -1.8712200000000001 0.054644999999999999 0.5 3
FLAG -1.8617999999999999 -0.12695000000000001 0.5 3
FLAG -1.8406 -0.31256 0.5 3
FLAG -1.63757 -0.41260999999999998 0.5 3
FLAG -1.6871 -0.61341000000000001 0.5 3
FLAG -1.81498 -0.48139999999999999 0.5 3
FLAG 1.3988100000000001 -0.99853999999999998 0.5 3
FLAG 1.3494969999999999 -1.3441000000000001 0.5 3
FLAG 1.198877 -1.46766 0.5 3
FLAG 1.4792860000000001 -1.2034800000000001 0.5 3
FLAG -0.79744000000000004 1.5364990000000001 0.5 3
FLAG -0.98714999999999997 1.424256 0.5 3
FLAG -0.59199999999999997 1.628225 0.5 3
FLAG -1.17039 1.293496 0.5 3
FLAG -1.33568 1.1234379999999999 0.5 3
FLAG -1.6347100000000001 0.26270199999999999 0.5 3
FLAG -1.6696200000000001 0.043057999999999999 0.5 3
FLAG -1.48366 0.92955100000000002 0.5 3
FLAG -1.55237 1.152441 0.5 3
FLAG -1.4303999999999999 1.3017590000000001 0.5 3
FLAG -1.3044100000000001 1.4392450000000001 0.5 3
FLAG -1.70442 0.83700699999999995 0.5 3
FLAG -1.66144 1.0124089999999999 0.5 3
FLAG -1.7604599999999999 0.64210900000000004 0.5 3
FLAG 1.842184 -0.32727000000000001 0.5 3
FLAG 1.8012300000000001 -0.52378999999999998 0.5 3
FLAG 1.794586 0.217913 0.5 3
FLAG 1.8543909999999999 0.030481000000000001 0.5 3
FLAG 1.74227 -0.71960000000000002 0.5 3
FLAG 1.0538110000000001 -1.58724 0.5 3
FLAG 1.8764989999999999 -0.14577000000000001 0.5 3
FLAG 1.686499 -0.89339999999999997 0.5 3
FLAG 1.5863050000000001 -1.0502800000000001 0.5 3
FLAG 0.86868699999999999 -1.6436900000000001 0.5 3
FLAG 0.94981599999999999 -1.39697 0.5 3
FLAG -1.6654599999999999 -0.18595999999999999 0.5 3
FLAG -1.00257 -1.3644099999999999 0.5 3
FLAG -0.89012999999999998 -1.4985299999999999 0.5 3
FLAG -0.58052999999999999 -1.69547 0.5 3
FLAG -1.28182 -1.0688 0.5 3
FLAG -0.016469999999999999 -1.84796 0.5 3
FLAG 0.17695 -1.8750800000000001 0.5 3
FLAG 0.367838 -1.84111 0.5 3
FLAG 1.3463989999999999 1.043893 0.5 3
FLAG 1.0745899999999999 1.310697 0.5 3
FLAG 0.60544399999999998 1.7166300000000001 0.5 3
FLAG 0.442527 1.803104 0.5 3
FLAG 0.77047900000000002 1.60056 0.5 3
FLAG 1.21445 1.1843440000000001 0.5 3
FLAG -0.26672000000000001 1.8795459999999999 0.5 3
FLAG 1.638957 0.57875399999999999 0.5 3
FLAG -0.39077000000000001 -1.75329 0.5 3
FLAG 0.94738299999999998 1.4810239999999999 0.5 3
FLAG -0.072539999999999993 1.9249540000000001 0.5 3
FLAG 0.10206800000000001 1.901735 0.5 3
FLAG 1.477044 0.91719499999999998 0.5 3
FLAG 0.28432800000000003 1.8734200000000001 0.5 3
FLAG 1.546508 0.75359600000000004 0.5 3
FLAG 1.7118450000000001 0.39327499999999999 0.5 3
FLAG -0.22287000000000001 1.6668639999999999 0.5 3
FLAG -0.095170000000000005 1.6423570000000001 0.5 3
FLAG -0.0040000000000000001 1.6253519999999999 0.5 3
FLAG 0.067820000000000005 1.6287320000000001 0.5 3
FLAG 0.16764399999999999 1.6357079999999999 0.5 3
FLAG 0.29944199999999999 1.6623349999999999 0.5 3
FLAG 0.435477 1.618954 0.5 3
FLAG 0.57150900000000004 1.5620609999999999 0.5 3
FLAG 0.68405000000000005 1.4834769999999999 0.5 3
FLAG -0.19667000000000001 -1.8219000000000001 0.5 3
FLAG 0.80286299999999999 1.415988 0.5 3
FLAG 0.91191299999999997 1.3166610000000001 0.5 3
FLAG 0.70420499999999997 -1.71387 0.5 3
FLAG 0.53721099999999999 -1.7908599999999999 0.5 3
FLAG -1.1447000000000001 -1.2245200000000001 0.5 3
FLAG -0.72075999999999996 -1.5622 0.5 3
FLAG 0.63388800000000001 -1.49173 0.5 3
FLAG 0.50174799999999997 -1.5441 0.5 3
FLAG 0.363483 -1.62018 0.5 3
FLAG 0.18946299999999999 -1.61192 0.5 3
FLAG 0.065234 -1.6161099999999999 0.5 3
FLAG -0.033590000000000002 -1.59842 0.5 3
FLAG -0.10607999999999999 -1.5920099999999999 0.5 3
FLAG -0.19980999999999999 -1.59812 0.5 3
FLAG -0.33156000000000002 -1.5898000000000001 0.5 3
FLAG -0.49288999999999999 -1.5620499999999999 0.5 3
FLAG -1.4192499999999999 -0.90856999999999999 0.5 3
FLAG -1.5528500000000001 -0.74621999999999999 0.5 3
FLAG -0.38400000000000001 1.6714530000000001 0.5 3
FLAG 0.77284600000000003 -1.4479299999999999 0.5 3
FLAG -0.24883 -1.70255 0.5 3
FLAG -0.13255 1.7781849999999999 0.5 3
FLAG 0.19178799999999999 1.757806 0.5 3
FLAG 0.24402499999999999 -1.7253099999999999 0.5 3
FLAG -0.11952 -1.6979900000000001 0.5 3
FLAG -0.016209999999999999 -1.69998 0.5 3
FLAG 0.10135 -1.74007 0.5 3
FLAG 0.087585999999999997 1.731727 0.5 3
FLAG -0.01095 1.744024 0.5 3
FLAG -1.9697899999999999 0.58571799999999996 0.25 4
FLAG -1.92801 0.76972600000000002 0.36111300000000002 4
FLAG -1.8893599999999999 0.91419499999999998 0.22037999999999999 4
FLAG -1.93479 0.74128300000000003 0.15008199999999999 4
FLAG -2.0352999999999999 0.25502999999999998 0.22004799999999999 4
FLAG -2.0028700000000002 0.429705 0.149501 4
FLAG -2.00868 0.40089999999999998 0.359902 4
FLAG -1.7233799999999999 -0.88654999999999995 0.23996899999999999 4
FLAG -1.5853600000000001 -1.04637 0.23982000000000001 4
FLAG -1.45082 -1.2105399999999999 0.23983099999999999 4
FLAG -1.17157 -1.5298 0.239846 4
FLAG -0.43302000000000002 -1.9183600000000001 0.23876800000000001 4
FLAG -0.04122 -2.0146799999999998 0.235681 4
FLAG 0.383739 -2.04006 0.23986399999999999 4
FLAG 0.79175300000000004 -1.9396599999999999 0.23985899999999999 4
FLAG 1.3343579999999999 -1.6174900000000001 0.23985500000000001 4
FLAG 1.7548269999999999 -1.14916 0.23985300000000001 4
FLAG 1.9844440000000001 -0.56086000000000003 0.23985100000000001 4
FLAG 0.88034000000000001 1.7371019999999999 0.23985899999999999 4
FLAG 0.53627199999999997 1.9790509999999999 0.23985500000000001 4
FLAG 0.34026000000000001 2.0560589999999999 0.23983299999999999 4
FLAG 0.13287099999999999 2.0952470000000001 0.23983299999999999 4
FLAG -0.078320000000000001 2.1038070000000002 0.23983299999999999 4
FLAG -0.28921000000000002 2.0887549999999999 0.23983099999999999 4
FLAG -0.49752000000000002 2.0537369999999999 0.23983399999999999 4
FLAG -0.89695999999999998 1.9217340000000001 0.23985600000000001 4
FLAG -1.0823100000000001 1.822646 0.23982999999999999 4
FLAG -1.25709 1.7050810000000001 0.23983199999999999 4
FLAG -1.4222900000000001 1.573793 0.23983199999999999 4
FLAG -1.5772999999999999 1.4302330000000001 0.23983299999999999 4
FLAG -1.7152400000000001 1.2708870000000001 0.23977599999999999 4
FLAG -0.70118000000000003 1.9987010000000001 0.239816 4
FLAG 0.71450100000000005 1.8667750000000001 0.239816 4
FLAG 1.0485450000000001 1.612109 0.239841 4
FLAG 1.2200439999999999 1.49139 0.23983199999999999 4
FLAG 1.381615 1.3562970000000001 0.23982899999999999 4
FLAG -1.82138 1.0941430000000001 0.260876 4
FLAG 1.525976 1.202062 0.23983199999999999 4
FLAG 1.6531199999999999 1.033175 0.23983499999999999 4
FLAG 1.7646470000000001 0.85381499999999999 0.23983699999999999 4
FLAG 1.8614649999999999 0.66661899999999996 0.239841 4
FLAG 1.941934 0.47229700000000002 0.239839 4
FLAG 2.002427 0.270513 0.23983199999999999 4
FLAG 2.0404309999999999 0.062739000000000003 0.23983399999999999 4
FLAG 2.0515479999999999 -0.14763000000000001 0.239847 4
FLAG 2.030179 -0.35598000000000002 0.239819 4
FLAG 1.9253560000000001 -0.76327 0.23982800000000001 4
FLAG 1.8507629999999999 -0.96106000000000003 0.239819 4
FLAG 1.6348609999999999 -1.3223400000000001 0.23983599999999999 4
FLAG 1.492971 -1.4783599999999999 0.23982000000000001 4
FLAG 1.163589 -1.74112 0.239838 4
FLAG 0.98254699999999995 -1.84961 0.23982300000000001 4
FLAG 0.59159899999999999 -2.0051999999999999 0.23982200000000001 4
FLAG 0.172101 -2.04182 0.23961099999999999 4
FLAG -0.23810999999999999 -1.97133 0.16714699999999999 4
FLAG -0.63863000000000003 -1.85554 0.23985899999999999 4
FLAG -0.83418000000000003 -1.77847 0.239847 4
FLAG -1.0133099999999999 -1.6692199999999999 0.23982100000000001 4
FLAG -1.31487 -1.3736999999999999 0.23982400000000001 4
FLAG -1.8625499999999999 -0.73119000000000001 0.23986499999999999 4
FLAG -1.9734 -0.55600000000000005 0.23982100000000001 4
FLAG -2.0367700000000002 -0.35520000000000002 0.23982500000000001 4
FLAG -2.0628199999999999 -0.14577000000000001 0.23983199999999999 4
FLAG -2.0590999999999999 0.061788999999999997 0.239928 4
FLAG -0.23680999999999999 -1.97166 0.331542 4
FLAG -0.045269999999999998 1.061172 0.026315999999999999 5
FLAG -0.045269999999999998 1.061172 0.052631999999999998 5
FLAG -0.045269999999999998 1.061172 0.078947000000000003 5
FLAG -0.045269999999999998 1.061172 0.105263 5
FLAG -0.045269999999999998 1.061172 0.131579 5
FLAG -0.045269999999999998 1.061172 0.15789500000000001 5
FLAG -0.045269999999999998 1.061172 0.18421100000000001 5
FLAG -0.045269999999999998 1.061172 0.21052599999999999 5
FLAG -0.045269999999999998 1.061172 0.236842 5
FLAG -0.045269999999999998 1.061172 0.263158 5
FLAG -0.045269999999999998 1.061172 0.28947400000000001 5
FLAG -0.045269999999999998 1.061172 0.31578899999999999 5
FLAG -0.045269999999999998 1.061172 0.34210499999999999 5
FLAG -0.045269999999999998 1.061172 0.368421 5
FLAG -0.045269999999999998 1.061172 0.394737 5
FLAG -0.045269999999999998 1.061172 0.42105300000000001 5
FLAG -0.045269999999999998 1.061172 0.44736799999999999 5
FLAG -0.045269999999999998 1.061172 0.47368399999999999 5
FLAG -0.01055 -0.88409000000000004 0.44494099999999998 5
FLAG -0.01055 -0.88409000000000004 0.38918199999999997 5
FLAG -0.01055 -0.88409000000000004 0.33342300000000002 5
FLAG -0.01055 -0.88409000000000004 0.27766400000000002 5
FLAG -0.01055 -0.88409000000000004 0.22190599999999999 5
FLAG -0.01055 -0.88409000000000004 0.16614699999999999 5
FLAG -0.01055 -0.88409000000000004 0.110388 5
FLAG -0.01055 -0.88409000000000004 0.055056000000000001 5
FLAG -1.0243 0.25204199999999999 0.25 5
FLAG -0.17097000000000001 1.120174 0.057593999999999999 5
FLAG -0.12037 1.1042890000000001 0.042474999999999999 5
FLAG -0.076910000000000006 1.0825659999999999 0.034438999999999997 5
FLAG -0.23982999999999999 1.129899 0.071732000000000004 5
FLAG -0.32958999999999999 1.126366 0.092163999999999996 5
FLAG -0.44185000000000002 1.09555 0.11977599999999999 5
FLAG -0.0659 1.075671 0.063523999999999997 5
FLAG -0.57820000000000005 1.02895 0.156135 5
FLAG -0.067280000000000006 1.0765659999999999 0.091453000000000007 5
FLAG -0.065820000000000004 1.075615 0.118447 5
FLAG -0.73636999999999997 0.91605899999999996 0.23914299999999999 5
FLAG -0.066619999999999999 1.076141 0.144737 5
FLAG -0.066619999999999999 1.076141 0.17105300000000001 5
FLAG -0.066619999999999999 1.076141 0.19736799999999999 5
FLAG -0.86780999999999997 0.74058999999999997 0.23998900000000001 5
FLAG -0.066619999999999999 1.076141 0.22368399999999999 5
FLAG -0.066619999999999999 1.076141 0.30263200000000001 5
FLAG -0.96235000000000004 0.54091299999999998 0.21898699999999999 5
FLAG -0.066619999999999999 1.076141 0.355263 5
FLAG -0.066619999999999999 1.076141 0.40789500000000001 5
FLAG -0.06565 1.075507 0.43508799999999997 5
FLAG -0.073440000000000005 1.0804590000000001 0.463864 5
FLAG -0.066619999999999999 1.076141 0.381579 5
FLAG -0.066619999999999999 1.076141 0.32894699999999999 5
FLAG -0.066619999999999999 1.076141 0.27631600000000001 5
FLAG -0.11778 1.1032219999999999 0.45697500000000002 5
FLAG -0.17241999999999999 1.1205069999999999 0.44304300000000002 5
FLAG -0.066619999999999999 1.076141 0.25 5
FLAG -0.2397 1.129891 0.42818899999999999 5
FLAG -0.33294000000000001 1.1258859999999999 0.404777 5
FLAG -0.44186999999999999 1.0955410000000001 0.38015700000000002 5
FLAG -0.58259000000000005 1.0264709999999999 0.338231 5
FLAG -0.99512999999999996 0.43602600000000002 0.36155799999999999 5
FLAG -0.46251999999999999 1.0868949999999999 0.24996399999999999 5
FLAG -0.095579999999999998 1.092943 0.070166999999999993 5
FLAG -0.35527999999999998 1.1220000000000001 0.297516 5
FLAG -0.25978000000000001 1.130633 0.341893 5
FLAG -0.18212 1.1225799999999999 0.37173899999999999 5
FLAG -0.13363 1.1093200000000001 0.40490500000000001 5
FLAG -0.097570000000000004 1.093955 0.26315899999999998 5
FLAG -0.094280000000000003 1.0922719999999999 0.42658600000000002 5
FLAG -0.095149999999999998 1.0927199999999999 0.38728699999999999 5
FLAG -0.093359999999999999 1.0917950000000001 0.34770200000000001 5
FLAG -0.098080000000000001 1.094211 0.31740600000000002 5
FLAG -0.097570000000000004 1.093955 0.28947200000000001 5
FLAG -0.096930000000000002 1.093628 0.23539099999999999 5
FLAG -0.096060000000000006 1.093186 0.20226 5
FLAG -0.09536 1.092832 0.158634 5
FLAG -0.094100000000000003 1.092179 0.112361 5
FLAG -0.35037000000000001 1.1229579999999999 0.19623399999999999 5
FLAG -0.25745000000000001 1.130592 0.155809 5
FLAG -0.13203000000000001 1.108749 0.093137999999999999 5
FLAG -0.18201000000000001 1.122557 0.125917 5
FLAG -0.12747 1.1070660000000001 0.138737 5
FLAG -0.12770999999999999 1.107156 0.35426800000000003 5
FLAG -0.26262000000000002 1.1306670000000001 0.24964 5
FLAG -0.19349 1.1246780000000001 0.19376499999999999 5
FLAG -0.13508999999999999 1.1098349999999999 0.182444 5
FLAG -0.13868 1.1110640000000001 0.232934 5
FLAG -0.14058000000000001 1.111696 0.30265900000000001 5
FLAG -0.19617999999999999 1.1251249999999999 0.30911 5
FLAG -0.18797 1.123702 0.25530900000000001 5
FLAG -1.02834 0.063371999999999998 0.36018299999999998 5
FLAG -1.01735 -0.047980000000000002 0.21671799999999999 5
FLAG -0.085589999999999999 -0.90771000000000002 0.070385000000000003 5
FLAG -0.18690999999999999 -0.92544000000000004 0.085953000000000002 5
FLAG -0.30081000000000002 -0.93149999999999999 0.114639 5
FLAG -0.44897999999999999 -0.90447999999999995 0.15537100000000001 5
FLAG -0.84536999999999995 -0.44780999999999999 0.23980000000000001 5
FLAG -0.94188000000000005 -0.25351000000000001 0.239846 5
FLAG -0.73126000000000002 -0.62885999999999997 0.240227 5
FLAG -0.58814 -0.79625000000000001 0.239207 5
FLAG -0.45179000000000002 -0.90327999999999997 0.34160800000000002 5
FLAG -0.30168 -0.93149000000000004 0.38602599999999998 5
FLAG -0.18590999999999999 -0.92532000000000003 0.41750999999999999 5
FLAG -0.085169999999999996 -0.90761000000000003 0.43016300000000002 5
FLAG -0.062219999999999998 -0.90158000000000005 0.364398 5
FLAG -0.054210000000000001 -0.89925999999999995 0.30665300000000001 5
FLAG -0.062149999999999997 -0.90156000000000003 0.24978500000000001 5
FLAG -0.063539999999999999 -0.90195999999999998 0.192411 5
FLAG -0.060249999999999998 -0.90102000000000004 0.13299 5
FLAG -0.13095999999999999 -0.91722999999999999 0.14221900000000001 5
FLAG -0.13386999999999999 -0.91774999999999995 0.36624899999999999 5
FLAG -0.13419 -0.91779999999999995 0.228215 5
FLAG -0.20713000000000001 -0.92757000000000001 0.30793300000000001 5
FLAG -0.33446999999999999 -0.93000000000000005 0.25294299999999997 5
FLAG -0.21851999999999999 -0.92857999999999996 0.19467400000000001 5
FLAG -0.11176 -0.91354999999999997 0.30308099999999999 5
FLAG -0.014760000000000001 1.036338 0.034551999999999999 5
FLAG 0.022457000000000001 1.002443 0.042924999999999998 5
FLAG 0.065169000000000005 0.96220099999999997 0.058860000000000003 5
FLAG 0.119592 0.91116399999999997 0.075054999999999997 5
FLAG 0.190193 0.841032 0.118779 5
FLAG 0.43066199999999999 0.53831499999999999 0.12341000000000001 5
FLAG 0.132798 -0.77112999999999998 0.086128999999999997 5
FLAG 0.062175000000000001 -0.84467000000000003 0.072138999999999995 5
FLAG 0.189364 -0.67495000000000005 0.11422599999999999 5
FLAG 0.26207000000000003 -0.56147000000000002 0.12768199999999999 5
FLAG 0.36111500000000002 -0.43991000000000002 0.116867 5
FLAG 0.036922999999999997 -0.86107999999999996 0.13319300000000001 5
FLAG 0.44492300000000001 -0.31851000000000002 0.121138 5
FLAG 0.040114999999999998 -0.85919999999999996 0.19206500000000001 5
FLAG 0.49619999999999997 -0.16563 0.15867700000000001 5
FLAG 0.037136000000000002 -0.86095999999999995 0.24965999999999999 5
FLAG 0.511266 0.041539 0.238315 5
FLAG 0.037122000000000002 -0.86095999999999995 0.36276399999999998 5
FLAG 0.054011000000000003 -0.85038000000000002 0.42225699999999999 5
FLAG 0.038329000000000002 -0.86026000000000002 0.30554399999999998 5
FLAG 0.48746499999999998 0.24499499999999999 0.15790599999999999 5
FLAG 0.129221 -0.7762 0.40916999999999998 5
FLAG 0.19068099999999999 -0.67261000000000004 0.38541199999999998 5
FLAG 0.45976400000000001 0.41843200000000003 0.123094 5
FLAG 0.26503300000000002 -0.5575 0.36591800000000002 5
FLAG 0.36677900000000002 0.639293 0.12632599999999999 5
FLAG 0.36186699999999999 -0.439 0.37110799999999999 5
FLAG 0.27257799999999999 0.74723600000000001 0.12931500000000001 5
FLAG 0.44199699999999997 -0.32402999999999998 0.37543100000000001 5
FLAG 0.49728099999999997 -0.15973999999999999 0.33938800000000002 5
FLAG 0.48641600000000002 0.24962799999999999 0.33619100000000002 5
FLAG 0.45934900000000001 0.421761 0.368502 5
FLAG 0.42975099999999999 0.54040600000000005 0.38406899999999999 5
FLAG 0.366255 0.63994099999999998 0.37909900000000002 5
FLAG 0.27360499999999999 0.746058 0.38103599999999999 5
FLAG 0.19070599999999999 0.84048400000000001 0.39829700000000001 5
FLAG -0.01434 1.035974 0.46560400000000002 5
FLAG 0.023057999999999999 1.0018800000000001 0.45680700000000002 5
FLAG 0.064336000000000004 0.96298399999999995 0.441938 5
FLAG -0.025309999999999999 1.045328 0.43656800000000001 5
FLAG -0.024479999999999998 1.044638 0.40860200000000002 5
FLAG -0.024840000000000001 1.0449360000000001 0.381579 5
FLAG 0.11974899999999999 0.91101699999999997 0.42452200000000001 5
FLAG -0.024840000000000001 1.0449360000000001 0.355263 5
FLAG -0.024840000000000001 1.0449360000000001 0.32894699999999999 5
FLAG -0.024840000000000001 1.0449360000000001 0.30263200000000001 5
FLAG -0.024830000000000001 1.0449280000000001 0.27631600000000001 5
FLAG -0.024840000000000001 1.0449360000000001 0.25 5
FLAG -0.024840000000000001 1.0449360000000001 0.22368399999999999 5
FLAG -0.024840000000000001 1.0449360000000001 0.19736799999999999 5
FLAG -0.024840000000000001 1.0449360000000001 0.17105300000000001 5
FLAG -0.024840000000000001 1.0449360000000001 0.144737 5
FLAG -0.024840000000000001 1.0449360000000001 0.118421 5
FLAG -0.02453 1.0446759999999999 0.091667999999999999 5
FLAG -0.02528 1.045299 0.063531000000000004 5
FLAG 0.45721699999999998 -0.29320000000000002 0.25455800000000001 5
FLAG 0.0013179999999999999 1.022017 0.069679000000000005 5
FLAG 0.001085 1.0222290000000001 0.430419 5
FLAG 0.095102000000000006 -0.81666000000000005 0.14699300000000001 5
FLAG 0.000232 1.023004 0.102493 5
FLAG 0.0033809999999999999 1.0201359999999999 0.13041700000000001 5
FLAG 0.0012019999999999999 1.0221229999999999 0.15773000000000001 5
FLAG 0.0020400000000000001 1.02136 0.18421100000000001 5
FLAG 0.0020400000000000001 1.02136 0.21052599999999999 5
FLAG 0.0020279999999999999 1.0213699999999999 0.23685999999999999 5
FLAG 0.0019959999999999999 1.0214000000000001 0.26317800000000002 5
FLAG 0.0020040000000000001 1.0213920000000001 0.28951900000000003 5
FLAG 0.0020330000000000001 1.021366 0.31579200000000002 5
FLAG 0.0015269999999999999 1.021827 0.34215800000000002 5
FLAG 0.0029629999999999999 1.020518 0.36943100000000001 5
FLAG -6.7000000000000002e-05 1.0232749999999999 0.39737499999999998 5
FLAG 0.076478000000000004 0.95158699999999996 0.37307800000000002 5
FLAG 0.031712999999999998 0.99373999999999996 0.40318399999999999 5
FLAG 0.13651199999999999 0.89507800000000004 0.33160299999999998 5
FLAG 0.21850700000000001 0.80973600000000001 0.26579999999999998 5
FLAG 0.31545600000000001 0.69880699999999996 0.254158 5
FLAG 0.40148 0.59212100000000001 0.25567899999999999 5
FLAG 0.44455099999999997 0.49936700000000001 0.25382700000000002 5
FLAG 0.46410299999999999 0.38106099999999998 0.23780999999999999 5
FLAG 0.39578200000000002 -0.39588000000000001 0.23105000000000001 5
FLAG 0.31095299999999998 -0.49981999999999999 0.240314 5
FLAG 0.211004 -0.63758999999999999 0.24835299999999999 5
FLAG 0.14943600000000001 -0.74543000000000004 0.30040499999999998 5
FLAG 0.092964000000000005 -0.81876000000000004 0.3342 5
FLAG 0.095655000000000004 -0.81611 0.23480999999999999 5
FLAG 0.14958399999999999 -0.74519000000000002 0.19398699999999999 5
FLAG 0.12865199999999999 0.90258300000000002 0.15938099999999999 5
FLAG 0.076283000000000004 0.95176899999999998 0.12833800000000001 5
FLAG 0.032411000000000002 0.99308200000000002 0.097416000000000003 5
FLAG 0.036171000000000002 0.98953599999999997 0.34909200000000001 5
FLAG 0.036399000000000001 0.98932100000000001 0.153362 5
FLAG 0.078750000000000001 0.94945800000000002 0.205066 5
FLAG 0.14515500000000001 0.886741 0.23607500000000001 5
FLAG 0.079867999999999995 0.948411 0.292852 5
FLAG 0.035667999999999998 0.99000999999999995 0.30115599999999998 5
FLAG 0.037599 0.98818799999999996 0.25187100000000001 5
FLAG 0.034443000000000001 0.99116499999999996 0.20171900000000001 5
FLAG -0.17043999999999998 -1.5560849999999999 0.5 3
FLAG -0.22103499999999998 -1.5446499999999999 0.5 3
FLAG -0.191665 -1.502615 0.5 3
FLAG 0.051487000000000005 1.587728 0.5 3
FLAG 0.092947500000000002 1.5866690000000001 0.5 3
FLAG 0.076614500000000002 1.5456650000000001 0.5 3
FLAG 0.086586999999999997 -1.5680299999999998 0 2
FLAG -1.0451350000000001 1.1352359999999999 0.5 3
FLAG -1.81999 0.33623000000000003 0 2
FLAG -1.90852 0.40766400000000003 0 2
FLAG -1.9243999999999999 0.30785699999999999 0 2
FLAG -2.0079000000000002 0.40449800000000002 0.074750499999999998 4
FLAG -1.5608150000000001 0.087538000000000005 0.5 3
FLAG -1.4632800000000001 0.025853999999999995 0.5 3
FLAG -1.572085 -0.018626000000000004 0.5 3
FLAG 1.3417970000000001 1.3916675000000001 0.36991449999999998 4
FLAG 1.2610115 1.459214 0.36991600000000002 4
FLAG 1.3008294999999999 1.4238435 0.2398305 4
FLAG 1.6811764999999999 0.9901025 0.36991750000000001 4
FLAG 1.6497595 1.0339670000000001 0.5 9
FLAG 1.6217030000000001 1.0770394999999999 0.36991750000000001 4
FLAG 1.9520005 -0.0041344999999999993 0.5 3
FLAG 2.0450204999999997 0.011994500000000002 0.369917 4
FLAG 1.9391150000000001 0.10037 0.5 3
FLAG 2.0367245 0.065754499999999994 0.5 9
FLAG 2.0321350000000002 0.11649899999999999 0.369917 4
FLAG 1.597755 0.030044499999999998 0.5 3
FLAG -1.4776 -0.18694 0.5 3
FLAG 0.50598299999999996 -1.463085 0.5 3
FLAG 1.5581309999999999 1.161483 0.36991600000000002 4
FLAG 1.589548 1.1176184999999998 0.23983349999999998 4
FLAG 1.227814 0.99011499999999997 0.5 3
FLAG 1.1618395000000001 1.0603405000000001 0.5 3
FLAG 1.2804245000000001 1.1141185 0.5 3
FLAG 1.2201045000000001 1.4883329999999999 0 6
FLAG 1.2622154999999999 1.4582090000000001 0.11991599999999999 4
FLAG 1.1779329999999999 1.521514 0.11991599999999999 4
FLAG 1.9073795 -0.81445999999999996 0.11991400000000001 4
FLAG 1.8700829999999999 -0.91335500000000003 0.1199095 4
FLAG 1.8880595 -0.86216500000000007 0.23982350000000002 4
FLAG -0.218475 -1.5442800000000001 0 2
FLAG -0.069834999999999994 -1.595215 0.5 3
FLAG -1.0676399999999999 1.2446520000000001 0 2
FLAG 1.5884795 0.91355950000000008 0 2
FLAG 1.5235219999999998 0.81511250000000002 0 2
FLAG 1.6461794999999999 0.84552000000000005 0 2
FLAG 1.7797769999999999 -1.10392 0.11992650000000001 4
FLAG 1.8027949999999999 -1.05511 0.23983599999999999 4
FLAG 1.827745 -1.00987 0.1199095 4
FLAG -0.149835 -1.5940650000000001 0 2
FLAG 0.065440499999999999 -2.0282499999999999 0.237646 4
FLAG 0.1198375 -2.03674 0.1198055 4
FLAG 0.013176999999999998 -2.0231699999999999 0.1178405 4
FLAG -1.9593850000000002 0.11312899999999999 0.5 3
FLAG -2.0533250000000001 0.116701 0.36996400000000002 4
FLAG -1.9676900000000002 0.0081425000000000004 0.5 3
FLAG -2.0558550000000002 0.066626499999999991 0.5 9
FLAG -2.0616300000000001 0.011714499999999999 0.36996400000000002 4
FLAG -1.24322 -1.4517500000000001 0.23983500000000002 4
FLAG 2.0376754999999998 -0.30259999999999998 0.3699095 4
FLAG 2.0483599999999997 -0.19842500000000002 0.36992350000000002 4
FLAG 2.0408634999999999 -0.251805 0.23983300000000002 4
FLAG 1.407484 -0.98138999999999998 0 2
FLAG 1.3420195000000001 -0.92839500000000008 0 2
FLAG 1.2858494999999999 -1.0092449999999999 0 2
FLAG 0.24420700000000001 1.7085154999999999 0 2
FLAG -1.53939 1.4668610000000002 0.36991649999999998 4
FLAG -1.499795 1.502013 0.2398325 4
FLAG -1.4618850000000001 1.5386410000000001 0.36991600000000002 4
FLAG 0.50349299999999997 1.5905075 0.5 3
FLAG 0.52046049999999999 1.6677919999999999 0.5 3
FLAG 0.58847650000000007 1.6393455000000001 0.5 3
FLAG -0.19247999999999998 -1.5024299999999999 0 2
FLAG -0.16775499999999999 -1.55579 0 2
FLAG 0.010942499999999997 -1.6076250000000001 0 2
FLAG -0.0087180000000000001 -1.5610200000000001 0 2
FLAG 0.035814499999999999 -1.5727549999999999 0 2
FLAG 0.0669265 -1.5214249999999998 0 2
FLAG 0.12714700000000001 -1.6352249999999999 0 2
FLAG 0.15825899999999998 -1.5838950000000001 0 2
FLAG 0.63254549999999998 -1.4130349999999998 0 2
FLAG 0.56588400000000005 -1.44157 0 2
FLAG 0.57187250000000001 -1.3556949999999999 0 2
FLAG 0.50666699999999998 -1.4751099999999999 0 2
FLAG 0.44084400000000001 -1.4114200000000001 0 2
FLAG 0.44230000000000003 -1.5023 0 2
FLAG 0.83587800000000001 -1.33839 0 2
FLAG 1.3942255000000001 -0.85111500000000007 0 2
FLAG 1.4392485000000002 -0.52333000000000007 0 2
FLAG 1.5502825 -0.46671000000000001 0 2
FLAG 1.5194830000000001 -0.56598000000000004 0 2
FLAG 1.0295894999999999 1.1915675000000001 0.5 3
FLAG 1.14452 1.2475205 0.5 3
FLAG 1.0995195 1.1283910000000001 0.5 3
FLAG 0.85738800000000004 1.3663245000000002 0.5 3
FLAG 0.92964800000000003 1.3988425 0.5 3
FLAG 0.87512299999999998 1.4485060000000001 0.5 3
FLAG 0.67669749999999995 1.4202520000000001 0 2
FLAG 0.383127 1.5669649999999999 0 2
FLAG 0.44216549999999999 1.5482494999999998 0 2
FLAG 0.6274805 1.4516344999999999 0.5 3
FLAG 0.62777950000000005 1.5227689999999998 0.5 3
FLAG 0.57121 1.4909265 0.5 3
FLAG 0.50977000000000006 1.519779 0 2
FLAG 0.50026750000000009 1.5917685000000001 0 2
FLAG 0.39262950000000002 1.4949754999999998 0 2
FLAG 0.25878200000000001 1.5979625 0 2
FLAG 0.22607650000000001 1.6478355 0 2
FLAG 0.18829750000000001 1.5849 0 2
FLAG 0.36461200000000005 1.6405685000000001 0 2
FLAG 0.31507600000000002 1.5872945000000001 0 2
FLAG 0.072856000000000004 1.5855990000000002 0 2
FLAG 0.091166999999999998 1.6307065000000001 0 2
FLAG 0.13728100000000001 1.5896655000000002 0 2
FLAG 0.16998650000000001 1.5397924999999999 0 2
FLAG 0.6236060000000001 1.453803 0 2
FLAG 0.62002550000000001 1.3884539999999999 0 2
FLAG 1.0921835 1.5818734999999999 0.1199205 4
FLAG 1.1342945 1.5517495000000001 0.23983650000000001 4
FLAG 1.1621490000000001 1.0605585 0 2
FLAG 1.2937725 0.68745100000000003 0.5 3
FLAG 1.3924275000000002 0.7650015 0.5 3
FLAG 1.4478529999999998 0.67604550000000008 0.5 3
FLAG 1.4080524999999999 0.73980599999999996 0 2
FLAG 1.4657524999999998 0.67176649999999993 0 2
FLAG 0.23656549999999998 2.075653 0.23983299999999999 4
FLAG 0.28741899999999998 2.0682995000000002 0.36991649999999998 4
FLAG 0.18372450000000001 2.0878934999999998 0.36991649999999998 4
FLAG 0.031910000000000001 1.6270419999999999 0.5 3
FLAG -0.0074749999999999999 1.684688 0.5 3
FLAG 0.028435000000000002 1.6863779999999999 0.5 3
FLAG -0.070434999999999998 1.5935485 0.5 3
FLAG -0.12248000000000001 1.5895825000000001 0.5 3
FLAG -0.097744999999999999 1.5407739999999999 0.5 3
FLAG 1.4959724999999999 0.58441799999999999 0 2
FLAG 1.6114419999999998 0.65972450000000005 0 2
FLAG -0.0052729999999999999 1.5457320000000001 0.5 3
FLAG -0.024849999999999997 1.585046 0.5 3
FLAG 0.015576999999999999 1.5860379999999998 0.5 3
FLAG 1.7284215000000001 0.66648050000000003 0 2
FLAG 1.6982014999999999 0.75382899999999997 0 2
FLAG 1.5927324999999999 0.66617499999999996 0.5 3
FLAG 1.4940774999999999 0.58862449999999999 0.5 3
FLAG 0.51351799999999992 1.4471479999999999 0.5 3
FLAG 0.51381699999999997 1.5182825 0.5 3
FLAG 0.51957399999999998 1.6685845000000001 0 2
FLAG 0.52443200000000001 1.7586615000000001 0 2
FLAG 0.43752100000000005 1.7103159999999999 0 2
FLAG 0.445801 1.546729 0.5 3
FLAG 1.7784344999999999 -0.096030000000000004 0 2
FLAG 1.6899125000000002 -0.165045 0 2
FLAG 1.773533 -0.217055 0 2
FLAG 1.5814499999999998 -0.30150500000000002 0.5 3
FLAG 1.5775295 -0.35506499999999996 0 2
FLAG 0.97543000000000002 1.2466089999999999 0.5 3
FLAG 0.99325149999999995 1.313679 0.5 3
FLAG 0.89409150000000004 1.2495910000000001 0.5 3
FLAG 0.78978100000000007 1.3448305 0.5 3
FLAG 0.82648450000000007 1.228097 0.5 3
FLAG 0.844306 1.2951670000000002 0.5 3
FLAG 1.5933999999999999 -0.61328500000000008 0 2
FLAG 1.4823660000000001 -0.66990499999999997 0 2
FLAG 1.2190984999999999 -1.085 0 2
FLAG 1.1550609999999999 -1.1496850000000001 0 2
FLAG 1.1563474999999999 -1.0209350000000001 0 2
FLAG 1.0469090000000001 1.0043875 0.5 3
FLAG 0.91460450000000004 -1.2997800000000002 0 2
FLAG 0.86312849999999997 -1.2260900000000001 0 2
FLAG 1.3576955000000002 0.84680099999999991 0.5 3
FLAG 1.511776 0.83539549999999996 0.5 3
FLAG 1.1737880000000001 0.85637199999999991 0.5 3
FLAG 0.36920750000000002 -1.5276700000000001 0 2
FLAG 0.30279600000000001 -1.5517300000000001 0 2
FLAG 0.31006549999999999 -1.4626700000000001 0 2
FLAG -0.055830000000000005 -1.6450450000000001 0 2
FLAG -0.011297500000000002 -1.6567799999999999 0 2
FLAG -0.12384000000000001 -1.5522149999999999 0 2
FLAG -0.047920000000000004 -1.5599449999999999 0 2
FLAG -0.023047999999999999 -1.525075 0 2
FLAG 1.9888365000000001 0.32076749999999998 0.11991599999999999 4
FLAG 1.9721804999999999 0.37140499999999999 0.23983549999999998 4
FLAG 1.9585900000000001 0.42165950000000002 0.1199195 4
FLAG 1.5338419999999999 -0.51507999999999998 0.5 3
FLAG 1.601591 -0.186255 0.5 3
FLAG 1.512731 -0.10652500000000001 0.5 3
FLAG 1.6065960000000001 -0.081570000000000004 0.5 3
FLAG 1.4896479999999999 -0.31446499999999999 0.5 3
FLAG 1.563372 -0.40476000000000001 0.5 3
FLAG 1.8491184999999999 -0.95750500000000005 0.5 9
FLAG 1.8709644999999999 -0.91100500000000006 0.3699095 4
FLAG 1.8289170000000001 -1.00756 0.3699095 4
FLAG 1.7809490000000001 -1.10161 0.36992649999999999 4
FLAG 1.5099685 -0.80887500000000001 0 2
FLAG 1.118201 -1.769695 0.119919 4
FLAG 1.0630535000000001 -1.683235 0 2
FLAG 1.1510629999999999 -1.6252149999999999 0 2
FLAG 1.2062105000000001 -1.7116750000000001 0.119919 4
FLAG 1.1608225000000001 -1.7402500000000001 0 6
FLAG 0.63791900000000001 -1.40872 0.5 3
FLAG 0.53925800000000002 -2.016105 0.119911 4
FLAG 0.64151399999999992 -1.99078 0.119911 4
FLAG 0.58917299999999995 -2.0016850000000002 0 6
FLAG 0.15324199999999999 -1.564365 0.5 3
FLAG 0.1798505 -1.5019200000000001 0.5 3
FLAG 0.2160715 -1.5494750000000002 0.5 3
FLAG -0.047920000000000004 -1.56121 0.5 3
FLAG -0.08416499999999999 -1.5580050000000001 0.5 3
FLAG -0.12357499999999999 -1.5530299999999999 0.5 3
FLAG 0.14540649999999999 -1.6759949999999999 0.5 3
FLAG 0.083292000000000005 -1.6780900000000001 0.5 3
FLAG 0.1273485 -1.614015 0.5 3
FLAG 0.44011849999999997 -1.49095 0.5 3
FLAG 0.118392 1.68201 0 2
FLAG 0.053967000000000001 1.6779435 0 2
FLAG 0.29184750000000004 1.7666845 0 2
FLAG 0.36947000000000002 1.7306455000000001 0 2
FLAG 0.36475650000000004 1.8364319999999998 0 2
FLAG -1.0142949999999999 -1.1869450000000001 0 2
FLAG -1.0545149999999999 -1.6354250000000001 0.1199105 4
FLAG -0.99060999999999999 -1.5495350000000001 0 2
FLAG -0.90631499999999998 -1.6126450000000001 0 2
FLAG -0.97021999999999997 -1.6985350000000001 0.1199105 4
FLAG -1.011425 -1.6647400000000001 0 6
FLAG -0.35121999999999998 -1.5191950000000001 0.5 3
FLAG -0.28691 -1.5404900000000001 0.5 3
FLAG -0.30657000000000001 -1.4698850000000001 0.5 3
FLAG -0.28798000000000001 -1.5406300000000002 0 2
FLAG -0.26325500000000002 -1.59399 0 2
FLAG -0.084084999999999993 -1.557245 0 2
FLAG -0.102005 -1.5189699999999999 0 2
FLAG -1.0728599999999999 -1.295455 0 2
FLAG -0.94308499999999995 -1.25698 0 2
FLAG -1.1528100000000001 -1.029385 0 2
FLAG -1.2076500000000001 -1.1438299999999999 0 2
FLAG -1.0892299999999999 -1.110975 0 2
FLAG -0.335565 -1.9448449999999999 0.20295750000000001 4
FLAG -0.28755999999999998 -1.9583249999999999 0.083573499999999995 4
FLAG -0.385015 -1.93184 0.119384 4
FLAG -1.7929649999999999 -0.80886999999999998 0.23991699999999999 4
FLAG -1.7578049999999998 -0.84876499999999999 0.11998449999999999 4
FLAG -1.8273899999999998 -0.77108500000000002 0.1199325 4
FLAG -1.2941449999999999 -0.87050500000000008 0 2
FLAG -1.3657349999999999 -0.79132500000000006 0 2
FLAG -1.2492700000000001 -0.75907000000000002 0 2
FLAG -0.10166 -1.5190250000000001 0.5 3
FLAG -1.7393800000000001 -0.71243000000000001 0 2
FLAG -1.7635000000000001 -0.154865 0 2
FLAG -1.6674449999999998 -0.071223999999999996 0 2
FLAG -1.7653749999999999 -0.040429 0 2
FLAG -1.560665 0.087626499999999996 0 2
FLAG -1.4632749999999999 0.025885499999999999 0 2
FLAG -1.57193 -0.018528999999999997 0 2
FLAG -1.65211 0.15269749999999999 0 2
FLAG -0.62392500000000006 -1.327955 0.5 3
FLAG -1.543455 0.19711200000000001 0 2
FLAG -0.95933000000000002 -1.0726200000000001 0.5 3
FLAG -1.1059350000000001 -0.91750500000000001 0.5 3
FLAG -1.249185 -0.75917000000000001 0.5 3
FLAG -1.4213 0.44609799999999999 0 2
FLAG -0.51302499999999995 -1.4700899999999999 0.5 3
FLAG -0.60682499999999995 -1.562125 0.5 3
FLAG -0.62695999999999996 -1.4701650000000002 0.5 3
FLAG -0.43188499999999996 -1.50532 0.5 3
FLAG -0.152945 -1.595065 0.5 3
FLAG -0.36084499999999997 1.8693819999999999 0 2
FLAG -0.32902999999999999 1.9777365 0 2
FLAG -0.42462500000000003 1.9654755000000002 0 2
FLAG -0.70151999999999992 1.685721 0.5 3
FLAG -0.69472 1.582362 0.5 3
FLAG -0.80424000000000007 1.639858 0.5 3
FLAG -0.40919 1.5748530000000001 0 2
FLAG -0.48510500000000001 1.651159 0 2
FLAG -0.51372499999999999 1.5546610000000001 0 2
FLAG -0.24973499999999998 1.5932840000000001 0 2
FLAG -0.18445 1.6027635 0 2
FLAG -0.21391500000000002 1.5274505 0 2
FLAG -0.60285000000000011 1.5196445000000001 0 2
FLAG -0.52693500000000004 1.4433385000000001 0 2
FLAG -0.41850500000000002 1.7642359999999999 0 2
FLAG -0.52304000000000006 1.7440440000000001 0 2
FLAG -1.4865349999999999 0.62189099999999997 0 2
FLAG -1.5866850000000001 0.58421900000000004 0 2
FLAG -1.51098 0.50995299999999999 0 2
FLAG -1.7840549999999999 0.91524700000000003 0 2
FLAG -1.6825999999999999 0.92431850000000004 0 2
FLAG -1.761665 1.0025474999999999 0 2
FLAG -1.5333350000000001 0.30337700000000001 0 2
FLAG -1.6230150000000001 0.367232 0 2
FLAG -1.52145 0.40842600000000001 0 2
FLAG -1.2303649999999999 1.0960334999999999 0 2
FLAG -1.37426 0.92657149999999999 0.5 3
FLAG -1.40967 1.0264945000000001 0.5 3
FLAG -1.30027 1.023515 0.5 3
FLAG -1.3003750000000001 1.0219639999999999 0 2
FLAG -1.1947100000000002 0.99784650000000008 0 2
FLAG -0.6947350000000001 1.5822210000000001 0 2
FLAG -0.70794500000000005 1.4708985000000001 0 2
FLAG -1.486605 0.62228450000000002 0.5 3
FLAG -1.4627349999999999 0.72129500000000002 0.5 3
FLAG -1.3869799999999999 0.64655850000000004 0.5 3
FLAG -0.79638000000000009 1.424034 0.5 3
FLAG -0.70591000000000004 1.3598405 0.5 3
FLAG -0.7069700000000001 1.4723055 0.5 3
FLAG -0.049585000000000004 1.6338545 0.5 3
FLAG -0.053060000000000003 1.6931905 0.5 3
FLAG -0.11386 1.7102710000000001 0.5 3
FLAG -0.071749999999999994 1.7611045000000001 0.5 3
FLAG -1.313885 0.83474549999999992 0 2
FLAG -0.15901999999999999 1.6546105 0.5 3
FLAG -0.17771000000000001 1.7225245 0.5 3
FLAG -1.5180899999999999 -1.128455 0.2398255 4
FLAG -1.4944950000000001 -0.62377499999999997 0.5 3
FLAG -1.37846 -0.59065500000000004 0.5 3
FLAG -1.4368150000000002 -0.71310000000000007 0.5 3
FLAG -1.6874750000000001 -0.927315 0.11998449999999999 4
FLAG -1.7219 -0.88953000000000004 0 6
FLAG -1.32704 -1.1777199999999999 0 2
FLAG -1.4168349999999998 -1.2518699999999998 0.11991549999999999 4
FLAG -1.6543700000000001 -0.96645999999999999 0.23989450000000001 4
FLAG -1.5358149999999999 -0.93785000000000007 0.5 3
FLAG -1.61887 -1.00675 0.36991000000000002 4
FLAG -1.468305 -1.0187599999999999 0.5 3
FLAG -1.58487 -1.0480399999999999 0.5 9
FLAG -1.5513600000000001 -1.0876600000000001 0.36991000000000002 4
FLAG -1.618465 -1.007225 0.11991 4
FLAG -1.332835 -1.1803949999999999 0.5 3
FLAG -1.4506049999999999 -1.2104699999999999 0.5 9
FLAG -1.3995899999999999 -1.098875 0.5 3
FLAG -1.417335 -1.2512650000000001 0.36991550000000001 4
FLAG -1.4840900000000001 -1.1697449999999998 0.36991550000000001 4
FLAG -0.79971499999999995 -1.2130550000000002 0 2
FLAG -0.79953500000000011 -1.213185 0.5 3
FLAG -1.1232899999999999 -1.4091050000000001 0 2
FLAG -1.1945000000000001 -1.33907 0 2
FLAG -1.2799 -1.4132099999999999 0.119912 4
FLAG -1.20825 -1.49126 0.119923 4
FLAG -0.43235000000000001 -1.50471 0 2
FLAG -0.51354499999999992 -1.4694449999999999 0 2
FLAG -0.45228499999999994 -1.4132349999999998 0 2
FLAG -0.58831 -1.871445 0.11992949999999999 4
FLAG -0.535825 -1.8869500000000001 0.23931350000000001 4
FLAG -0.48550499999999996 -1.9028550000000002 0.119384 4
FLAG -0.26722000000000001 -1.883505 0.5 3
FLAG -0.28728999999999999 -1.9583849999999998 0.415771 4
FLAG -0.16519 -1.908965 0.5 3
FLAG -0.23574000000000001 -1.9705699999999999 0.5 9
FLAG -0.18525999999999998 -1.9838450000000001 0.415771 4
FLAG -0.076554999999999998 -1.6482049999999999 0.5 3
FLAG -0.1128 -1.645 0.5 3
FLAG 0.38196600000000003 -2.0359850000000002 0 6
FLAG 0.33037700000000003 -2.04251 0.119932 4
FLAG 0.43532799999999999 -2.0335350000000001 0.119932 4
FLAG 0.57205299999999992 -1.4369000000000001 0.5 3
FLAG 0.57608400000000004 -1.3538899999999998 0.5 3
FLAG 0.77158199999999999 -1.3692099999999998 0 2
FLAG 0.71146799999999999 -1.2959299999999998 0 2
FLAG 0.69864800000000005 -1.4004399999999999 0 2
FLAG 0.70739799999999997 -1.3868199999999999 0.5 3
FLAG 0.71374700000000002 -1.29495 0.5 3
FLAG 0.77919500000000008 -1.3560599999999998 0.5 3
FLAG 0.86768000000000001 -1.3305799999999999 0.5 3
FLAG 0.94688550000000005 -1.2916349999999999 0.5 3
FLAG 0.86474950000000006 -1.2252449999999999 0.5 3
FLAG 0.93479199999999996 -1.8737599999999999 0.1199115 4
FLAG 1.0276799999999999 -1.8239399999999999 0.1199115 4
FLAG 0.97992499999999993 -1.84809 0 6
FLAG 0.27239400000000002 -1.8580950000000001 0.5 3
FLAG 0.32571850000000002 -1.9430050000000001 0.5 3
FLAG 0.23027449999999999 -1.9599900000000001 0.5 3
FLAG 0.44435349999999996 -1.4099349999999999 0.5 3
FLAG 0.78923299999999996 -1.9371350000000001 0 6
FLAG 0.741591 -1.9580099999999998 0.11992949999999999 4
FLAG 0.839395 -1.918785 0.11992949999999999 4
FLAG 1.4187959999999999 -1.2784599999999999 0 2
FLAG 1.4634589999999998 -1.377845 0 2
FLAG 1.52027 -1.304705 0 2
FLAG 1.0309839999999999 -1.2336499999999999 0.5 3
FLAG 1.0203260000000001 -1.1341399999999999 0.5 3
FLAG 1.1073550000000001 -1.1814899999999999 0.5 3
FLAG 1.1845585000000001 -1.1186449999999999 0.5 3
FLAG 1.0709629999999999 -1.2032449999999999 0 2
FLAG 1.0170824999999999 -1.1365500000000002 0 2
FLAG 0.99573550000000011 -1.254175 0 2
FLAG 1.2493110000000001 -1.05217 0.5 3
FLAG 1.1614495 -1.0155050000000001 0.5 3
FLAG 1.847065 -0.96216500000000005 0 6
FLAG 1.312506 -0.97378500000000001 0.5 3
FLAG 1.6657419999999998 -1.28095 0.119918 4
FLAG 1.6948439999999998 -1.2357499999999999 0.23984450000000002 4
FLAG 1.725725 -1.1943600000000001 0.11992650000000001 4
FLAG 1.9559540000000002 -0.095590000000000008 0 2
FLAG 2.0507005 -0.095384999999999998 0.1199235 4
FLAG 2.0451420000000002 0.0097995000000000027 0.119917 4
FLAG 2.0459895000000001 -0.042445500000000004 0.23984050000000001 4
FLAG 1.9533784999999999 -0.20089000000000001 0 2
FLAG 2.0481249999999998 -0.200685 0.1199235 4
FLAG 1.7799580000000002 -0.60605500000000001 0 2
FLAG 1.7199580000000001 -0.50922000000000001 0 2
FLAG 1.690517 -0.60619500000000004 0 2
FLAG 1.0909605 1.5827235000000002 0.36992049999999999 4
FLAG 1.0403795 1.5171809999999999 0.5 3
FLAG 0.73740899999999998 1.3858999999999999 0 2
FLAG 0.72320450000000003 1.315741 0 2
FLAG 0.78749650000000004 1.346738 0 2
FLAG 0.84244450000000004 1.296532 0 2
FLAG 0.89242899999999992 1.250961 0 2
FLAG 0.82327649999999997 1.2310080000000001 0 2
FLAG 1.0060385000000001 1.6426690000000002 0.1199205 4
FLAG 0.96444250000000009 1.6746055 0.23985000000000001 4
FLAG 0.92193600000000009 1.7051655000000001 0.11992949999999999 4
FLAG 0.858931 1.5407919999999999 0.5 3
FLAG 0.865873 1.637737 0.5 3
FLAG 0.95432499999999998 1.577969 0.5 3
FLAG 0.75594249999999996 1.8349325000000001 0.119908 4
FLAG 0.28849849999999999 2.0680990000000001 0.1199165 4
FLAG 0.33805099999999999 2.0514885 0 6
FLAG 0.38981250000000001 2.0394484999999998 0.1199165 4
FLAG 0.53462050000000005 1.8637039999999998 0 2
FLAG 0.53311350000000002 1.9749265 0 6
FLAG 0.44087200000000004 1.9116154999999999 0 2
FLAG 0.3632495 1.9476545000000001 0 2
FLAG 0.184804 2.0876929999999998 0.1199165 4
FLAG -0.118255 1.5893904999999999 0 2
FLAG -0.066534999999999997 1.5933074999999999 0 2
FLAG -0.09691000000000001 1.5408469999999999 0 2
FLAG -0.025531999999999999 2.1033315000000004 0.1199165 4
FLAG 0.080063499999999996 2.0990514999999998 0.1199165 4
FLAG 0.027275499999999994 2.0995270000000001 0.23983299999999999 4
FLAG -0.13090499999999999 2.1013790000000001 0.1199165 4
FLAG -0.078116999999999992 2.1009035000000003 0 23
FLAG -0.13184499999999999 2.1013109999999999 0.36991649999999998 4
FLAG -0.23729 2.093785 0.36991550000000001 4
FLAG -0.18376500000000001 2.0962810000000003 0.23983199999999999 4
FLAG -0.33264499999999997 1.5945145000000001 0.5 3
FLAG -0.36085499999999998 1.4975535 0.5 3
FLAG -0.41220999999999997 1.574492 0.5 3
FLAG -0.23635 2.0938530000000002 0.11991549999999999 4
FLAG -0.65076500000000004 2.0137369999999999 0.36990800000000001 4
FLAG -0.7003950000000001 1.995879 0.5 9
FLAG -0.75080999999999998 1.9808430000000001 0.36990800000000001 4
FLAG -0.34186000000000005 2.0811495 0.36991550000000001 4
FLAG -0.44601500000000005 2.0636405 0.369917 4
FLAG -0.39336500000000002 2.0712459999999999 0.2398325 4
FLAG -0.87997499999999995 1.2553985000000001 0 2
FLAG -0.72589499999999996 1.7834785 0.5 3
FLAG -0.84804000000000002 1.942617 0.11992800000000001 4
FLAG -0.75015000000000009 1.9811005000000002 0.119908 4
FLAG -0.79906999999999995 1.9602175000000002 0.23983599999999999 4
FLAG -0.44516500000000003 2.0637835 0.119917 4
FLAG -1.2440850000000001 1.591027 0 2
FLAG -1.2988850000000001 1.673079 0.11991599999999999 4
FLAG -1.1591450000000001 1.6534629999999999 0 2
FLAG -1.2557400000000001 1.7035130000000001 0 6
FLAG -1.2139450000000001 1.7355149999999999 0.11991599999999999 4
FLAG -1.0747599999999999 1.7092754999999999 0 2
FLAG -1.1265550000000002 1.7942974999999999 0.11991499999999999 4
FLAG -0.98459000000000008 1.7638514999999999 0 2
FLAG -1.08063 1.8205249999999999 0 6
FLAG -1.0363850000000001 1.8488734999999998 0.11991499999999999 4
FLAG -0.88989000000000007 1.5960725 0.5 3
FLAG -0.89668999999999999 1.6994315 0.5 3
FLAG -1.1697000000000002 1.7638635 0.23983099999999999 4
FLAG -1.3814850000000001 1.6074349999999999 0.11991599999999999 4
FLAG -1.33969 1.639437 0.23983199999999999 4
FLAG -1.36527 1.368433 0 2
FLAG -1.4018799999999998 1.4704294999999998 0 2
FLAG -1.4642900000000001 1.4020234999999999 0 2
FLAG -1.606725 1.082219 0 2
FLAG -1.6633149999999999 1.1683875000000001 0 2
FLAG -1.7168000000000001 1.0977874999999999 0 2
FLAG -1.491385 1.2271000000000001 0.5 3
FLAG -1.3830399999999998 1.2125984999999999 0.5 3
FLAG -1.4440249999999999 1.1379394999999999 0.5 3
FLAG -1.5390999999999999 1.4671265 0.1199165 4
FLAG -1.461595 1.5389065 0.11991599999999999 4
FLAG -1.4233850000000001 0.83756000000000008 0.5 3
FLAG -1.600905 1.2532075 0 2
FLAG -1.4904600000000001 1.226423 0 2
FLAG -1.538125 1.3268115 0 2
FLAG -1.76831 1.182515 0.25032599999999999 4
FLAG -1.797385 1.1390495 0.130438 4
FLAG -1.7443150000000001 1.2274215000000002 0.11988799999999999 4
FLAG -1.8182550000000002 1.088716 0 6
FLAG -1.5103 0.51068500000000006 0.5 3
FLAG -1.4213100000000001 0.44605950000000005 0.5 3
FLAG -1.5207600000000001 0.40919650000000002 0.5 3
FLAG -1.7444350000000002 1.22722 0.36988799999999999 4
FLAG -1.7975050000000001 1.1388480000000001 0.380438 4
FLAG -1.73244 0.73955799999999994 0.5 3
FLAG -1.908685 0.8419605 0.29074650000000002 4
FLAG -1.8762949999999998 0.95368799999999998 0.36019000000000001 4
FLAG -1.8956200000000001 0.8814535 0.43055650000000001 4
FLAG -1.7821549999999999 0.53908599999999995 0 2
FLAG -1.7076199999999999 0.45415899999999998 0 2
FLAG -1.685665 0.55720800000000004 0 2
FLAG -1.8414699999999999 0.71671200000000002 0 2
FLAG -1.9462649999999999 0.68850349999999993 0 6
FLAG -1.864995 0.61392650000000004 0 2
FLAG -1.9287649999999998 0.76628600000000002 0.075040999999999997 4
FLAG -1.9522900000000001 0.66350050000000005 0.075040999999999997 4
FLAG 0.6166735000000001 1.8219725 0 2
FLAG 0.66962150000000009 1.8975660000000001 0.36990800000000001 4
FLAG 0.580507 1.9537040000000001 0.36992750000000002 4
FLAG 0.62538650000000007 1.9229129999999999 0.23983550000000001 4
FLAG 0.79742050000000009 1.8019384999999999 0.23983749999999998 4
FLAG 0.838862 1.7700960000000001 0.11992949999999999 4
FLAG -1.586055 0.58542150000000004 0.5 3
FLAG -1.8136000000000001 0.81407199999999991 0.5 3
FLAG -1.893005 0.89215899999999992 0.5 9
FLAG -1.783825 0.91509399999999996 0.5 3
FLAG -1.925395 0.78043149999999994 0.43055650000000001 4
FLAG -1.5433600000000001 0.19735999999999998 0.5 3
FLAG -1.5332400000000002 0.30363649999999998 0.5 3
FLAG -1.4418899999999999 0.23829450000000002 0.5 3
FLAG -1.9522900000000001 0.66350050000000005 0.200041 4
FLAG -1.9697899999999999 0.58571799999999996 0.125 4
FLAG 1.0049060000000001 1.6435115 0.36992049999999999 4
FLAG 0.9208035 1.706008 0.36992950000000002 4
FLAG 1.0431835 1.5156529999999999 0 2
FLAG 1.049677 1.6124335000000001 0 6
FLAG 0.95703850000000001 1.5764485000000001 0 2
FLAG 1.0109865 1.3958604999999999 0.5 3
FLAG 0.97445350000000008 1.2479825 0 2
FLAG 1.0287005 1.1929755 0 2
FLAG 0.927508 1.13043 0 2
FLAG 1.40072 1.1631390000000001 0.5 3
FLAG 1.5226635000000002 1.2016445 0.5 9
FLAG 1.4683424999999999 1.0823985 0.5 3
FLAG 1.1736275 0.85644750000000003 0 2
FLAG 1.4916320000000001 1.2410204999999999 0.11991599999999999 4
FLAG 1.4537955 1.2791795000000001 0.2398305 4
FLAG 1.4194515000000001 1.318138 0.11991449999999999 4
FLAG 1.4713704999999999 1.0794364999999999 0 2
FLAG 1.5248235000000001 1.199063 0 6
FLAG 1.4038349999999999 1.1603525000000001 0 2
FLAG 1.5591675 1.1601045000000001 0.11991599999999999 4
FLAG 1.737892 0.898891 0.1199185 4
FLAG 1.7088835 0.94349499999999997 0.23983599999999999 4
FLAG 1.6821284999999999 0.98857099999999998 0.1199175 4
FLAG 1.789914 0.80719999999999992 0.1199185 4
FLAG 1.7631589999999999 0.85227600000000003 0 6
FLAG 1.4650315 0.30695800000000001 0.5 3
FLAG 1.586049 0.13414200000000001 0.5 3
FLAG 1.50603 0.1022575 0.5 3
FLAG -1.1270100000000001 1.7939910000000001 0.36991499999999999 4
FLAG -1.2143999999999999 1.7352085000000002 0.36991600000000002 4
FLAG 1.9999259999999999 0.26855899999999999 0 6
FLAG 2.0135164999999997 0.21830450000000001 0.11991599999999999 4
FLAG 1.5064820000000001 0.097886500000000001 0 2
FLAG 2.0325185000000001 0.11441750000000001 0.119917 4
FLAG 2.0214289999999999 0.166626 0.23983299999999999 4
FLAG 2.0131329999999998 0.220386 0.36991600000000002 4
FLAG 1.9989560000000002 0.27259250000000002 0.5 9
FLAG 1.9882499999999999 0.32271949999999999 0.36991600000000002 4
FLAG 1.8608980000000002 -0.24076500000000001 0 2
FLAG 1.9522215000000001 -0.29361500000000001 0 2
FLAG 2.0073115000000001 -0.45842000000000005 0.23983500000000002 4
FLAG 2.0194695 -0.40869500000000003 0.1199095 4
FLAG 1.9966020000000002 -0.51113500000000001 0.1199255 4
FLAG 1.657764 -0.39771500000000004 0 2
FLAG 1.9706955000000002 -0.61082499999999995 0.36992550000000002 4
FLAG 1.9833719999999999 -0.55881000000000003 0.5 9
FLAG 1.9971204999999999 -0.50884499999999999 0.36992550000000002 4
FLAG 1.4405399999999999 -0.75944999999999996 0 2
FLAG 1.3666230000000001 -0.71214500000000003 0 2
FLAG 0.83781550000000005 1.7709250000000001 0.36992950000000002 4
FLAG 0.75489600000000001 1.8357615 0.36990800000000001 4
FLAG 0.48672300000000002 2.0013719999999999 0.36992750000000002 4
FLAG 0.38871699999999998 2.039876 0.36991649999999998 4
FLAG 0.43826599999999999 2.0175549999999998 0.239844 4
FLAG 0.36075100000000004 1.9485565 0.5 3
FLAG 0.25945300000000004 1.9769800000000002 0.5 3
FLAG 0.33587600000000001 2.0521165000000003 0.5 9
FLAG 0.53363450000000001 1.8657305000000002 0.5 3
FLAG 0.31814750000000003 1.5876064999999999 0.5 3
FLAG 0.26036150000000002 1.598662 0.5 3
FLAG 0.27906700000000001 1.5239335000000001 0.5 3
FLAG 1.5998969999999999 -1.3632150000000001 0.119918 4
FLAG 1.6307779999999998 -1.321825 0 6
FLAG 1.5861149999999999 -1.22244 0 2
FLAG 1.6672594999999999 -1.2787600000000001 0.36991799999999997 4
FLAG 1.7272425 -1.19217 0.36992649999999999 4
FLAG 1.2582145 1.3056909999999999 0.5 3
FLAG 1.3785099999999999 1.3547115000000001 0.5 9
FLAG 1.3347454999999999 1.2333645 0.5 3
FLAG 0.71001650000000005 1.8665525000000001 0.5 9
FLAG 1.4136644999999999 -1.547925 0.23983750000000001 4
FLAG 1.4534790000000002 -1.5147849999999998 0.11991 4
FLAG 1.3741725 -1.5843500000000001 0.11992750000000001 4
FLAG 1.2489735 -1.679305 0.23984650000000002 4
FLAG 1.291595 -1.6498599999999999 0.11992750000000001 4
FLAG 1.2085599999999999 -1.709975 0.369919 4
FLAG 1.2939444999999998 -1.6481600000000001 0.36992750000000002 4
FLAG 1.1039829999999999 1.4320175000000002 0.5 3
FLAG 0.88714999999999999 -1.8946350000000001 0.239841 4
FLAG 1.0730679999999999 -1.7953649999999999 0.2398305 4
FLAG 0.17268749999999999 -1.7326899999999998 0.5 3
FLAG 0.21048749999999999 -1.800195 0.5 3
FLAG 0.13915 -1.8075749999999999 0.5 3
FLAG -0.087465000000000001 -2.0053549999999998 0.36784050000000001 4
FLAG -0.139015 -1.9931699999999999 0.28361150000000002 4
FLAG -0.18734999999999999 -1.98336 0.083573499999999995 4
FLAG -0.13966499999999998 -1.9930049999999999 0.20141399999999998 4
FLAG -0.088904999999999998 -2.0050349999999999 0.1178405 4
FLAG -0.58943500000000004 -1.8711 0.36992950000000002 4
FLAG -0.48663000000000001 -1.9025099999999999 0.36938399999999999 4
FLAG -0.65864999999999996 -1.758095 0 2
FLAG -0.63790499999999994 -1.8537349999999999 0 6
FLAG -0.55873499999999998 -1.7917100000000001 0 2
FLAG -0.68822500000000009 -1.8378299999999999 0.11992949999999999 4
FLAG 1.7613414999999999 0.8554790000000001 0.5 9
FLAG 1.6799789999999999 0.75876200000000005 0.5 3
FLAG 1.6278705 0.8503130000000001 0.5 3
FLAG -0.689245 -1.8374299999999999 0.36992950000000002 4
FLAG -0.64005000000000001 -1.8529900000000001 0.5 9
FLAG -0.88065499999999997 -1.7531600000000001 0.1199235 4
FLAG -0.82350000000000001 -1.64533 0 2
FLAG -0.72884499999999997 -1.691465 0 2
FLAG -0.78600000000000003 -1.7992949999999999 0.1199235 4
FLAG -0.83247500000000008 -1.7739850000000001 0 6
FLAG -0.73640499999999998 -1.817005 0.23985299999999998 4
FLAG -1.0924399999999999 -1.59951 0.23983350000000001 4
FLAG -1.133645 -1.565715 0.119923 4
FLAG 1.8821430000000001 0.61988599999999994 0.36992049999999999 4
FLAG 1.8581354999999999 0.66854049999999998 0.5 9
FLAG 1.8374575 0.71527350000000001 0.36992049999999999 4
FLAG -0.94357499999999994 -1.4314650000000002 0 2
FLAG -0.80020500000000006 -1.38754 0 2
FLAG -0.85827999999999993 -1.3215650000000001 0 2
FLAG -1.3488599999999999 -1.33345 0.119912 4
FLAG -1.31389 -1.37296 0 6
FLAG -1.2634599999999998 -1.2593099999999999 0 2
FLAG -1.2088299999999998 -1.4906200000000001 0.369923 4
FLAG -1.1716099999999998 -1.5259100000000001 0.5 9
FLAG -1.13435 -1.5650900000000001 0.369923 4
FLAG -1.3828450000000001 -1.2921199999999999 0.2398275 4
FLAG -1.9579900000000001 -0.18781999999999999 0.5 3
FLAG -1.8512 -0.21975500000000001 0.5 3
FLAG -1.94739 -0.28062500000000001 0.5 3
FLAG -1.5371600000000001 -0.45726500000000003 0 2
FLAG -1.5594000000000001 -0.35339500000000001 0 2
FLAG -1.45842 -0.39737 0 2
FLAG 1.6866150000000002 -0.0496855 0.5 3
FLAG -1.9491749999999999 -0.60113499999999997 0.36991050000000003 4
FLAG -1.8937499999999998 -0.68873000000000006 0.3699325 4
FLAG -1.917975 -0.64359500000000003 0.239843 4
FLAG -1.9128050000000001 -0.46928000000000003 0 2
FLAG -1.9677500000000001 -0.55126999999999993 0 6
FLAG -1.8694950000000001 -0.56506999999999996 0 2
FLAG -1.9922300000000002 -0.50574000000000008 0.1199105 4
FLAG -1.94892 -0.60153000000000001 0.1199105 4
FLAG 2.0274844999999999 -0.35302500000000003 0.5 9
FLAG 2.0199879999999997 -0.40640500000000002 0.3699095 4
FLAG 1.908261 -0.81211 0.36991400000000002 4
FLAG 1.9240564999999998 -0.76086999999999994 0.5 9
FLAG 1.9411515000000001 -0.71202999999999994 0.36991400000000002 4
FLAG 1.4220104999999998 -0.80839499999999997 0.5 3
FLAG 1.3707544999999999 -0.70342499999999997 0.5 3
FLAG 1.46282 -0.71938999999999997 0.5 3
FLAG -2.0241150000000001 0.31716049999999996 0.110024 4
FLAG -2.019085 0.34236749999999999 0.18477450000000001 4
FLAG -2.058465 -0.19753999999999999 0.11991599999999999 4
FLAG -2.049795 -0.25048500000000001 0.2398285 4
FLAG -2.0454400000000001 -0.302255 0.11991250000000001 4
FLAG 1.5307985 -1.439195 0.36991000000000002 4
FLAG 1.6017435 -1.3611850000000001 0.36991799999999997 4
FLAG 1.5639159999999999 -1.40035 0.23982799999999999 4
FLAG 1.2780735000000001 -0.87073 0.5 3
FLAG 1.3643775 -0.89548499999999998 0.5 3
FLAG -2.0616349999999999 0.011479499999999997 0.119964 4
FLAG -2.0609599999999997 -0.041990500000000007 0.23987999999999998 4
FLAG -2.0634949999999996 -0.092300000000000007 0.11991599999999999 4
FLAG -2.0414250000000003 0.2133215 0.36002400000000001 4
FLAG -2.0472000000000001 0.15840949999999998 0.229988 4
FLAG -1.9685099999999998 0.0081374999999999989 0 14
FLAG -2.041445 0.21316599999999999 0.110024 4
FLAG -2.0533450000000002 0.1165455 0.119964 4
FLAG -1.9070550000000002 0.41011699999999995 0.5 3
FLAG -1.9913449999999999 0.4825815 0.5 9
FLAG -1.8855 0.51325350000000003 0.5 3
FLAG -2.0107900000000001 0.39017249999999998 0.42995099999999997 4
FLAG -1.9892349999999999 0.493309 0.42995099999999997 4
FLAG -2.0302600000000002 0.2752965 0 6
FLAG -1.94173 0.2038625 0 2
FLAG 1.1207544999999999 -1.76816 0.369919 4
FLAG 1.1657255 -1.737015 0.5 9
FLAG 1.335882 -1.6131600000000001 0.5 9
FLAG 1.3762954999999999 -1.58249 0.36992750000000002 4
FLAG 1.5239560000000001 -1.301755 0.5 3
FLAG 1.589472 -1.21933 0.5 3
FLAG 1.634142 -1.3176049999999999 0.5 9
FLAG 0.22785 -2.0433599999999998 0.36980550000000001 4
FLAG 0.33366899999999999 -2.0424800000000003 0.36993199999999998 4
FLAG 0.27792 -2.04094 0.23973749999999999 4
FLAG 0.79497299999999993 -1.9348449999999999 0.5 9
FLAG 0.8421575 -1.917475 0.36992950000000002 4
FLAG 0.74456849999999997 -1.95703 0.36992950000000002 4
FLAG 0.43849700000000003 -2.0329999999999999 0.36993199999999998 4
FLAG 0.54242699999999999 -2.0155699999999999 0.36991099999999999 4
FLAG 0.48766900000000002 -2.0226299999999999 0.239843 4
FLAG 0.5953195 -2.0001699999999998 0.5 9
FLAG 0.64449149999999999 -1.9897999999999998 0.36991099999999999 4
FLAG 0.122749 -2.0371049999999999 0.36980550000000001 4
FLAG -0.33491500000000002 -1.9450099999999999 0.28515499999999999 4
FLAG -0.23746 -1.971495 0.2493445 4
FLAG -0.38539500000000004 -1.931735 0.36938399999999999 4
FLAG -0.83436500000000002 -1.773055 0.5 9
FLAG -0.82481499999999996 -1.644495 0.5 3
FLAG -0.73031000000000001 -1.69076 0.5 3
FLAG -1.6878799999999998 -0.92684 0.36998449999999999 4
FLAG -2.0585 -0.19723000000000002 0.36991600000000002 4
FLAG -2.0454750000000002 -0.30194500000000002 0.36991249999999998 4
FLAG -1.9923449999999998 -0.50536500000000006 0.36991050000000003 4
FLAG -1.9681199999999999 -0.55049999999999999 0.5 9
FLAG -1.9892349999999999 0.493309 0.30495099999999997 4
FLAG -1.9697899999999999 0.58571799999999996 0.375 4
FLAG -1.92456 0.3102145 0.5 3
FLAG -1.9418850000000001 0.2062985 0.5 3
FLAG -2.0302250000000002 0.27552899999999997 0.5 9
FLAG -2.0281150000000001 0.28625649999999997 0.42995099999999997 4
FLAG -1.8422499999999999 1.0438095000000001 0.130438 4
FLAG -1.85537 1.0041690000000001 0.24062800000000001 4
FLAG -1.8762400000000001 0.95383550000000006 0.11019 4
FLAG 0.028463500000000003 -1.940175 0.5 3
FLAG 0.080240000000000006 -1.8615200000000001 0.5 3
FLAG 0.12517349999999999 -1.953735 0.5 3
FLAG 0.98524100000000003 -1.8452449999999998 0.5 9
FLAG 1.0302335 -1.8224049999999998 0.3699115 4
FLAG 0.93755449999999996 -1.8724499999999999 0.3699115 4
FLAG 1.4590615 -1.3720650000000001 0.5 3
FLAG 1.4934295 -1.47376 0.5 9
FLAG 1.3838650000000001 -1.4457949999999999 0.5 3
FLAG 1.4556020000000001 -1.5129250000000001 0.36991000000000002 4
FLAG -0.52839000000000003 1.9431575000000001 0.5 3
FLAG -0.49743000000000004 2.0511585000000001 0.5 9
FLAG -0.42547000000000001 1.965543 0.5 3
FLAG -0.54893500000000006 2.041255 0.369917 4
FLAG -1.0816349999999999 1.8199225000000001 0.5 9
FLAG -1.0369350000000002 1.8485775 0.36991499999999999 4
FLAG -1.2565650000000002 1.702914 0.5 9
FLAG -1.299255 1.6727865 0.36991600000000002 4
FLAG -1.61314 1.3916785 0.36991649999999998 4
FLAG -1.68211 1.3120055000000002 0.36988799999999999 4
FLAG -1.6462699999999999 1.3505600000000002 0.23980449999999998 4
FLAG -1.717535 1.0979809999999999 0.5 3
FLAG -1.762335 1.0027949999999999 0.5 3
FLAG -1.81843 1.0883670000000001 0.5 9
FLAG -1.8423050000000001 1.0436620000000001 0.380438 4
FLAG -1.7113049999999999 1.2683385 0.5 9
FLAG -1.9489000000000001 0.67772199999999994 0.43055650000000001 4
FLAG -1.9489000000000001 0.67772199999999994 0.30555650000000001 4
FLAG -1.8416199999999998 0.71662300000000001 0.5 3
FLAG -1.8651249999999999 0.6139135 0.5 3
FLAG -1.946285 0.68842749999999997 0.5 9
FLAG -2.0219899999999997 0.32796499999999995 0.28997499999999998 4
FLAG -2.0057749999999999 0.41530250000000002 0.25470150000000003 4
FLAG -1.9863300000000002 0.50771149999999998 0.1997505 4
FLAG -1.8187150000000001 0.34088649999999998 0.5 3
FLAG -2.0634899999999998 -0.092065000000000008 0.36991600000000002 4
FLAG -1.85372 0.14781450000000002 0.5 3
FLAG -2.0591699999999999 -0.14352499999999999 0.5 9
FLAG -1.55911 -0.35309000000000001 0.5 3
FLAG -1.5368550000000001 -0.45696999999999999 0.5 3
FLAG -1.4583949999999999 -0.39745000000000003 0.5 3
FLAG -1.8589549999999999 -0.72821999999999998 0.5 9
FLAG -1.827755 -0.77068000000000003 0.3699325 4
FLAG -2.0240299999999998 -0.40496500000000002 0.36991249999999998 4
FLAG -2.0050850000000002 -0.4556 0.23982300000000001 4
FLAG -1.82779 -0.39698 0.5 3
FLAG -1.913135 -0.46806500000000001 0.5 3
FLAG -1.925945 -0.38364500000000001 0.5 3
FLAG -1.0552199999999998 -1.6347999999999998 0.36991050000000003 4
FLAG -1.2804799999999998 -1.4125700000000001 0.36991200000000002 4
FLAG -1.0129999999999999 -1.6635849999999999 0.5 9
FLAG -0.97109000000000001 -1.698005 0.36991050000000003 4
FLAG -1.264275 -1.2582550000000001 0.5 3
FLAG -1.3493599999999999 -1.3328449999999998 0.36991200000000002 4
FLAG -1.195395 -1.3379799999999999 0.5 3
FLAG -1.31497 -1.371715 0.5 9
FLAG -0.881525 -1.7526299999999999 0.36992350000000002 4
FLAG -0.92374500000000004 -1.7238449999999998 0.23983399999999999 4
FLAG -0.94635000000000002 -1.43147 0.5 3
FLAG -0.99363000000000001 -1.549455 0.5 3
FLAG -1.0498499999999999 -1.4823949999999999 0.5 3
FLAG -0.45201999999999998 -1.4133599999999999 0.5 3
FLAG -0.78702000000000005 -1.7988949999999999 0.36992350000000002 4
FLAG -0.36426999999999998 -1.8492 0.5 3
FLAG -0.43900500000000003 -1.9158849999999998 0.5 9
FLAG -0.46550500000000006 -1.8199749999999999 0.5 3
FLAG -0.030156499999999996 -2.0142099999999998 0.5 9
FLAG 0.016088500000000002 -2.0235349999999999 0.36784050000000001 4
FLAG 0.040865499999999999 -1.5711249999999999 0.5 3
FLAG 0.0911275 -1.56646 0.5 3
FLAG 0.066758999999999999 -1.5214750000000001 0.5 3
FLAG 0.38842699999999997 -2.0354200000000002 0.5 9
FLAG 0.69167599999999996 -1.9724299999999999 0.23984050000000001 4
FLAG 1.3085550000000001 -1.5075750000000001 0.5 3
FLAG 1.274187 -1.40588 0.5 3
FLAG 1.6429814999999999 -1.14273 0.5 3
FLAG 1.696688 -1.05217 0.5 3
FLAG 1.7533645 -1.14462 0.5 9
FLAG 2.0505789999999999 -0.093190000000000009 0.36992350000000002 4
FLAG 1.9580035 0.42361150000000003 0.36991950000000001 4
FLAG 2.0473910000000002 -0.143985 0.5 9
FLAG 1.821707 -0.42552999999999996 0.5 3
FLAG 1.728202 -0.45779499999999995 0.5 3
FLAG 1.7486790000000001 -0.35953499999999999 0.5 3
FLAG 1.2176775 1.4901880000000001 0.5 9
FLAG 1.1767099999999999 1.5223640000000001 0.36991600000000002 4
FLAG 0.93042950000000002 1.1274795 0.5 3
FLAG 0.87827900000000003 1.7398310000000001 0.5 9
FLAG 0.38616499999999998 1.5659160000000001 0.5 3
FLAG 0.439002 1.7110289999999999 0.5 3
FLAG 0.52398549999999999 1.7598670000000001 0.5 3
FLAG 0.68034649999999997 1.4179330000000001 0.5 3
FLAG 0.62377700000000003 1.3860904999999999 0.5 3
FLAG 0.78288500000000005 1.7026539999999999 0.5 3
FLAG 0.6879615 1.658595 0.5 3
FLAG 0.70036750000000003 1.7606890000000002 0.5 3
FLAG -0.18633 1.601836 0.5 3
FLAG -0.25207999999999997 1.59222 0.5 3
FLAG -0.21554000000000001 1.5271919999999999 0.5 3
FLAG -0.28994000000000003 2.0861795000000001 0.5 9
FLAG -0.7205950000000001 1.8933624999999998 0.5 3
FLAG -0.80574000000000001 1.8531010000000001 0.5 3
FLAG -0.84870000000000001 1.9423595 0.36992800000000003 4
FLAG -0.61637500000000001 1.7259825 0.5 3
FLAG -0.60424999999999995 1.5181685 0.5 3
FLAG -0.51620999999999995 1.552878 0.5 3
FLAG -0.52846000000000004 1.4428215 0.5 3
FLAG -0.98694999999999999 1.7650774999999999 0.5 3
FLAG -0.90129999999999999 1.8088630000000001 0.5 3
FLAG -0.94425999999999999 1.8981215 0.36992800000000003 4
FLAG -0.98963500000000004 1.87219 0.239843 4
FLAG -1.3818550000000001 1.6071425000000001 0.36991600000000002 4
FLAG -1.06507 1.6007405000000001 0.5 3
FLAG -1.1597550000000001 1.6555854999999999 0.5 3
FLAG -1.0770249999999999 1.710491 0.5 3
FLAG -1.3229150000000001 1.5398685000000001 0.5 3
FLAG -1.4029449999999999 1.4713670000000001 0.5 3
FLAG -1.4214500000000001 1.5719905000000001 0.5 9
FLAG -0.891235 1.3679125000000001 0.5 3
FLAG -0.88032500000000002 1.2551654999999999 0.5 3
FLAG -0.97624 1.311509 0.5 3
FLAG -1.3139850000000002 0.83458049999999995 0.5 3
FLAG -1.5396899999999998 1.3274414999999999 0.5 3
FLAG -1.5752299999999999 1.4283065000000001 0.5 9
FLAG -1.4659399999999998 1.4026240000000001 0.5 3
FLAG -1.2374000000000001 1.3663704999999999 0.5 3
FLAG -1.300395 1.2976274999999999 0.5 3
FLAG -1.367405 1.3705020000000001 0.5 3
FLAG -1.2530350000000001 1.208467 0.5 3
FLAG -1.1476649999999999 1.1826029999999998 0.5 3
FLAG -1.23031 1.0975739999999998 0.5 3
FLAG -1.9314 0.75550450000000002 0.25559750000000003 4
FLAG -1.912075 0.827739 0.18523099999999998 4
FLAG -0.33061499999999999 1.976545 0.5 3
FLAG -0.36157499999999998 1.868544 0.5 3
FLAG -0.080075500000000008 2.1008750000000003 0.5 9
FLAG -0.026550500000000001 2.1033710000000001 0.36991649999999998 4
FLAG -1.5180150000000001 1.040996 0.5 3
FLAG -1.7510400000000002 -0.54740500000000003 0.5 3
FLAG -1.806025 -0.62983999999999996 0.5 3
FLAG -1.8699650000000001 -0.56383499999999998 0.5 3
FLAG -1.75817 -0.84836 0.36998449999999999 4
FLAG -1.726275 -0.44700499999999999 0.5 3
FLAG -1.6623350000000001 -0.51300999999999997 0.5 3
FLAG -1.6729050000000001 -0.77819499999999997 0.5 3
FLAG -1.6026150000000001 -0.85667500000000008 0.5 3
FLAG -1.7226699999999999 -0.88864999999999994 0.5 9
FLAG 1.3924685000000001 0.50302800000000003 0.5 3
FLAG 1.7890485 0.80887149999999997 0.36991849999999998 4
FLAG 1.813056 0.76021699999999992 0.239839 4
FLAG 1.9223775000000001 0.522725 0.36991950000000001 4
FLAG 1.9016994999999999 0.56945800000000002 0.23984 4
FLAG 1.938447 0.4740395 0.5 9
FLAG -0.48565000000000003 -1.72438 0.5 3
FLAG -0.56038500000000002 -1.7910650000000001 0.5 3
FLAG 0.07904499999999999 2.099091 0.36991649999999998 4
FLAG 0.1298985 2.0917374999999998 0.5 9
FLAG -0.12895499999999999 2.0118844999999999 0.5 3
FLAG -0.16963 1.90225 0.5 3
FLAG -0.226045 1.9891805 0.5 3
FLAG -1.6851050000000001 0.5579655 0.5 3
FLAG -1.6614100000000001 0.66956499999999997 0.5 3
FLAG -1.5940400000000001 0.88327899999999993 0.5 3
FLAG -1.52301 0.81328599999999995 0.5 3
FLAG -1.6333899999999999 0.76701399999999997 0.5 3
FLAG -1.5725500000000001 0.97097999999999995 0.5 3
FLAG -1.606905 1.082425 0.5 3
FLAG 0.063643500000000006 2.002335 0.5 3
FLAG 0.014764000000000006 1.9133445 0.5 3
FLAG -0.023660499999999998 2.0139445 0.5 3
FLAG 0.045559000000000002 1.8228795 0.5 3
FLAG -0.041744999999999997 1.834489 0.5 3
FLAG 0.169678 1.5397974999999999 0.5 3
FLAG 1.5336650000000001 1.0190494999999999 0.5 3
FLAG 1.4117215000000001 0.98054399999999997 0.5 3
FLAG 1.7369400000000002 0.90042250000000001 0.36991849999999998 4
FLAG 0.19319800000000001 1.8875774999999999 0.5 3
FLAG 0.168323 1.9911375 0.5 3
FLAG 0.17971599999999999 1.6967569999999998 0.5 3
FLAG 0.24561499999999997 1.7100705 0.5 3
FLAG 0.233543 1.6490214999999999 0.5 3
FLAG -0.52421499999999999 1.7428835 0.5 3
FLAG -0.54859000000000002 1.840641 0.5 3
FLAG 1.6754009999999999 0.48601450000000002 0.5 3
FLAG 1.5737920000000001 0.400418 0.5 3
FLAG 1.5373480000000002 0.49315750000000003 0.5 3
FLAG -0.24479500000000001 1.7732049999999999 0.5 3
FLAG -0.30343500000000001 1.6691585 0.5 3
FLAG -0.32535999999999998 1.7754995 0.5 3
FLAG 1.9549000000000001 -0.66206500000000001 0.23983950000000001 4
FLAG 1.7717499999999999 -0.621695 0.5 3
FLAG 0.39648899999999998 1.4936910000000001 0.5 3
FLAG 0.077702999999999994 1.6802295 0.5 3
FLAG 1.8843295 0.2964195 0.5 3
FLAG 1.7532155 0.30559399999999998 0.5 3
FLAG 1.842959 0.38410049999999996 0.5 3
FLAG 0.36745949999999999 1.6406445000000001 0.5 3
FLAG 0.37098449999999999 1.7327195 0.5 3
FLAG 0.72726449999999998 1.5420185 0.5 3
FLAG 0.67099400000000009 1.5813104999999998 0.5 3
FLAG 0.72667100000000007 1.3130310000000001 0.5 3
FLAG 0.73975299999999999 1.3841885 0.5 3
FLAG 1.1536710000000001 -1.633035 0.5 3
FLAG 1.126344 -1.52745 0.5 3
FLAG 1.2262040000000001 -1.573245 0.5 3
FLAG 1.8593415 -0.23652000000000001 0.5 3
FLAG 1.9608355 -0.197495 0.5 3
FLAG 1.943678 -0.28824499999999997 0.5 3
FLAG 1.6002874999999999 -0.85887999999999998 0.5 3
FLAG 1.6281729999999999 -0.77198 0.5 3
FLAG 1.7143845 -0.80649999999999999 0.5 3
FLAG 1.7888324999999998 -0.87717500000000004 0.5 3
FLAG 1.8167179999999998 -0.79027500000000006 0.5 3
FLAG 0.74345649999999996 1.4497325000000001 0.5 3
FLAG 1.4678804999999999 -1.0583450000000001 0 2
FLAG 1.4134604999999998 -1.13378 0 2
FLAG 1.530027 -1.129885 0 2
FLAG 0.79838349999999991 -1.8045800000000001 0.5 3
FLAG 0.78644599999999998 -1.6787800000000002 0.5 3
FLAG 0.88062449999999992 -1.76949 0.5 3
FLAG 0.73852549999999995 -1.5809 0.5 3
FLAG 0.82076649999999995 -1.5458099999999999 0.5 3
FLAG 1.8654449999999998 -0.057644500000000001 0.5 3
FLAG 1.9630544999999999 -0.092260000000000009 0.5 3
FLAG 1.8244885 0.124197 0.5 3
FLAG 1.9092125000000002 0.19408599999999998 0.5 3
FLAG 1.7859775 -0.153535 0.5 3
FLAG 1.7749234999999999 -0.065409499999999995 0.5 3
FLAG 1.7688200000000001 -0.244285 0.5 3
FLAG 0.4525245 -1.815985 0.5 3
FLAG 0.51523300000000005 -1.9083999999999999 0.5 3
FLAG 0.4305465 -1.9335249999999999 0.5 3
FLAG 1.5038390000000001 -0.61342999999999992 0.5 3
FLAG 1.441567 -0.51607000000000003 0.5 3
FLAG 1.4564430000000002 -0.91144999999999998 0.5 3
FLAG 1.3356150000000002 -1.0769250000000001 0.5 3
FLAG -1.0736349999999999 -1.294465 0.5 3
FLAG -1.01454 -1.186555 0.5 3
FLAG -0.94347500000000006 -1.2565 0.5 3
FLAG -1.0894900000000001 -1.1105849999999999 0.5 3
FLAG -1.21326 -1.14666 0.5 3
FLAG -1.15805 -1.0327250000000001 0.5 3
FLAG 1.1952164999999999 -1.2181549999999999 0.5 3
FLAG 1.3109584999999999 -1.2497050000000001 0.5 3
FLAG 1.2337549999999999 -1.3125499999999999 0.5 3
FLAG 0.82305800000000007 -1.4428999999999998 0 2
FLAG 0.66904649999999999 -1.6028 0.5 3
FLAG 0.70336700000000008 -1.46983 0.5 3
FLAG 0.21674399999999999 -1.668615 0.5 3
FLAG -0.022876500000000001 -1.5250699999999999 0.5 3
FLAG -0.0085465000000000003 -1.5622799999999999 0.5 3
FLAG -0.44183 -1.65767 0.5 3
FLAG -0.41222500000000001 -1.575925 0.5 3
FLAG -0.36116500000000001 -1.6715450000000001 0.5 3
FLAG -0.31979999999999997 -1.7279200000000001 0.5 3
FLAG -1.3505349999999998 -0.98868500000000004 0.5 3
FLAG -1.2984199999999999 -0.87346499999999994 0.5 3
FLAG -1.229705 -0.95357999999999998 0.5 3
FLAG -1.4860500000000001 -0.82739499999999999 0.5 3
FLAG -1.370015 -0.79427500000000006 0.5 3
FLAG 1.8790884999999999 -0.59228999999999998 0.5 3
FLAG 1.8496085 -0.690195 0.5 3
FLAG 1.9055135000000001 -0.49031000000000002 0.5 3
FLAG 1.9259904999999999 -0.39205000000000001 0.5 3
FLAG 1.3758530000000002 -1.179395 0.5 3
FLAG 1.4143915 -1.27379 0.5 3
FLAG -1.6521650000000001 0.15287999999999999 0.5 3
FLAG -1.75292 0.14202100000000001 0.5 3
FLAG -1.735465 0.25184299999999998 0.5 3
FLAG -1.66754 -0.071450999999999987 0.5 3
FLAG -1.76363 -0.15645500000000001 0.5 3
FLAG -1.7657099999999999 -0.041946000000000004 0.5 3
FLAG -1.5700050000000001 -0.133135 0.5 3
FLAG -1.6515149999999998 -0.29928499999999997 0.5 3
FLAG -1.5730550000000001 -0.23976500000000001 0.5 3
FLAG -1.739085 -0.36258499999999999 0.5 3
FLAG -1.7530299999999999 -0.24925999999999998 0.5 3
FLAG -0.01634 -1.77397 0.5 3
FLAG 0.042569999999999997 -1.7200250000000001 0.5 3
FLAG 0.042439999999999999 -1.7940149999999999 0.5 3
FLAG 0.3030815 -1.5536050000000001 0.5 3
FLAG 0.27647299999999997 -1.61605 0.5 3
FLAG 0.43261549999999999 -1.5821399999999999 0.5 3
FLAG 0.51947949999999998 -1.6674799999999999 0.5 3
FLAG 0.450347 -1.7055199999999999 0.5 3
FLAG 0.30375399999999997 -1.6727449999999999 0.5 3
FLAG 0.37098600000000004 -1.5289899999999998 0.5 3
FLAG 0.56781799999999993 -1.5179149999999999 0.5 3
FLAG 0.13968700000000001 1.7447664999999999 0.5 3
FLAG 0.094826999999999995 1.8167309999999999 0.5 3
FLAG 0.146928 1.8297705 0.5 3
FLAG 0.12761499999999998 1.6837175 0.5 3
FLAG 0.23805799999999999 1.8156129999999999 0.5 3
FLAG 0.29188500000000001 1.7678775 0.5 3
FLAG -0.067864999999999995 -1.698985 0.5 3
FLAG -0.024899999999999999 -1.6492 0.5 3
FLAG -1.8138649999999998 0.81415349999999997 0 2
FLAG -1.90605 0.852742 0.11019 4
FLAG -1.4626450000000002 0.72093549999999995 0 2
FLAG -1.3869400000000001 0.64666950000000001 0 2
FLAG -1.7325949999999999 0.73957650000000008 0 2
FLAG -1.9863300000000002 0.50771149999999998 0.074750499999999998 4
FLAG -1.8869500000000001 0.51087749999999998 0 2
FLAG -1.9913599999999998 0.4825045 0 6
FLAG -1.89293 0.89238250000000008 0 6
FLAG -1.159095 1.4196655 0.5 3
FLAG -1.226105 1.49254 0.5 3
FLAG -1.07877 1.358876 0.5 3
FLAG -1.067475 1.4850455 0.5 3
FLAG -0.97729500000000002 1.3093075000000001 0 2
FLAG -1.079915 1.3549705000000001 0 2
FLAG -0.98474499999999998 1.5399509999999998 0.5 3
FLAG -1.06853 1.4803014999999999 0 2
FLAG -1.1588750000000001 1.4156460000000002 0 2
FLAG -0.70549499999999998 1.3600650000000001 0 2
FLAG -0.94371000000000005 1.8984174999999999 0.11992800000000001 4
FLAG -0.89229500000000006 1.4803774999999999 0.5 3
FLAG -0.80480499999999999 1.8526245000000001 0 2
FLAG -0.89478999999999997 1.9193004999999999 0 6
FLAG -0.90047500000000003 1.8084249999999999 0 2
FLAG -0.69898000000000005 1.9963405000000001 0 6
FLAG -0.65000999999999998 2.013941 0.119908 4
FLAG 0.48781849999999999 2.0009445000000001 0.11992750000000001 4
FLAG 0.13199649999999999 2.0914975 0 6
FLAG -0.28815000000000002 2.0863905000000003 0 6
FLAG -0.34101000000000004 2.0812925 0.11991549999999999 4
FLAG -0.32291000000000003 1.776497 0 2
FLAG -0.19727499999999998 1.8305565000000001 0 2
FLAG -0.10063 1.85378 0 2
FLAG -0.168605 1.9048665 0 2
FLAG 0.016398000000000003 1.9148935 0 2
FLAG 0.066005999999999995 2.0022764999999998 0 2
FLAG -0.022351999999999997 2.0154730000000001 0 13
FLAG -0.12772499999999998 2.0135205000000003 0 13
FLAG -0.22436999999999999 1.990297 0 2
FLAG -0.102545 1.8515695000000001 0.5 3
FLAG 0.1707465 1.990918 0 2
FLAG 0.19594500000000001 1.887084 0 2
FLAG 0.26193549999999999 1.976305 0 2
FLAG 0.038317999999999998 1.7378754999999999 0.5 3
FLAG -0.62046000000000001 1.9269319999999999 0 2
FLAG -0.54925999999999997 1.840902 0 2
FLAG -0.52764 1.9431509999999999 0 2
FLAG -0.54818 2.0414589999999997 0.119917 4
FLAG -0.59935000000000005 2.0262190000000002 0.23982500000000001 4
FLAG -0.61586000000000007 1.7278250000000002 0 2
FLAG -0.72628500000000007 1.7832159999999999 0 2
FLAG -0.70006500000000005 1.686358 0 2
FLAG 1.3430010000000001 1.3906624999999999 0.11991449999999999 4
FLAG 1.3808374999999999 1.3525035000000001 0 6
FLAG 1.6227395 1.075661 0.1199175 4
FLAG 1.651748 1.0310570000000001 0 6
FLAG 1.5290905000000001 1.0006495 0 2
FLAG 1.8597535000000001 0.66505899999999996 0 6
FLAG 1.8828955000000001 0.61807599999999996 0.1199205 4
FLAG 1.8383229999999999 0.71360199999999996 0.1199205 4
FLAG 1.3935629999999999 0.50053599999999998 0 2
FLAG 1.92313 0.52091500000000002 0.1199195 4
FLAG 1.6046269999999998 0.29553000000000001 0 2
FLAG 1.939786 0.47027750000000001 0 6
FLAG 1.5754904999999999 0.39661449999999998 0 2
FLAG 1.9342505000000001 -0.39744999999999997 0 2
FLAG 2.0374404999999998 -0.30486000000000002 0.1199095 4
FLAG 2.0267309999999998 -0.35757499999999998 0 6
FLAG 1.882493 -0.58726999999999996 0 2
FLAG 1.9821735 -0.56343500000000002 0 6
FLAG 1.9090795 -0.48524499999999998 0 2
FLAG 1.9700155000000001 -0.61316000000000004 0.1199255 4
FLAG 1.6287015 0.2019705 0 2
FLAG 1.7382124999999999 0.29505749999999997 0 2
FLAG 1.2947419999999998 0.68584099999999992 0 2
FLAG 1.3525114999999999 0.82918700000000001 0 2
FLAG 1.408102 0.9619390000000001 0 2
FLAG 1.2947915000000001 0.90797400000000006 0 2
FLAG 1.8145979999999999 0.12278800000000001 0 2
FLAG 1.9457575 0.105087 0 14
FLAG 1.8934465 0.18379699999999999 0 2
FLAG 1.9583810000000001 0.00046900000000000067 0 14
FLAG 1.864482 -0.051980999999999999 0 2
FLAG 1.7808614999999999 2.9000000000001247e-05 0 2
FLAG 1.5289519999999999 -1.441225 0.11991 4
FLAG 1.48946 -1.4776500000000001 0 6
FLAG 1.3314094999999999 -1.6167199999999999 0 6
FLAG 1.1584449999999999 -1.3743300000000001 0.5 3
FLAG 1.6945869999999998 -1.056565 0 2
FLAG 1.81996 -0.78434000000000004 0 2
FLAG 1.9224950000000001 -0.76555499999999999 0 6
FLAG 1.8530519999999999 -0.68424499999999999 0 2
FLAG 1.9404715000000001 -0.71436500000000003 0.11991400000000001 4
FLAG 1.5501905 -0.93732000000000004 0.5 3
FLAG 1.6364019999999999 -0.97184000000000004 0.5 3
FLAG 0.86133100000000007 -1.42245 0.5 3
FLAG 0.90925149999999999 -1.52033 0.5 3
FLAG 1.0018134999999999 -1.492105 0.5 3
FLAG 0.96124900000000002 -1.6154649999999999 0.5 3
FLAG 0.79165949999999996 -1.686925 0 2
FLAG 0.79520100000000005 -1.806935 0 2
FLAG 0.88349549999999999 -1.7779 0 2
FLAG 0.81935800000000003 -1.5658050000000001 0 2
FLAG 0.73106350000000009 -1.59484 0 2
FLAG 0.96662399999999993 -1.6130450000000001 0 2
FLAG 0.97638350000000007 -1.7280800000000001 0 2
FLAG 1.0743464999999999 -1.432315 0.5 3
FLAG 0.22455800000000001 -2.04339 0.1198055 4
FLAG 0.61764149999999995 -1.7541 0 2
FLAG 0.61167349999999998 -1.8843000000000001 0 2
FLAG 0.69739700000000004 -1.8461599999999998 0 2
FLAG 0.3656605 -1.730645 0.5 3
FLAG 1.0130954999999999 1.3950979999999999 0 2
FLAG 1.105734 1.4310830000000001 0 2
FLAG 0.88045799999999996 1.7381595000000001 0 6
FLAG -0.62419500000000006 -1.3278050000000001 0 2
FLAG -0.46103499999999997 -1.818365 0 2
FLAG -0.4375 -1.9163350000000001 0 6
FLAG -0.360545 -1.84735 0 2
FLAG -1.3938550000000001 -1.0961350000000001 0 2
FLAG -1.449665 -1.2116150000000001 0 6
FLAG -1.4836499999999999 -1.170285 0.11991549999999999 4
FLAG -1.2244550000000001 -0.95024500000000001 0 2
FLAG -1.1060349999999999 -0.91739000000000004 0 2
FLAG -1.5509200000000001 -1.0882000000000001 0.11991 4
FLAG -1.4635449999999999 -1.0163950000000002 0 2
FLAG -1.5310899999999998 -0.93542000000000003 0 2
FLAG -1.584025 -1.0490550000000001 0 6
FLAG -0.26435500000000001 -1.883265 0 2
FLAG -0.16414499999999999 -1.9083000000000001 0 2
FLAG -0.23679999999999998 -1.9703550000000001 0 6
FLAG -0.307145 -1.4697100000000001 0 2
FLAG -0.35192499999999999 -1.51942 0 2
FLAG -1.4364699999999999 -0.71348999999999996 0 2
FLAG -1.49413 -0.62416500000000008 0 2
FLAG -1.37852 -0.59056500000000001 0 2
FLAG -2.0591400000000002 -0.14407 0 6
FLAG -1.86714 -0.034482499999999999 0 14
FLAG -1.7710849999999998 0.049158500000000001 0 2
FLAG -1.7525949999999999 0.13981749999999998 0 2
FLAG -1.8543599999999998 0.145764 0 2
FLAG -1.570055 -0.132965 0 2
FLAG -1.573115 -0.23957999999999999 0 2
FLAG -1.4776 -0.186885 0 2
FLAG -1.7704200000000001 0.048851499999999999 0.5 3
FLAG -1.8665099999999999 -0.036152500000000004 0.5 3
FLAG -1.9627999999999999 -0.081449999999999995 0 14
FLAG -1.8934949999999999 -0.68912499999999999 0.1199325 4
FLAG -2.0239150000000001 -0.40534000000000003 0.11991250000000001 4
FLAG 1.2833130000000001 1.112085 0 2
FLAG 1.2292179999999999 0.98919950000000001 0 2
FLAG 1.2858585 -1.406175 0 2
FLAG 1.3118595000000002 -1.5059800000000001 0 2
FLAG 1.3879860000000002 -1.4514049999999998 0 2
FLAG -0.0092240000000000013 1.5857019999999999 0 2
FLAG -0.0050180000000000016 1.545744 0 2
FLAG 0.030947999999999996 1.5866820000000001 0 2
FLAG -1.7109800000000002 1.2687759999999999 0 6
FLAG -1.681905 1.3122415000000001 0.11988799999999999 4
FLAG -1.612935 1.3919144999999999 0.1199165 4
FLAG -0.35850499999999996 1.4981629999999999 0 2
FLAG -0.32988499999999998 1.5946609999999999 0 2
FLAG -0.42021500000000001 1.7644975000000001 0.5 3
FLAG -1.7179600000000002 0.35174549999999999 0.5 3
FLAG -1.4418899999999999 0.23830600000000002 0 2
FLAG -0.79737999999999998 1.4226415000000001 0 2
FLAG -0.89470000000000005 1.4765505000000001 0 2
FLAG -0.89224999999999999 1.3657170000000001 0 2
FLAG -0.88927500000000004 1.5930385 0 2
FLAG -0.8051600000000001 1.6376119999999998 0 2
FLAG -0.89460500000000009 1.6971754999999999 0 2
FLAG -1.063105 1.5967894999999999 0 2
FLAG -0.98414500000000005 1.536114 0 2
FLAG -1.2365599999999999 1.363577 0 2
FLAG -1.2989700000000002 1.2951710000000001 0 2
FLAG -1.2251749999999999 1.4889079999999999 0 2
FLAG -1.75054 -0.54847999999999997 0 2
FLAG -1.805485 -0.63046999999999997 0 2
FLAG -0.21166499999999999 -1.7588900000000001 0 2
FLAG -0.30785499999999999 -1.7229749999999999 0 2
FLAG -0.28788999999999998 -1.7852950000000001 0 2
FLAG -0.077019999999999991 -1.924215 0 2
FLAG -0.034507999999999997 -2.013525 0 6
FLAG 0.025061999999999997 -1.94235 0 2
FLAG -0.047759999999999997 -1.77362 0 2
FLAG -0.134885 -1.7577050000000001 0 2
FLAG -0.104575 -1.8371249999999999 0 2
FLAG -1.735385 0.249303 0 2
FLAG -1.7195050000000001 0.34911000000000003 0 2
FLAG -1.1703250000000001 -1.5271750000000002 0 6
FLAG -1.0486849999999999 -1.4835600000000002 0 2
FLAG -1.9479000000000002 -0.280615 0 2
FLAG -1.8515600000000001 -0.21799499999999999 0 2
FLAG -1.95777 -0.18668999999999999 0 2
FLAG -1.8281200000000002 -0.39749999999999996 0 2
FLAG -1.9263750000000002 -0.38369999999999999 0 2
FLAG -1.75363 -0.24878999999999998 0 2
FLAG -1.7399149999999999 -0.36260499999999996 0 2
FLAG -1.726345 -0.448185 0 2
FLAG -0.80268499999999998 -1.530125 0 2
FLAG -0.71738999999999997 -1.4202250000000001 0 2
FLAG 0.120478 -1.94224 0 2
FLAG 0.22519850000000002 -1.94889 0 2
FLAG 0.17229450000000002 -2.0383100000000001 0 6
FLAG 0.30593150000000002 -1.78321 0.5 3
FLAG 1.6298675 -0.97134500000000012 0 2
FLAG 1.7400074999999999 -0.97345999999999999 0 2
FLAG 1.272591 -0.87897000000000003 0 2
FLAG 1.4390480000000001 -1.10101 0.5 3
FLAG 1.4925575000000002 -1.02441 0.5 3
FLAG 1.5327955000000002 -1.1268800000000001 0.5 3
FLAG -0.28219499999999997 -1.6434549999999999 0 2
FLAG -0.35841999999999996 -1.6698599999999999 0 2
FLAG -0.15484999999999999 -1.6953849999999999 0 2
FLAG 0.2212365 -1.56891 0 2
FLAG 0.18067650000000002 -1.5017149999999999 0 2
FLAG 0.061325999999999999 -1.676315 0 2
FLAG 0.13299800000000001 -1.69218 0 2
FLAG 0.27256350000000001 -1.737595 0 2
FLAG 0.1861005 -1.7519549999999999 0 2
FLAG 0.25984499999999999 -1.83846 0 2
FLAG 0.35412299999999997 -1.720415 0 2
FLAG 0.28037849999999997 -1.63391 0 2
FLAG 0.5200205 -1.6791149999999999 0 2
FLAG 0.43503049999999999 -1.5913599999999999 0 2
FLAG 0.44692799999999999 -1.704485 0 2
FLAG 0.60297650000000003 -1.6289850000000001 0.5 3
FLAG 0.62070800000000004 -1.752365 0.5 3
FLAG 0.66496100000000002 -1.6074349999999999 0 2
FLAG 0.56733999999999996 -1.5324499999999999 0 2
FLAG 0.60574400000000006 -1.6409750000000001 0 2
FLAG 0.69265949999999998 -1.4863149999999998 0 2
FLAG 0.88365399999999994 -1.534985 0 2
FLAG 1.5960429999999999 -0.25146000000000002 0 2
FLAG 1.4885614999999999 -0.32045499999999999 0 2
FLAG 0.67068150000000004 1.896895 0.119908 4
FLAG 0.58156699999999995 1.953033 0.11992750000000001 4
FLAG 0.99362150000000005 1.3135064999999999 0 2
FLAG 0.93107099999999998 1.3980764999999999 0 2
FLAG 0.72621150000000001 1.5429395000000001 0 2
FLAG 0.74098949999999997 1.451249 0 2
FLAG 0.78692300000000004 1.5085875 0 2
FLAG 0.67000850000000001 1.581788 0 2
FLAG 0.62407500000000005 1.5244495 0 2
FLAG 0.509301 1.4491324999999999 0 2
FLAG 0.5674030000000001 1.4926515 0 2
FLAG 0.27729700000000002 1.524359 0 2
FLAG -1.6612200000000001 0.66914600000000002 0 2
FLAG -1.633615 0.76658749999999998 0 2
FLAG -1.5230299999999999 0.81149350000000009 0 2
FLAG -1.5944050000000001 0.88192400000000004 0 2
FLAG 1.051455 -1.4445350000000001 0 2
FLAG 0.96848500000000004 -1.3664749999999999 0 2
FLAG 0.97032399999999996 -1.49014 0 2
FLAG 1.1296740000000001 -1.3908100000000001 0 2
FLAG 1.131513 -1.514475 0 2
FLAG 1.0339144999999998 -1.3389850000000001 0.5 3
FLAG 1.5240505 -0.977495 0 2
FLAG 1.5694710000000001 -0.89439000000000002 0 2
FLAG 1.2845629999999999 -1.1379950000000001 0 2
FLAG 1.3467094999999998 -1.209535 0 2
FLAG 1.2898985000000001 -1.282675 0 2
FLAG -1.5720149999999999 0.96922450000000004 0 2
FLAG -1.5185299999999999 1.0398244999999999 0 2
FLAG -1.4446349999999999 1.136485 0 2
FLAG -1.3818550000000001 1.210089 0 2
FLAG -1.4099249999999999 1.0234904999999999 0 2
FLAG 1.7285504999999999 0.078739000000000003 0 2
FLAG 1.5124615000000001 -0.11176 0 2
FLAG 1.6009445 -0.130435 0 2
FLAG 1.606331 -0.025344999999999999 0 2
FLAG 0.077062000000000005 1.545641 0 2
FLAG 0.035006000000000002 1.743366 0 2
FLAG 0.0077809999999999989 1.6920625 0 2
FLAG -0.15407499999999999 1.655224 0 2
FLAG -0.10858999999999999 1.7106604999999999 0 2
FLAG -0.174785 1.7240335 0 2
FLAG -0.30042000000000002 1.6699740000000001 0 2
FLAG -0.24275999999999998 1.77512 0 2
FLAG -0.049529999999999998 1.699668 0 2
FLAG -0.070239999999999997 1.7684774999999999 0 2
FLAG -0.069754999999999998 -1.5931899999999999 0 2
FLAG 0.58717850000000005 1.6401140000000001 0 2
FLAG 0.68931500000000001 1.658604 0 2
FLAG -0.030568999999999999 1.6342455 0 2
FLAG 0.13652249999999999 1.7426900000000001 0 2
FLAG 0.1737225 1.6954530000000001 0 2
FLAG 0.12027950000000001 -1.793045 0 2
FLAG 0.0248635 -1.7931550000000001 0 2
FLAG 0.077966000000000008 -1.85293 0 2
FLAG -0.0054465 -1.713735 0 2
FLAG -0.13591 -1.6459199999999998 0 2
FLAG -0.091994999999999993 -1.6423449999999999 0 2
FLAG 0.092974000000000001 1.815472 0 2
FLAG 0.14830450000000001 1.8289149999999998 0 2
FLAG 0.046788000000000003 1.829591 0 2
FLAG 1.5392524999999999 0.48849399999999998 0 2
FLAG -0.067995 -1.7729750000000002 0.5 3
FLAG -1.253145 1.205233 0 2
FLAG -0.041569999999999996 1.8427875 0 2
FLAG 1.1900165 1.3677779999999999 0 2
FLAG 0.87612299999999999 1.4482824999999999 0 2
FLAG 0.85664899999999999 1.3666909999999999 0 2
FLAG 0.86134500000000003 1.539973 0 2
FLAG 1.644455 0.21213399999999999 0.5 3
FLAG 1.6030845 0.299815 0.5 3
FLAG 1.8687665 0.28626000000000001 0 2
FLAG 1.844692 0.37981949999999998 0 2
FLAG 1.4659795 0.30352750000000001 0 2
FLAG 1.6400675 0.097414000000000001 0 2
FLAG 1.7660825 0.046204999999999996 0.5 3
FLAG 1.7361800000000001 0.13992099999999999 0.5 3
FLAG 1.7262035 0.67134099999999997 0.5 3
FLAG 0.19446249999999998 1.5853484999999998 0.5 3
FLAG 0.117732 1.63222 0.5 3
FLAG 0.1428595 1.590157 0.5 3
FLAG 0.36342750000000001 1.8382620000000001 0.5 3
FLAG 1.6753149999999999 -0.27654999999999996 0.5 3
FLAG 1.772376 -0.30978 0 2
FLAG 1.7472050000000001 -0.39757500000000001 0 2
FLAG 1.83457 -0.42128500000000002 0 2
FLAG 1.1882845 1.3688674999999999 0.5 3
FLAG 1.292373 0.91015000000000001 0.5 3
FLAG 1.4905085 1.2422235000000001 0.36991600000000002 4
FLAG 1.418328 1.3193410000000001 0.36991449999999998 4
FLAG 1.5931385 0.93211250000000001 0.5 3
FLAG 0.43911299999999998 -1.8081700000000001 0 2
FLAG -0.22275 -1.7622249999999999 0.5 3
FLAG -0.18417500000000001 -1.7002700000000002 0.5 3
FLAG -0.15809500000000001 -1.7599450000000001 0.5 3
FLAG 0.2394935 1.8143020000000001 0 2
FLAG 0.78667100000000001 1.5082740000000001 0.5 3
FLAG -0.10657 -1.8349299999999999 0.5 3
FLAG -0.22431999999999999 -1.6503350000000001 0.5 3
FLAG -0.159665 -1.648055 0.5 3
FLAG -0.95945499999999995 -1.0725 0 2
FLAG -1.56162 -0.55737000000000003 0.5 3
FLAG -1.619305 -0.68048500000000001 0 2
FLAG -1.561355 -0.55756000000000006 0 2
FLAG -1.6623350000000001 -0.51358499999999996 0 2
FLAG -1.6721550000000001 -0.77903500000000003 0 2
FLAG -0.21268999999999999 -1.6471049999999998 0 2
FLAG -0.41318500000000002 -1.5756300000000001 0 2
FLAG -0.43884499999999999 -1.6551499999999999 0 2
FLAG -0.53654500000000005 -1.628495 0 2
FLAG -0.48177999999999999 -1.7227250000000001 0 2
FLAG -1.6518549999999999 -0.29947499999999999 0 2
FLAG -0.29019499999999998 -1.6461749999999999 0.5 3
FLAG -0.265685 -1.59396 0.5 3
FLAG -1.7054800000000001 0.45730550000000003 0.5 3
FLAG -1.6222300000000001 0.36826199999999998 0.5 3
FLAG -0.60674000000000006 -1.5618650000000001 0 2
FLAG -0.649675 -1.62944 0 2
FLAG -0.53671000000000002 -1.62876 0.5 3
FLAG -0.65064499999999992 -1.628835 0.5 3
FLAG -0.80544499999999997 -1.530365 0.5 3
FLAG -0.80241000000000007 -1.3881549999999998 0.5 3
FLAG -0.71772499999999995 -1.4199899999999999 0.5 3
FLAG -0.66019499999999998 -1.757395 0.5 3
FLAG -0.48799999999999999 1.6498390000000001 0.5 3
FLAG -1.7808349999999999 0.54144900000000007 0.5 3
FLAG -1.1949000000000001 0.99765099999999995 0.5 3
FLAG -1.3742700000000001 0.92530350000000006 0 2
FLAG -1.68293 0.92470799999999986 0.5 3
FLAG -0.19963500000000001 1.8288655 0.5 3
FLAG -1.4813449999999999 -0.82492500000000002 0 2
FLAG -1.6018249999999998 -0.85758500000000004 0 2
FLAG -1.3409200000000001 -0.98250000000000004 0 2
FLAG -0.85863 -1.3210949999999999 0.5 3
FLAG -1.1243300000000001 -1.4079250000000001 0.5 3
FLAG 0.17849799999999999 -2.0386449999999998 0.5 9
FLAG 0.31166150000000004 -1.9345300000000001 0 2
FLAG 1.1337139999999999 -1.2673100000000002 0 2
FLAG 1.6157855000000001 -0.80272500000000002 0 2
FLAG 1.5550950000000001 -0.71839999999999993 0.5 3
FLAG 1.669192 -0.66602000000000006 0.5 3
FLAG 1.6534 -0.71012000000000008 0 2
FLAG 1.7129025000000002 -0.79563500000000009 0 2
FLAG 1.6986720000000002 -0.56811499999999993 0.5 3
FLAG 1.6256439999999999 -0.50212000000000001 0.5 3
FLAG 1.0473215 1.6141260000000002 0.5 9
FLAG 0.86783849999999996 1.6367535000000002 0 2
FLAG 0.43985050000000003 1.9133985 0.5 3
FLAG -1.06786 1.246129 0.5 3
FLAG -1.42079 1.5725484999999999 0 6
FLAG -1.3217699999999999 1.538958 0 2
FLAG -1.574735 1.4288080000000001 0 6
FLAG -1.663 1.1679970000000002 0.5 3
FLAG -1.6006749999999998 1.2527824999999999 0.5 3
FLAG -1.423435 0.83627200000000002 0 2
FLAG 0.70193450000000002 1.7600100000000001 0 2
FLAG 0.71212300000000006 1.8650525 0 6
FLAG 0.615093 1.8224935000000002 0.5 3
FLAG 0.53095800000000004 1.9760250000000001 0.5 9
FLAG 1.0449045000000001 1.006548 0 2
FLAG 1.0989995000000001 1.1294335 0 2
FLAG 1.3367659999999999 1.2317114999999998 0 2
FLAG 1.7708889999999999 0.57595350000000001 0.5 3
FLAG 1.1459450000000002 1.2469859999999999 0 2
FLAG 1.2603154999999999 1.304236 0 2
FLAG -0.62667499999999998 -1.4703900000000001 0 2
FLAG -0.29371999999999998 -1.787595 0.5 3
FLAG -2.0327349999999997 -0.35171000000000002 0.5 9
FLAG -1.9629799999999999 -0.082655000000000006 0.5 3
FLAG -0.07508999999999999 -1.9219949999999999 0.5 3
FLAG -1.6199750000000002 -0.67981500000000006 0.5 3
FLAG -1.74003 -0.71178999999999992 0.5 3
FLAG -0.90949999999999998 -1.61266 0.5 3
FLAG 0.024511999999999999 -1.658045 0.5 3
FLAG 0.015821999999999999 -1.6072649999999999 0.5 3
FLAG 0.31058450000000004 -1.462415 0.5 3
FLAG 0.78476449999999998 1.7016840000000002 0 2
FLAG -0.62055000000000005 1.9262565 0.5 3
FLAG -0.89600000000000002 1.918747 0.5 9
FLAG -0.72060000000000002 1.8940915 0 2
FLAG -1.24461 1.5931635000000002 0.5 3
FLAG -1.1474800000000001 1.1811155000000002 0 2
FLAG 1.6778999999999999 0.48049649999999999 0 2
FLAG 1.8073330000000001 0.48321400000000003 0.5 3
FLAG 1.809232 0.47907499999999997 0 2
FLAG 1.772994 0.57095450000000003 0 2
FLAG 1.0658655000000001 -1.6912199999999999 0.5 3
FLAG 1.229282 -1.5714899999999998 0 2
FLAG 1.746785 -0.97372999999999998 0.5 3
FLAG 1.7823454999999999 -0.87694500000000009 0 2
FLAG 1.6405349999999999 -1.1470050000000001 0 2
FLAG 0.97330349999999999 -1.7194449999999999 0.5 3
FLAG 0.70079449999999999 -1.8441350000000001 0.5 3
FLAG 0.61729750000000005 -1.8826299999999998 0.5 3
FLAG 0.4166125 -1.9255550000000001 0 2
FLAG 0.50941749999999997 -1.9096250000000001 0 2
FLAG -1.0448599999999999 1.1354525 0 2
FLAG -0.49582500000000002 2.0515055000000002 0 6
FLAG 2.0472774999999999 -0.14844000000000002 0 6
FLAG 2.0372295 0.061477999999999998 0 24
FLAG -1.9602200000000001 0.11320350000000001 0 2
FLAG -2.0558800000000002 0.066236000000000003 0 6
FLAG -1.8583349999999998 -0.72902 0 6
FLAG 1.2137720000000001 -1.33725 0 2
FLAG -2.0325850000000001 -0.35239500000000001 0 6
FLAG 1.750675 -1.1491199999999999 0 6
FLAG -0.012056000000000001 1.4630825000000001 0 2
FLAG -0.037914999999999997 1.432579 0 2
FLAG 0.021838999999999997 1.4424295 0 2
FLAG -0.39611000000000002 1.109254 0.15800500000000001 5
FLAG -0.33998 1.1246619999999998 0.14419899999999999 5
FLAG -0.38572000000000001 1.1109580000000001 0.10596999999999999 5
FLAG -0.055544999999999997 1.0683935 0.111855 5
FLAG -0.20605999999999999 1.1251989999999998 0.435616 5
FLAG -0.072919999999999999 -0.90436500000000009 0.1016875 5
FLAG -0.006966 -0.96259499999999998 0 2
FLAG 0.0198535 -1.2309100000000002 0 2
FLAG 0.031739500000000004 -1.197065 0 2
FLAG 0.054462999999999998 -1.229895 0 2
FLAG -0.076825000000000004 -1.4321600000000001 0 2
FLAG -0.073694999999999997 -0.90459500000000004 0.39728050000000004 5
FLAG -0.19011 -1.3874900000000001 0 2
FLAG -0.24846000000000001 -1.424925 0 2
FLAG -0.18485000000000001 -1.4534850000000001 0 2
FLAG -1.1967650000000001 0.49924799999999997 0.5 3
FLAG -1.08395 0.52310599999999996 0.5 3
FLAG -1.102805 0.43183300000000002 0.5 3
FLAG -0.99256 0.44585850000000005 0.43077900000000002 5
FLAG -0.26279999999999998 1.1637390000000001 0 2
FLAG -0.24983 1.1285560000000001 0 7
FLAG -0.22222999999999998 1.1622159999999999 0 2
FLAG -0.26511499999999999 1.1299890000000001 0.035866000000000002 5
FLAG -0.22454499999999999 1.128466 0.035866000000000002 5
FLAG -1.333045 0.25180449999999999 0 2
FLAG -1.2224550000000001 0.27821099999999999 0 2
FLAG -1.32118 0.37097750000000002 0 2
FLAG -1.04698 0.61952150000000006 0.5 3
FLAG -1.16028 0.66710099999999994 0.5 3
FLAG -1.02935 0.69610150000000004 0.5 3
FLAG 0.049869000000000004 1.3541609999999999 0 2
FLAG -0.045269999999999998 1.061172 0.40789500000000001 5
FLAG -0.055944999999999995 1.0686564999999999 0.40131600000000001 5
FLAG -0.055944999999999995 1.0686564999999999 0.41447400000000001 5
FLAG -0.15473999999999999 1.1148115000000001 0.132327 5
FLAG -0.12975 1.1079075 0.1159375 5
FLAG -0.15701999999999999 1.115653 0.1095275 5
FLAG -0.95301999999999998 0.55210650000000006 0.5 8
FLAG -0.95558999999999994 0.54227400000000003 0.43077900000000002 5
FLAG -0.039449999999999999 -0.89368500000000006 0.47247050000000002 5
FLAG -0.039449999999999999 -0.89368500000000006 0.5 8
FLAG -0.01055 -0.88409000000000004 0.47247050000000002 5
FLAG -0.076990000000000003 -0.905505 0.035192500000000002 5
FLAG -0.127055 -1.3556050000000002 0 2
FLAG -0.190665 -1.327045 0 2
FLAG -0.86835499999999999 -0.39994499999999999 0.11990000000000001 5
FLAG -0.96830000000000005 -0.46265999999999996 0 2
FLAG -0.703345 0.94341600000000003 0.1195715 5
FLAG -0.65728500000000001 0.97250449999999999 0.19763900000000001 5
FLAG -0.62426000000000004 0.99986149999999996 0.078067499999999998 5
FLAG -0.52036000000000004 1.0579225000000001 0.20304949999999999 5
FLAG -0.452185 1.0912225 0.18486999999999998 5
FLAG -0.51002500000000006 1.0622500000000001 0.13795550000000001 5
FLAG 0.065694000000000002 1.3093780000000002 0.5 3
FLAG 0.061553000000000004 1.3309869999999999 0.5 3
FLAG 0.084159000000000012 1.327016 0.5 3
FLAG 0.00099899999999999989 1.5088365000000001 0.5 3
FLAG 0.041425999999999998 1.5098285 0.5 3
FLAG 0.093925499999999995 1.2887474999999999 0 2
FLAG 0.08222850000000001 1.2726204999999999 0 2
FLAG 0.076603000000000004 1.28928 0 2
FLAG 0.0731155 1.2541715 0 2
FLAG 0.090437999999999991 1.2536390000000002 0 2
FLAG -0.058499999999999996 1.4989980000000001 0 2
FLAG -0.11022000000000001 1.4950809999999999 0 2
FLAG 0.087706000000000006 1.2227489999999999 0 2
FLAG 0.09457299999999999 1.2408869999999999 0 2
FLAG 0.045276999999999998 1.3819655 0 2
FLAG 0.075425999999999993 1.3764295 0 2
FLAG 0.033406999999999999 1.40808 0 2
FLAG 0.059265999999999999 1.4385835 0 2
FLAG 0.095438999999999996 1.2468349999999999 0.5 3
FLAG 0.103686 1.259336 0.5 3
FLAG 0.091303999999999996 1.259587 0.5 3
FLAG 0.053463000000000004 1.2945945000000001 0.5 3
FLAG 0.041636500000000007 1.274769 0.5 3
FLAG 0.031261499999999998 1.2935235 0.5 3
FLAG -0.18775 1.1236174999999999 0.15984100000000001 5
FLAG -0.16428999999999999 1.1172564999999999 0.18810450000000001 5
FLAG -0.15855 1.116196 0.1541805 5
FLAG -0.154915 1.114868 0.36300350000000003 5
FLAG -0.13414500000000001 1.109426 0.32846350000000002 5
FLAG -0.16134999999999999 1.117138 0.33719900000000003 5
FLAG 0.0078500000000000011 1.3858115 0 2
FLAG 0.034186999999999995 1.4089084999999999 0.5 3
FLAG 0.022619 1.4432580000000002 0.5 3
FLAG 0.059265999999999999 1.4385835 0.5 3
FLAG 0.081694500000000003 1.2739640000000001 0.5 3
FLAG 0.046855999999999995 1.3814964999999999 0.5 3
FLAG 0.051448000000000001 1.3536920000000001 0.5 3
FLAG 0.075425999999999993 1.3764295 0.5 3
FLAG 0.094913999999999998 1.2365284999999999 0.5 3
FLAG 0.107296 1.2362774999999999 0.5 3
FLAG -0.163325 1.117383 0.24412149999999999 5
FLAG -0.164275 1.117699 0.27898400000000001 5
FLAG -0.13963 1.11138 0.26779649999999999 5
FLAG -0.037814999999999994 1.3869020000000001 0 2
FLAG -0.025944999999999996 1.3607874999999998 0 2
FLAG 0.1063775 -1.09849 0 2
FLAG 0.1208195 -1.0991 0 2
FLAG 0.114784 -1.08525 0 2
FLAG 0.11582300000000001 -1.0533049999999999 0 2
FLAG 0.105659 -1.0443150000000001 0 2
FLAG 0.113261 -1.03555 0 2
FLAG 0.11369199999999999 -1.0837349999999999 0.5 3
FLAG 0.120781 -1.0991550000000001 0.5 3
FLAG 0.10525999999999999 -1.09701 0.5 3
FLAG 0.10412199999999999 -1.0721400000000001 0.5 3
FLAG 0.086278499999999994 -1.06629 0.5 3
FLAG 0.092229499999999992 -1.05684 0.5 3
FLAG 0.088747500000000007 -1.03878 0.5 3
FLAG 0.089671500000000001 -1.0154100000000001 0.5 3
FLAG 0.075309999999999988 -1.0276200000000002 0.5 3
FLAG 0.055277499999999993 -1.0144600000000001 0.5 3
FLAG 0.054353499999999999 -1.03783 0.5 3
FLAG -0.10647999999999999 -0.91142000000000001 0.5 8
FLAG -0.07780999999999999 -0.9403999999999999 0.5 3
FLAG -0.11593999999999999 -0.94853999999999994 0.5 3
FLAG 0.0390415 -0.999 0.5 3
FLAG 0.059997999999999996 -0.98879000000000006 0.5 3
FLAG 0.011156000000000001 -0.98164000000000007 0.5 3
FLAG -0.0068400000000000006 -0.96203499999999997 0.5 3
FLAG 0.025766000000000001 -0.95372499999999993 0.5 3
FLAG -0.076759999999999995 -0.90544500000000006 0.46508150000000004 5
FLAG -0.04786 -0.89585000000000004 0.437552 5
FLAG -0.036385000000000001 -0.89283500000000005 0.37678999999999996 5
FLAG -0.098044999999999993 -0.90966499999999995 0.36532350000000002 5
FLAG -0.10951999999999999 -0.91267999999999994 0.398206 5
FLAG -0.039470000000000005 -0.89369500000000002 0.027528 5
FLAG -0.048070000000000002 -0.89590000000000003 0.062720499999999998 5
FLAG -0.035400000000000001 -0.89255499999999999 0.14956849999999999 5
FLAG -0.037045000000000002 -0.89302499999999996 0.17927899999999999 5
FLAG -0.061894999999999999 -0.90149000000000001 0.1627005 5
FLAG 0.1217765 -1.0627450000000001 0.5 3
FLAG 0.1167465 -1.053615 0.5 3
FLAG 0.12845000000000001 -1.0536699999999999 0.5 3
FLAG -0.01055 -0.88409000000000004 0.19402649999999999 5
FLAG -0.037045000000000002 -0.89302499999999996 0.2071585 5
FLAG -0.062844999999999998 -0.90176000000000001 0.22109800000000002 5
FLAG -0.01055 -0.88409000000000004 0.082722000000000004 5
FLAG -0.048070000000000002 -0.89590000000000003 0.090386500000000009 5
FLAG -0.17649000000000001 1.1213655 0.091755500000000004 5
FLAG -0.18159999999999998 1.1519374999999998 0 2
FLAG -0.17848 1.1204935 0 7
FLAG -0.15082000000000001 1.1453980000000001 0 2
FLAG -0.19011500000000001 1.1236035 0.028797 5
FLAG -0.159335 1.1170640000000001 0.028797 5
FLAG 0.058706499999999995 1.1864440000000001 0 2
FLAG 0.0070165000000000002 1.1719140000000001 0 2
FLAG 0.030651000000000001 1.1617299999999999 0 2
FLAG 0.0214045 1.187071 0 2
FLAG -0.30999500000000002 1.1282225000000001 0.046081999999999998 5
FLAG -0.28471000000000002 1.1281325 0.081947999999999993 5
FLAG -0.31678499999999998 1.1780805000000001 0 2
FLAG -0.4178 1.1039924999999999 0.059887999999999997 5
FLAG -0.36166999999999999 1.1194005 0.046081999999999998 5
FLAG -0.49438499999999996 1.1666095000000001 0 2
FLAG -0.45633999999999997 1.0863915 0 7
FLAG -0.43179499999999998 1.192653 0 2
FLAG -0.48038999999999998 1.077949 0.059887999999999997 5
FLAG -1.0243 0.25204199999999999 0.125 5
FLAG -1.007145 0.35386499999999999 0.125 5
FLAG -1.007145 0.35386499999999999 0 7
FLAG -1.117445 0.32471300000000003 0 2
FLAG -1.10029 0.42653600000000003 0 2
FLAG -0.067750000000000005 1.150204 0 2
FLAG -0.078985 1.1298655 0 2
FLAG -0.047965000000000001 1.1343665000000001 0 2
FLAG -0.055584999999999996 1.0684214999999999 0.071235500000000007 5
FLAG -0.06659000000000001 1.0761185 0.077488500000000002 5
FLAG -0.055584999999999996 1.0684214999999999 0.058077999999999998 5
FLAG -0.061090000000000005 1.071869 0.043535499999999998 5
FLAG -0.071404999999999996 1.0791184999999999 0.048981499999999997 5
FLAG -0.66345999999999994 1.0730219999999999 0 2
FLAG -0.59462499999999996 1.0155605000000001 0 7
FLAG -0.58776499999999998 1.1178094999999999 0 2
FLAG -0.54856499999999997 1.0446490000000002 0.078067499999999998 5
FLAG -0.056275000000000006 1.0688689999999998 0.085199999999999998 5
FLAG -0.9980150000000001 1.0592005000000002 0 2
FLAG -0.38312999999999997 1.422625 0.5 3
FLAG -0.30356499999999997 1.4426475000000001 0.5 3
FLAG -0.84203000000000006 0.93693749999999998 0 2
FLAG -0.74152499999999999 0.89908149999999998 0 7
FLAG -0.77082500000000009 1.008629 0 2
FLAG -0.77454999999999996 0.87172450000000001 0.1195715 5
FLAG -0.97699999999999998 0.75535949999999996 0.5 3
FLAG -0.89193 0.69455599999999995 0.3699945 5
FLAG -0.056275000000000006 1.0688689999999998 0.098358000000000001 5
FLAG -0.045269999999999998 1.061172 0.092104999999999992 5
FLAG -0.055944999999999995 1.0686564999999999 0.138158 5
FLAG -0.055544999999999997 1.0683935 0.12501299999999999 5
FLAG -0.066220000000000001 1.0758779999999999 0.13159199999999999 5
FLAG -0.045269999999999998 1.061172 0.144737 5
FLAG -0.055944999999999995 1.0686564999999999 0.15131600000000001 5
FLAG -0.066619999999999999 1.076141 0.15789500000000001 5
FLAG -0.055944999999999995 1.0686564999999999 0.16447400000000001 5
FLAG -0.84026999999999996 0.78398999999999996 0.1199945 5
FLAG -0.80208999999999997 0.82832449999999991 0.239566 5
FLAG -0.93920000000000003 0.59471499999999999 0.10949349999999999 5
FLAG -0.91508 0.64075149999999992 0.229488 5
FLAG -0.89193 0.69455350000000005 0.1199945 5
FLAG -0.055944999999999995 1.0686564999999999 0.29605300000000001 5
FLAG -0.055944999999999995 1.0686564999999999 0.3092105 5
FLAG -0.045269999999999998 1.061172 0.3026315 5
FLAG -0.055944999999999995 1.0686564999999999 0.28289500000000001 5
FLAG -0.066619999999999999 1.076141 0.28947400000000001 5
FLAG -0.055944999999999995 1.0686564999999999 0.375 5
FLAG -0.97873999999999994 0.4884695 0.29027249999999999 5
FLAG -1.076325 0.54935049999999996 0 2
FLAG -1.186625 0.52019850000000001 0 2
FLAG -0.99332500000000001 0.39647749999999998 0.23449349999999999 5
FLAG -1.0097149999999999 0.34403400000000001 0.30577900000000002 5
FLAG -0.066619999999999999 1.076141 0.3157895 5
FLAG -0.055944999999999995 1.0686564999999999 0.32236799999999999 5
FLAG -0.055944999999999995 1.0686564999999999 0.34868399999999999 5
FLAG -0.055944999999999995 1.0686564999999999 0.33552599999999999 5
FLAG -0.066619999999999999 1.076141 0.34210499999999999 5
FLAG -1.0097149999999999 0.34403400000000001 0.43077900000000002 5
FLAG -1.1199599999999998 0.33000849999999998 0.5 3
FLAG -1.12931 0.20554 0 2
FLAG -0.97616999999999998 0.49830049999999998 0.10949349999999999 5
FLAG -0.066134999999999999 1.0758239999999999 0.42149150000000002 5
FLAG -0.055459999999999995 1.0683395 0.42807050000000002 5
FLAG -0.079965000000000008 1.0838895 0.43083700000000003 5
FLAG -0.083860000000000004 1.0863654999999999 0.44522499999999998 5
FLAG -0.069544999999999996 1.0779830000000001 0.44947599999999999 5
FLAG -0.22253000000000001 1.1639995000000001 0.5 3
FLAG -0.19086 1.1237724999999998 0.47152150000000004 5
FLAG -0.22450000000000001 1.1284645 0.46409449999999997 5
FLAG -0.059355000000000005 1.0708155000000001 0.45561600000000002 5
FLAG -0.055459999999999995 1.0683395 0.44122799999999995 5
FLAG -0.059355000000000005 1.0708155000000001 0.46877400000000002 5
FLAG -0.045269999999999998 1.061172 0.46052599999999999 5
FLAG -0.057249999999999995 1.069496 0.486842 5
FLAG -0.07133500000000001 1.0791395000000001 0.48193200000000003 5
FLAG -0.045269999999999998 1.061172 0.486842 5
FLAG -0.038135000000000002 1.0727929999999999 0.5 3
FLAG -0.050115 1.0811169999999999 0.5 3
FLAG -0.057249999999999995 1.069496 0.5 8
FLAG -0.055944999999999995 1.0686564999999999 0.388158 5
FLAG -0.045269999999999998 1.061172 0.381579 5
FLAG -0.055944999999999995 1.0686564999999999 0.230263 5
FLAG -0.045269999999999998 1.061172 0.22368399999999999 5
FLAG -0.055944999999999995 1.0686564999999999 0.21710499999999999 5
FLAG -0.045269999999999998 1.061172 0.27631600000000001 5
FLAG -0.055944999999999995 1.0686564999999999 0.269737 5
FLAG -0.094714999999999994 1.0924959999999999 0.40693650000000003 5
FLAG -0.11438999999999999 1.1010200000000001 0.396096 5
FLAG -0.113955 1.1007959999999999 0.41574549999999999 5
FLAG -0.14510000000000001 1.1118644999999998 0.45000899999999999 5
FLAG -0.12570500000000001 1.106271 0.43093999999999999 5
FLAG -0.15302499999999999 1.1149135000000001 0.42397400000000002 5
FLAG -0.181975 1.1536485000000001 0.5 3
FLAG -0.19520500000000002 1.1906099999999999 0.5 3
FLAG -0.100245 1.1207579999999999 0.5 3
FLAG -0.12497 1.1051015 0.5 8
FLAG -0.12299499999999999 1.1296174999999999 0.5 3
FLAG -0.11 1.0997319999999999 0.47848750000000001 5
FLAG -0.13274999999999998 1.1085915 0.47848750000000001 5
FLAG -0.10603 1.097747 0.44178050000000002 5
FLAG -0.095610000000000001 1.0918405 0.46041949999999998 5
FLAG -0.082095000000000001 1.085048 0.25657949999999996 5
FLAG -0.082095000000000001 1.085048 0.26973749999999996 5
FLAG -0.066619999999999999 1.076141 0.263158 5
FLAG -0.055944999999999995 1.0686564999999999 0.256579 5
FLAG -0.26507999999999998 1.1299835 0.46409449999999997 5
FLAG -0.26311000000000001 1.1655185000000001 0.5 3
FLAG -0.84026999999999996 0.78399350000000001 0.3699945 5
FLAG -0.77454999999999996 0.87172800000000006 0.3695715 5
FLAG -0.65948000000000007 0.97126499999999993 0.28868700000000003 5
FLAG -0.58039499999999999 1.0277105 0.24718299999999999 5
FLAG -0.318305 1.1771980000000002 0.5 3
FLAG -0.29095500000000002 1.2126405 0.5 3
FLAG -0.62645499999999998 0.99861999999999995 0.41911549999999997 5
FLAG -0.72472000000000003 1.0410819999999998 0.5 3
FLAG -0.86386999999999992 0.90948700000000005 0.5 3
FLAG -0.79266499999999995 0.98117300000000007 0.5 3
FLAG -0.74152499999999999 0.89908300000000008 0.5 8
FLAG -0.703345 0.94341399999999997 0.3695715 5
FLAG -0.91817499999999996 1.1227370000000001 0 2
FLAG -0.93920000000000003 0.59471750000000001 0.35949350000000002 5
FLAG -1.007145 0.35386649999999997 0.5 8
FLAG -0.066549999999999998 1.0760904999999998 0.10495 5
FLAG -0.24987999999999999 1.128557 0.5 8
FLAG -0.11448 1.1904645 0 2
FLAG -0.11452 1.2260884999999999 0 2
FLAG -0.15398000000000001 1.212466 0 2
FLAG -0.079960000000000003 1.0838969999999999 0.11540400000000001 5
FLAG -0.080360000000000001 1.08416 0.128549 5
FLAG -0.094730000000000009 1.0925055000000001 0.13549749999999999 5
FLAG -0.080990000000000006 1.0844865000000001 0.1516855 5
FLAG -0.081339999999999996 1.0846635 0.19981399999999999 5
FLAG -0.081339999999999996 1.0846635 0.21297199999999999 5
FLAG -0.066619999999999999 1.076141 0.21052599999999999 5
FLAG -0.095710000000000003 1.0930089999999999 0.180447 5
FLAG -0.081339999999999996 1.0846635 0.1866565 5
FLAG -0.080990000000000006 1.0844865000000001 0.1648435 5
FLAG -0.15118500000000001 1.1471100000000001 0.5 3
FLAG -0.16006999999999999 1.1172339999999998 0.47152150000000004 5
FLAG -0.11522499999999999 1.1013335 0.170539 5
FLAG -0.115575 1.1015104999999998 0.192352 5
FLAG -0.082095000000000001 1.085048 0.28289399999999998 5
FLAG -0.082095000000000001 1.085048 0.29605199999999998 5
FLAG -0.097250000000000003 1.0937915 0.24927499999999997 5
FLAG -0.081775 1.0848845 0.24269550000000001 5
FLAG -0.087830000000000005 1.0883505 0.48193200000000003 5
FLAG -0.11907500000000001 1.1028255 0.29606549999999998 5
FLAG -0.097570000000000004 1.093955 0.27631549999999999 5
FLAG -0.11907500000000001 1.1028255 0.28290899999999997 5
FLAG -0.29352 1.128479 0.1239865 5
FLAG -0.24864 1.1302455 0.1137705 5
FLAG -0.29555500000000001 1.2574049999999999 0.5 3
FLAG -0.24036000000000002 1.2457254999999998 0.5 3
FLAG -0.34411000000000003 1.1239430000000001 0.35114650000000003 5
FLAG -0.39857500000000001 1.1087705000000001 0.33883649999999998 5
FLAG -0.387405 1.1107135000000001 0.39246700000000001 5
FLAG -0.30649500000000002 1.1268125 0.222937 5
FLAG -0.26003500000000002 1.1306295 0.2027245 5
FLAG -0.30391000000000001 1.1267749999999999 0.1760215 5
FLAG -0.30895 1.1263335000000001 0.27357799999999999 5
FLAG -0.352825 1.122479 0.24687500000000001 5
FLAG -0.406445 1.1049264999999999 0.22309899999999999 5
FLAG -0.40889999999999999 1.1044475 0.27373999999999998 5
FLAG -0.12620000000000001 1.106519 0.067806499999999992 5
FLAG -0.113805 1.100846 0.081652499999999989 5
FLAG -0.107975 1.098616 0.056320999999999996 5
FLAG -0.20376 1.3041965 0 2
FLAG -0.19949499999999998 1.2633160000000001 0 2
FLAG -0.15828500000000001 1.2889705 0 2
FLAG -0.19073000000000001 1.12419 0.22453699999999999 5
FLAG -0.16608499999999998 1.1178710000000001 0.2133495 5
FLAG -0.192075 1.1244135 0.2822095 5
FLAG -0.22529500000000002 1.1271845 0.25247449999999999 5
FLAG -0.22939999999999999 1.127896 0.27937499999999998 5
FLAG -0.079990000000000006 1.083968 0.35148250000000003 5
FLAG -0.094255000000000005 1.0922575000000001 0.3674945 5
FLAG -0.080884999999999999 1.0844304999999999 0.37127500000000002 5
FLAG -0.11053499999999999 1.0994755 0.35098499999999999 5
FLAG -0.11143 1.0999379999999999 0.37077749999999998 5
FLAG -0.097824999999999995 1.0940829999999999 0.30343900000000001 5
FLAG -0.082350000000000007 1.0851760000000001 0.31001900000000004 5
FLAG -0.13688499999999998 1.1104495000000001 0.20768900000000001 5
FLAG -0.11737 1.102125 0.21759699999999998 5
FLAG -0.13128000000000001 1.1084505 0.1605905 5
FLAG -0.111415 1.0999490000000001 0.1486855 5
FLAG -0.16838 1.1184105 0.3058845 5
FLAG -0.43154000000000003 -0.97496000000000005 0 2
FLAG -0.33930000000000005 -0.92815500000000006 0.057319500000000002 5
FLAG -0.39246500000000001 -1.0316649999999998 0 2
FLAG -0.33871499999999999 -0.98151499999999992 0 2
FLAG 0.0110855 -0.98225000000000007 0 2
FLAG 0.025839500000000001 -0.95379499999999995 0 2
FLAG -0.039470000000000005 -0.89369500000000002 0 7
FLAG -0.030301000000000002 -0.91871999999999998 0 2
FLAG -0.0013810000000000003 -0.90911500000000001 0 2
FLAG -0.077229999999999993 -0.94052500000000006 0 2
FLAG -0.10662000000000001 -0.91144999999999998 0 7
FLAG -0.11546000000000001 -0.94867499999999993 0 2
FLAG -0.11522 -0.91365499999999999 0.035192500000000002 5
FLAG -0.01055 -0.88409000000000004 0.027528 5
FLAG -0.15970000000000001 -0.96581499999999998 0 2
FLAG -0.13031000000000001 -0.99489000000000005 0 2
FLAG -0.21024000000000001 -0.97123500000000007 0 2
FLAG -0.21642 -0.92793999999999999 0.042976500000000001 5
FLAG -0.19539000000000001 -0.92501999999999995 0 7
FLAG -0.16588 -0.92252000000000001 0.042976500000000001 5
FLAG -0.27337 -0.93097000000000008 0.057319500000000002 5
FLAG -0.24386000000000002 -0.92847000000000002 0.100296 5
FLAG -0.31186000000000003 -0.92762500000000003 0 7
FLAG -0.272785 -0.98432999999999993 0 2
FLAG -1.1307450000000001 0.10034200000000001 0 2
FLAG -1.0257350000000001 0.146844 0 7
FLAG -1.0257350000000001 0.146844 0.125 5
FLAG -1.38531 -0.310805 0 2
FLAG -1.36307 -0.41467500000000002 0 2
FLAG -1.0222599999999999 -0.0031669999999999997 0.108359 5
FLAG -1.0208249999999999 0.102031 0.23335899999999998 5
FLAG -0.96375999999999995 -0.20868500000000001 0.119923 5
FLAG -0.97961500000000001 -0.15074500000000002 0.22828199999999998 5
FLAG -1.001495 -0.10592 0.108359 5
FLAG -1.134655 -0.029781999999999996 0 2
FLAG -1.00139 -0.10617499999999999 0.35835899999999998 5
FLAG -1.006885 -0.050498999999999995 0.43009149999999996 5
FLAG -1.022845 0.007695999999999998 0.2884505 5
FLAG -0.69843500000000003 -0.66653000000000007 0.1201135 5
FLAG -0.62687500000000007 -0.75022500000000003 0.1196035 5
FLAG -0.65969999999999995 -0.71255500000000005 0.23971700000000001 5
FLAG -0.96365500000000004 -0.20894000000000001 0.369923 5
FLAG -1.13442 0.018874999999999999 0.5 3
FLAG -1.0062950000000002 -0.061499999999999999 0.5 8
FLAG -1.1135549999999999 -0.083995 0.5 3
FLAG -1.0277500000000002 0.052371000000000001 0.43009149999999996 5
FLAG -0.45038500000000004 -0.90388000000000002 0.24848950000000003 5
FLAG -0.51996500000000001 -0.84976499999999999 0.29040750000000004 5
FLAG -0.51856000000000002 -0.85036500000000004 0.19728899999999999 5
FLAG -0.33935000000000004 -0.92821500000000001 0.44301299999999999 5
FLAG -0.33852500000000002 -0.98090499999999992 0.5 3
FLAG -0.27273500000000001 -0.98363999999999996 0.5 3
FLAG -0.27356000000000003 -0.93094999999999994 0.44301299999999999 5
FLAG -0.31123000000000001 -0.92767500000000003 0.5 8
FLAG -0.036385000000000001 -0.89283500000000005 0.34891050000000001 5
FLAG -0.01055 -0.88409000000000004 0.36130249999999997 5
FLAG -0.24379499999999998 -0.92840500000000004 0.40176800000000001 5
FLAG -0.21567500000000001 -0.92786499999999994 0.45875500000000002 5
FLAG -0.032379999999999999 -0.891675 0.29215849999999999 5
FLAG -0.01055 -0.88409000000000004 0.30554350000000002 5
FLAG -0.032379999999999999 -0.891675 0.32003800000000004 5
FLAG -0.030289999999999997 -0.91869999999999996 0.5 3
FLAG -0.0013900000000000002 -0.90910500000000005 0.5 3
FLAG -0.15978999999999999 -0.96621500000000005 0.5 3
FLAG -0.16525999999999999 -0.92244000000000004 0.45875500000000002 5
FLAG -0.21020499999999998 -0.97163999999999995 0.5 3
FLAG -0.195025 -0.92498499999999995 0.5 8
FLAG -0.13553999999999999 -0.91646500000000009 0.4238365 5
FLAG -0.11488999999999999 -0.91358500000000009 0.46508150000000004 5
FLAG -0.044899999999999995 -0.94661499999999998 0.5 3
FLAG -0.09018000000000001 -1.019995 0.5 3
FLAG -0.13402999999999998 -1.0376699999999999 0.5 3
FLAG -0.13111999999999999 -0.99519499999999994 0.5 3
FLAG -0.04786 -0.89585000000000004 0.40967249999999999 5
FLAG -0.01055 -0.88409000000000004 0.41706149999999997 5
FLAG -0.03635 -0.89282499999999998 0.23584549999999999 5
FLAG -0.01055 -0.88409000000000004 0.24978500000000001 5
FLAG -0.03635 -0.89282499999999998 0.26372450000000003 5
FLAG -0.098865000000000008 -0.90988000000000002 0.210313 5
FLAG -0.098170000000000007 -0.90968000000000004 0.23899999999999999 5
FLAG -0.035400000000000001 -0.89255499999999999 0.12168899999999999 5
FLAG -0.01055 -0.88409000000000004 0.13826749999999999 5
FLAG -0.132575 -0.91751499999999997 0.18521700000000002 5
FLAG -0.097250000000000003 -0.90959499999999993 0.16731499999999999 5
FLAG -0.24704500000000001 -1.0768599999999999 0 2
FLAG -0.1845 -1.0637650000000001 0 2
FLAG -0.237095 -1.0251250000000001 0 2
FLAG -0.095604999999999996 -0.90912499999999996 0.13760450000000002 5
FLAG -0.108275 -0.91247 0.10630200000000001 5
FLAG -0.17049999999999998 -0.92266000000000004 0.33709100000000003 5
FLAG -0.15988999999999998 -0.92153499999999999 0.39187949999999999 5
FLAG -0.19652 -0.92644499999999996 0.36272150000000003 5
FLAG -0.17066000000000001 -0.92268499999999998 0.26807400000000003 5
FLAG -0.122975 -0.91567500000000002 0.265648 5
FLAG -0.159445 -0.92056000000000004 0.30550699999999997 5
FLAG -0.12281499999999999 -0.91564999999999996 0.33466499999999999 5
FLAG -0.086989999999999998 -0.90756499999999996 0.33373949999999997 5
FLAG -0.17635499999999998 -0.92318999999999996 0.21144450000000001 5
FLAG -0.17474000000000001 -0.92290499999999998 0.1684465 5
FLAG -0.0096345000000000007 -1.3996149999999998 0 2
FLAG -0.059309500000000001 -1.383505 0 2
FLAG 0.1208505 -1.062435 0 2
FLAG 0.1284525 -1.0536699999999999 0 2
FLAG 0.064087999999999992 -1.1460050000000002 0 2
FLAG 0.077867999999999993 -1.1713900000000002 0 2
FLAG 0.052569000000000005 -1.1706650000000001 0 2
FLAG 0.051774000000000001 -1.0487150000000001 0 2
FLAG 0.072533 -1.0546449999999998 0 2
FLAG 0.054592000000000002 -1.03484 0 2
FLAG 0.0179595 -1.1716800000000001 0 2
FLAG -0.016819500000000001 -1.3082400000000001 0 2
FLAG 0.00052849999999999772 -1.2646299999999999 0 2
FLAG 0.025228999999999998 -1.30735 0 2
FLAG -0.13413 -1.464995 0 2
FLAG -0.044700000000000004 -1.486135 0 2
FLAG -0.094375000000000001 -1.4700250000000001 0 2
FLAG 0.11872350000000001 -1.0739650000000001 0 2
FLAG 0.064538499999999999 -1.1436999999999999 0.5 3
FLAG 0.078086500000000003 -1.1709100000000001 0.5 3
FLAG 0.053029 -1.1682299999999999 0.5 3
FLAG -0.087919999999999998 -1.4350049999999999 0.5 3
FLAG -0.0015545000000000003 -1.266035 0.5 3
FLAG 0.032133499999999995 -1.1966950000000001 0.5 3
FLAG 0.054509000000000002 -1.22977 0.5 3
FLAG 0.0200655 -1.231025 0.5 3
FLAG 0.093019500000000005 -1.10734 0.5 3
FLAG 0.081642999999999993 -1.124315 0.5 3
FLAG 0.10097249999999999 -1.129405 0.5 3
FLAG 0.0061914999999999991 -1.1031550000000001 0.5 3
FLAG 0.037262000000000003 -1.110995 0.5 3
FLAG 0.0084105000000000013 -1.1331799999999999 0.5 3
FLAG 0.119643 -1.0742849999999999 0.5 3
FLAG 0.13134649999999998 -1.0743399999999999 0.5 3
FLAG -0.105515 -1.47299 0.5 3
FLAG -0.044655 -1.4860150000000001 0.5 3
FLAG 0.087048 -1.096325 0 2
FLAG 0.08157049999999999 -1.12737 0 2
FLAG 0.056271500000000002 -1.1266449999999999 0 2
FLAG -0.038973000000000001 -1.3567100000000001 0.5 3
FLAG -0.056454999999999998 -1.4052750000000001 0.5 3
FLAG -0.0095779999999999997 -1.399465 0.5 3
FLAG -0.21282499999999999 -0.92807499999999998 0.25130350000000001 5
FLAG -0.012485 -1.161645 0.5 3
FLAG 0.018585500000000001 -1.1694849999999999 0.5 3
FLAG -0.48982000000000003 -0.87890999999999997 0.077685500000000005 5
FLAG -0.55940000000000001 -0.82479499999999994 0.1196035 5
FLAG -0.45422499999999999 -0.88907500000000006 0 7
FLAG -0.50797500000000007 -0.93922499999999998 0 2
FLAG -0.413385 -0.91464499999999993 0.077685500000000005 5
FLAG -0.49078500000000003 -0.87868499999999994 0.42080400000000001 5
FLAG -0.55896000000000001 -0.82516999999999996 0.36960349999999997 5
FLAG -0.597275 -0.77964500000000003 0.5 8
FLAG -0.62645499999999998 -0.75072500000000009 0.36960349999999997 5
FLAG -0.39312999999999998 -0.91664000000000001 0.29727550000000003 5
FLAG -0.39172499999999999 -0.91724000000000006 0.20415699999999998 5
FLAG -0.59813500000000008 -0.77876999999999996 0 7
FLAG -0.45462999999999998 -1.3303799999999999 0 2
FLAG -0.37343499999999996 -1.365645 0 2
FLAG -0.45321 -1.236205 0.5 3
FLAG -0.36368999999999996 -1.212135 0.5 3
FLAG -0.29194999999999999 -1.1790750000000001 0.5 3
FLAG -0.30408999999999997 -1.25258 0.5 3
FLAG -0.69801500000000005 -0.66703000000000001 0.37011349999999998 5
FLAG -0.79877500000000001 -0.73555999999999999 0.5 3
FLAG -0.86433500000000008 -0.65343499999999999 0.5 3
FLAG -0.73032999999999992 -0.62307500000000005 0.5 8
FLAG -0.763575 -0.58490500000000001 0.37011349999999998 5
FLAG -0.79801500000000003 -0.73485 0 2
FLAG -0.73103499999999999 -0.6221000000000001 0 7
FLAG -0.86343999999999999 -0.65274999999999994 0 2
FLAG -0.76385999999999998 -0.58443000000000001 0.1201135 5
FLAG -0.78831499999999999 -0.53833500000000001 0.24001349999999999 5
FLAG -0.82091499999999995 -0.49390500000000004 0.11990000000000001 5
FLAG -0.82062999999999997 -0.49438000000000004 0.36990000000000001 5
FLAG -0.98784000000000005 -0.66937000000000002 0 2
FLAG -1.1114700000000002 -0.70574500000000007 0 2
FLAG -1.0540500000000002 -0.801875 0 2
FLAG -0.893625 -0.35065999999999997 0.23982300000000001 5
FLAG -0.91661000000000004 -0.30279500000000004 0.119923 5
FLAG -0.144925 -1.4680149999999998 0.5 3
FLAG -1.32836 -0.50312500000000004 0 2
FLAG -1.2706999999999999 -0.59244999999999992 0 2
FLAG -0.99651500000000004 -0.34172999999999998 0 2
FLAG -1.0436650000000001 -0.24762000000000001 0 2
FLAG -0.93849000000000005 -0.25797000000000003 0 7
FLAG -1.11389 -0.13253500000000001 0 2
FLAG -1.006405 -0.061107000000000002 0 7
FLAG -1.3583400000000001 -0.090739999999999987 0 2
FLAG -1.3614000000000002 -0.197355 0 2
FLAG -0.27079999999999999 -0.92878499999999997 0.28043799999999997 5
FLAG -0.27649499999999999 -0.92928999999999995 0.22380849999999999 5
FLAG -1.347075 0.015415499999999999 0 2
FLAG -0.50734999999999997 -0.94059499999999996 0.5 3
FLAG -0.43097000000000002 -0.97601999999999989 0.5 3
FLAG -0.41440500000000002 -0.91410999999999998 0.42080400000000001 5
FLAG -0.45340000000000003 -0.88951500000000006 0.5 8
FLAG -0.53187499999999999 -1.2824500000000001 0.5 3
FLAG -1.3236949999999998 0.37627299999999997 0.5 3
FLAG -1.1430199999999999 -0.55161499999999997 0.5 3
FLAG -1.1914500000000001 -0.63775500000000007 0.5 3
FLAG -1.2723499999999999 -0.59384000000000003 0.5 3
FLAG -1.3300299999999998 -0.50451500000000005 0.5 3
FLAG -1.131575 0.12282849999999999 0.5 3
FLAG -1.130145 0.22816449999999999 0.5 3
FLAG -1.02573 0.146706 0.5 8
FLAG -1.0263200000000001 0.15770699999999999 0.43009149999999996 5
FLAG -1.3468450000000001 0.064198999999999992 0.5 3
FLAG -1.358115 -0.041965000000000002 0.5 3
FLAG -1.2388349999999999 0.10033349999999999 0.5 3
FLAG -1.286745 0.59531899999999993 0 2
FLAG -1.2628550000000001 0.69436349999999991 0 2
FLAG -1.33388 0.27442900000000003 0.5 3
FLAG -0.37335499999999999 -1.3671150000000001 0.5 3
FLAG -0.45449499999999998 -1.331885 0.5 3
FLAG -0.31438500000000003 -1.32335 0.5 3
FLAG -0.31191000000000002 -1.404825 0.5 3
FLAG -0.19552 -1.45658 0.5 3
FLAG 0.0012539999999999982 1.5088485 0 2
FLAG -0.22805500000000001 1.1276725000000001 0.2217025 5
FLAG -0.52255499999999999 1.056683 0.29409750000000001 5
FLAG -0.45219500000000001 1.091218 0.31506050000000002 5
FLAG -0.51222999999999996 1.0610059999999999 0.35919400000000001 5
FLAG -0.36846000000000001 1.1692585 0 2
FLAG -0.34207500000000002 1.1212569999999999 0 7
FLAG -0.16502 1.4782035 0 2
FLAG -0.23030499999999998 1.4687239999999999 0 2
FLAG -0.26119999999999999 1.1306500000000002 0.29576649999999999 5
FLAG -0.30752999999999997 1.1263165000000002 0.3197045 5
FLAG -0.22798000000000002 1.1278790000000001 0.3255015 5
FLAG -0.22547 1.1276350000000002 0.174787 5
FLAG -0.29419000000000001 1.4426635000000001 0 2
FLAG -0.37349500000000002 1.4228555000000001 0 2
FLAG -0.55079 1.0433945 0.41911549999999997 5
FLAG -0.56897500000000001 1.1288015 0.5 3
FLAG -0.64463999999999999 1.0840269999999999 0.5 3
FLAG -0.59465499999999993 1.0155435000000002 0.5 8
FLAG -0.42986999999999997 1.1944474999999999 0.5 3
FLAG -0.45640999999999998 1.0863645000000002 0.5 8
FLAG -0.49244999999999994 1.168401 0.5 3
FLAG -0.41785 1.1039760000000001 0.44007850000000004 5
FLAG -0.48042999999999997 1.0779295000000002 0.44007850000000004 5
FLAG -0.36338500000000001 1.1191485000000001 0.45238849999999997 5
FLAG -0.29636000000000001 1.1282595 0.37333499999999997 5
FLAG -0.83313000000000004 1.1791465000000001 0 2
FLAG -1.2943799999999999 0.5690345 0.5 3
FLAG -1.27051 0.668045 0.5 3
FLAG -1.3132349999999999 0.47776150000000001 0.5 3
FLAG -1.31071 0.47250449999999999 0 2
FLAG -1.2037550000000001 0.8336365 0.5 3
FLAG -1.25288 0.74462500000000009 0.5 3
FLAG -1.150895 0.88739349999999995 0 2
FLAG -1.0808849999999999 0.96146300000000007 0 2
FLAG -0.97655999999999998 0.74976350000000003 0 2
FLAG -0.86438999999999999 0.73795349999999993 0 7
FLAG -0.92489999999999994 0.83919999999999995 0 2
FLAG -0.013061 1.460372 0.5 3
FLAG -0.059759999999999994 1.4962754999999999 0.5 3
FLAG -0.111805 1.4923095 0.5 3
FLAG -0.23569499999999999 1.460758 0.5 3
FLAG -0.61773 1.3026985 0.5 3
FLAG -0.70713999999999999 1.254427 0.5 3
FLAG -1.151405 0.89289449999999992 0.5 3
FLAG -1.0903 0.80293900000000007 0.5 3
FLAG 0.076849499999999987 1.2155955000000001 0 2
FLAG 0.083230499999999999 1.2031545000000001 0 2
FLAG -0.061090000000000005 1.071869 0.030377499999999998 5
FLAG -0.050115 1.0811155000000001 0 2
FLAG -0.057249999999999995 1.0694945 0.013158 5
FLAG -0.073069999999999996 1.0801915 0.017219499999999999 5
FLAG -0.038135000000000002 1.0727929999999999 0 2
FLAG -0.045269999999999998 1.061172 0.013158 5
FLAG -0.057249999999999995 1.0694945 0 7
FLAG -0.089560000000000001 1.0894014999999999 0.017219499999999999 5
FLAG -0.080704999999999999 1.1051324999999999 0 2
FLAG -0.064214999999999994 1.0959224999999999 0 2
FLAG -0.085719999999999991 1.087027 0 7
FLAG -0.045269999999999998 1.061172 0.039473999999999995 5
FLAG -0.086245000000000002 1.0877545 0.052302999999999995 5
FLAG -0.098640000000000005 1.0934275 0.038456999999999998 5
FLAG -0.11129 1.100263 0.021237499999999999 5
FLAG -0.113065 1.1004640000000001 0.10274949999999999 5
FLAG -0.094840000000000008 1.0925609999999999 0.091263999999999998 5
FLAG -0.023445000000000001 1.1335299999999999 0 2
FLAG 0.0030514999999999995 1.129464 0 2
FLAG -0.0102335 1.150639 0 2
FLAG -0.045100000000000001 1.099221 0 2
FLAG 0.094047999999999993 1.2305804999999999 0 2
FLAG 0.107296 1.2362774999999999 0 2
FLAG -0.045269999999999998 1.061172 0.065789500000000001 5
FLAG -0.080740000000000006 1.0843069999999999 0.066845500000000002 5
FLAG -0.081430000000000002 1.0847544999999998 0.080809999999999993 5
FLAG -0.045269999999999998 1.061172 0.118421 5
FLAG -0.055944999999999995 1.0686564999999999 0.17763200000000001 5
FLAG -0.045269999999999998 1.061172 0.17105300000000001 5
FLAG -0.055944999999999995 1.0686564999999999 0.1907895 5
FLAG -0.066619999999999999 1.076141 0.1842105 5
FLAG -0.055944999999999995 1.0686564999999999 0.20394699999999999 5
FLAG -0.045269999999999998 1.061172 0.1973685 5
FLAG -0.045269999999999998 1.061172 0.25 5
FLAG -0.055944999999999995 1.0686564999999999 0.243421 5
FLAG -0.045269999999999998 1.061172 0.32894699999999999 5
FLAG -0.082350000000000007 1.0851760000000001 0.32317649999999998 5
FLAG -0.079990000000000006 1.083968 0.33832450000000003 5
FLAG -0.09572 1.0930029999999999 0.33255400000000002 5
FLAG -0.045269999999999998 1.061172 0.355263 5
FLAG -0.055944999999999995 1.0686564999999999 0.361842 5
FLAG -0.066619999999999999 1.076141 0.368421 5
FLAG -0.080884999999999999 1.0844304999999999 0.38443300000000002 5
FLAG 0.090702500000000005 1.2255775 0.5 3
FLAG 0.078845500000000013 1.236135 0.5 3
FLAG -0.066619999999999999 1.076141 0.394737 5
FLAG -0.080449999999999994 1.0842065000000001 0.41724050000000001 5
FLAG -0.045269999999999998 1.061172 0.4342105 5
FLAG -0.07949500000000001 1.104811 0.5 3
FLAG -0.043885 1.098897 0.5 3
FLAG -0.063 1.0956000000000001 0.5 3
FLAG -0.066619999999999999 1.076141 0.236842 5
FLAG -0.081775 1.0848845 0.22953750000000001 5
FLAG -0.096494999999999997 1.093407 0.21882550000000001 5
FLAG 0.073504 1.2105925000000002 0.5 3
FLAG 0.084360500000000005 1.217746 0.5 3
FLAG 0.083230499999999999 1.2031545000000001 0.5 3
FLAG 0.021104500000000002 1.1870080000000001 0.5 3
FLAG 0.0067165000000000002 1.1718510000000002 0.5 3
FLAG 0.030651000000000001 1.1617299999999999 0.5 3
FLAG -0.010423499999999999 1.1509070000000001 0.5 3
FLAG -0.023635 1.1337980000000001 0.5 3
FLAG 0.0030514999999999995 1.129464 0.5 3
FLAG -0.13067000000000001 1.1082380000000001 0.37958650000000005 5
FLAG -0.11812500000000001 1.1025095 0.2480465 5
FLAG -0.080690000000000012 1.0843725 0.101907 5
FLAG 0.0043995000000000006 1.2177639999999998 0 2
FLAG -0.0107455 1.2439955 0 2
FLAG -0.017375000000000002 1.2234864999999999 0 2
FLAG -0.11078499999999999 1.0996225000000002 0.12554899999999999 5
FLAG -0.11780499999999999 1.102346 0.2341625 5
FLAG 0.061661000000000007 1.2360465 0.5 3
FLAG 0.0658725 1.2469975 0.5 3
FLAG -0.11933000000000001 1.1029534999999999 0.31003250000000004 5
FLAG -0.112895 1.1006835000000001 0.33583700000000005 5
FLAG -0.011391500000000001 1.2438115000000001 0.5 3
FLAG -0.0066925000000000005 1.2614879999999999 0.5 3
FLAG 0.014736000000000001 1.2560215000000001 0.5 3
FLAG 0.043353000000000003 1.195424 0.5 3
FLAG 0.057020500000000002 1.2049810000000001 0.5 3
FLAG 0.058706499999999995 1.1864440000000001 0.5 3
FLAG 0.100429 1.2181394999999999 0.5 3
FLAG -0.033465000000000002 1.1128675000000001 0.5 3
FLAG -0.020580000000000001 1.0983844999999999 0.5 3
FLAG -0.046939999999999996 1.1343105 0.5 3
FLAG -0.019969999999999998 1.176185 0.5 3
FLAG 0.076068999999999998 1.2906235000000001 0.5 3
FLAG 0.093925499999999995 1.2887474999999999 0.5 3
FLAG -0.16994500000000001 1.4703740000000001 0.5 3
FLAG -0.03814 1.4306969999999999 0.5 3
FLAG -0.36999000000000004 1.1683655000000002 0.5 3
FLAG -0.34214500000000003 1.1212435000000001 0.5 8
FLAG -0.31169999999999998 1.1279810000000001 0.45238849999999997 5
FLAG -0.92533999999999994 0.84479700000000002 0.5 3
FLAG -0.86438999999999999 0.7379595000000001 0.5 8
FLAG -1.081445 0.96695350000000002 0.5 3
FLAG -1.3439999999999999 0.16815249999999998 0.5 3
FLAG -1.250915 -0.094975000000000004 0.5 3
FLAG -1.3673500000000001 -0.13331999999999999 0.5 3
FLAG -0.91642500000000005 -0.30316500000000002 0.369923 5
FLAG -0.93820000000000003 -0.25859500000000002 0.5 8
FLAG -0.86817 -0.40031499999999998 0.36990000000000001 5
FLAG -0.86408499999999999 -0.84096499999999996 0.5 3
FLAG -0.91483500000000006 -0.95633000000000001 0.5 3
FLAG -0.98353000000000002 -0.8812850000000001 0.5 3
FLAG -0.60363500000000003 -0.95413499999999996 0.5 3
FLAG -0.73643999999999998 -0.98509499999999994 0.5 3
FLAG -0.66258499999999998 -0.88505 0.5 3
FLAG -0.78093500000000005 -1.1013850000000001 0.5 3
FLAG -0.83988499999999999 -1.0323 0.5 3
FLAG -0.62264000000000008 -1.232275 0.5 3
FLAG -0.24759999999999999 -1.4261200000000001 0.5 3
FLAG -0.242645 -1.2902899999999999 0.5 3
FLAG -0.37673500000000004 -0.91738500000000001 0.363817 5
FLAG -0.60404000000000002 -1.1204749999999999 0.5 3
FLAG -0.6960900000000001 -1.1659799999999998 0.5 3
FLAG -0.318075 -0.93074500000000004 0.31948449999999995 5
FLAG -0.018822999999999999 -1.3094350000000001 0.5 3
FLAG 0.0251725 -1.3075000000000001 0.5 3
FLAG -0.25440499999999999 -0.92952999999999997 0.3469795 5
FLAG 0.10659100000000001 -1.0446299999999999 0.5 3
FLAG 0.1132645 -1.035555 0.5 3
FLAG -0.02393 -1.2329600000000001 0.5 3
FLAG -0.144375 -1.089825 0.5 3
FLAG -0.18531500000000001 -1.0650249999999999 0.5 3
FLAG -0.27360499999999999 -1.1279050000000002 0.5 3
FLAG -0.214005 -1.16835 0.5 3
FLAG -0.095574999999999993 -1.1207400000000001 0.5 3
FLAG -0.14685999999999999 -1.1480950000000001 0.5 3
FLAG -0.060359999999999997 -1.1521749999999999 0.5 3
FLAG -0.057875000000000003 -1.0939049999999999 0.5 3
FLAG -0.24784500000000001 -1.0770249999999999 0.5 3
FLAG -0.23749999999999999 -1.0248699999999999 0.5 3
FLAG -1.0263200000000001 0.15770699999999999 0.30509149999999996 5
FLAG -1.0243 0.25204199999999999 0.375 5
FLAG -1.2258049999999998 0.30613099999999999 0.5 3
FLAG -1.0199750000000001 1.0316434999999999 0.5 3
FLAG -0.97648000000000001 0.92688700000000002 0.5 3
FLAG -0.69903999999999999 1.1543399999999999 0.5 3
FLAG -0.542435 1.2368844999999999 0.5 3
FLAG -0.33599500000000004 1.2960194999999999 0.5 3
FLAG -0.40603 1.250402 0.5 3
FLAG -0.39587499999999998 1.3221015 0.5 3
FLAG -0.24974000000000002 1.1302620000000001 0.38504099999999997 5
FLAG -0.28632000000000002 1.1278885000000001 0.41648299999999999 5
FLAG -0.18914999999999998 1.1238524999999999 0.34042450000000002 5
FLAG -0.22095000000000001 1.1266064999999998 0.35681600000000002 5
FLAG -0.15787499999999999 1.11595 0.388322 5
FLAG -0.17726999999999998 1.1215435 0.407391 5
FLAG -0.077520000000000006 1.129327 0.5 3
FLAG -0.06769 1.1502574999999999 0.5 3
FLAG -0.21090999999999999 1.1262354999999999 0.39996399999999999 5
FLAG -0.17851 1.1204995 0.5 8
FLAG -0.12646000000000002 1.1627665 0.5 3
FLAG 0.0036035000000000004 1.2177370000000001 0.5 3
FLAG 0.025852 1.226153 0.5 3
FLAG 0.019418500000000002 1.2055450000000001 0.5 3
FLAG -0.079660000000000009 1.3547169999999999 0.5 3
FLAG -0.093304999999999999 1.4012560000000001 0.5 3
FLAG -0.060174999999999999 1.4012720000000001 0.5 3
FLAG 0.045177500000000002 1.2304349999999999 0.5 3
FLAG 0.058150500000000008 1.2195724999999999 0.5 3
FLAG -0.11631 1.1926945 0.5 3
FLAG -0.088120000000000004 1.1752020000000001 0.5 3
FLAG -0.11754000000000001 1.2373190000000001 0.5 3
FLAG -0.12023 1.2738024999999999 0.5 3
FLAG -0.080659999999999996 1.2416135000000001 0.5 3
FLAG -0.030355 1.3305004999999999 0.5 3
FLAG -0.048764999999999996 1.2921825 0.5 3
FLAG -0.064939999999999998 1.3164150000000001 0.5 3
FLAG -0.057539999999999994 1.1801854999999999 0.5 3
FLAG -1.1788350000000001 -0.26846500000000001 0.5 3
FLAG -1.196275 -0.352215 0.5 3
FLAG -1.27759 -0.27007999999999999 0.5 3
FLAG -0.39247500000000002 -1.0319849999999999 0.5 3
FLAG -0.32579000000000002 -1.08775 0.5 3
FLAG -0.41823500000000002 -1.082865 0.5 3
FLAG -0.18859500000000001 -1.2524999999999999 0.5 3
FLAG -0.19889000000000001 -1.3232699999999999 0.5 3
FLAG 0.054366499999999998 -1.09161 0.5 3
FLAG 0.054714499999999999 -1.0659800000000001 0.5 3
FLAG 0.074037999999999993 -1.0766200000000001 0.5 3
FLAG -0.057270000000000001 -1.0262100000000001 0.5 3
FLAG -0.054359999999999999 -0.98373500000000003 0.5 3
FLAG 0.010641499999999998 -1.069075 0.5 3
FLAG 0.010280499999999998 -1.0409250000000001 0.5 3
FLAG 0.034681999999999998 -1.0528200000000001 0.5 3
FLAG -0.017604999999999999 -1.0235650000000001 0.5 3
FLAG 0.0064354999999999985 -1.0073099999999999 0.5 3
FLAG -0.053425 -1.059825 0.5 3
FLAG -0.01821 -1.0912600000000001 0.5 3
FLAG -0.095195000000000002 -1.2767249999999999 0.5 3
FLAG -0.12145 -1.2322449999999998 0.5 3
FLAG -0.071804999999999994 -1.22349 0.5 3
FLAG -0.16520499999999999 -1.199265 0.5 3
FLAG -0.28539999999999999 1.3291044999999999 0.5 3
FLAG -0.098069999999999991 1.3163990000000001 0.5 3
FLAG -0.0235 1.277773 0.5 3
FLAG -0.058084999999999998 1.2636875000000001 0.5 3
FLAG -0.13495000000000001 1.3121045 0.5 3
FLAG -0.20103500000000002 1.2799990000000001 0.5 3
FLAG -0.196435 1.2352345 0.5 3
FLAG 0.0026275000000000005 1.2899829999999999 0.5 3
FLAG 0.014454000000000002 1.3098084999999999 0.5 3
FLAG 0.0043489999999999996 1.3325135000000001 0.5 3
FLAG 0.032982999999999998 1.3360540000000001 0.5 3
FLAG -0.13403500000000002 1.1091215000000001 0.021237499999999999 5
FLAG -0.123235 1.1298284999999999 0 2
FLAG -0.10049 1.1209699999999998 0 2
FLAG -0.124955 1.1050955 0 7
FLAG -0.020580000000000001 1.0983844999999999 0 2
FLAG -0.034680000000000002 1.1131915000000001 0 2
FLAG 0.100429 1.2181394999999999 0 2
FLAG 0.103686 1.259336 0 2
FLAG -0.14567000000000002 1.1122315 0.050034499999999996 5
FLAG -0.15150000000000002 1.1144615 0.075366000000000002 5
FLAG -0.63633000000000006 1.2917965 0 2
FLAG -0.72576499999999999 1.2435395 0 2
FLAG 0.054936499999999999 -1.0164900000000001 0 2
FLAG 0.059965499999999998 -0.98876000000000008 0 2
FLAG 0.038862000000000001 -1.00118 0 2
FLAG -0.15893499999999999 -0.92133500000000002 0.11408600000000001 5
FLAG -0.13624999999999998 -0.91657500000000003 0.078169000000000002 5
FLAG -0.045055000000000005 -0.94717499999999999 0 2
FLAG -0.089749999999999996 -1.0207299999999999 0 2
FLAG -0.057575000000000001 -1.02738 0 2
FLAG -0.053894999999999998 -0.98439999999999994 0 2
FLAG -0.20271499999999998 -0.92701 0.14031350000000001 5
FLAG 0.089223999999999998 -1.0336650000000001 0 2
FLAG 0.075695499999999999 -1.0224199999999999 0 2
FLAG 0.089568499999999995 -1.015315 0 2
FLAG 0.131353 -1.07433 0 2
FLAG 0.10089999999999999 -1.1295350000000002 0 2
FLAG 0.0930835 -1.1101749999999999 0 2
FLAG 0.1042815 -1.0733550000000001 0 2
FLAG 0.051896999999999999 -1.09918 0 2
FLAG 0.034414500000000001 -1.117815 0 2
FLAG -0.37489499999999998 -0.91798999999999997 0.13500500000000001 5
FLAG -0.31764000000000003 -0.93074999999999997 0.18379099999999998 5
FLAG 0.0319365 -1.0596299999999998 0 2
FLAG 0.049877499999999998 -1.0794349999999999 0 2
FLAG -0.9049799999999999 -0.95489500000000005 0 2
FLAG -0.85299499999999995 -0.83938000000000001 0 2
FLAG -0.98240499999999997 -0.88101499999999999 0 2
FLAG -0.25966500000000003 -0.93003999999999998 0.1546565 5
FLAG -0.31240499999999999 -1.403715 0 2
FLAG -0.27243499999999998 -1.1256149999999998 0 2
FLAG -0.32503000000000004 -1.0869749999999998 0 2
FLAG -0.14394000000000001 -1.0896049999999999 0 2
FLAG -0.13399 -1.0378699999999998 0 2
FLAG -0.36309999999999998 -1.20926 0 2
FLAG -0.30266999999999999 -1.2515400000000001 0 2
FLAG -0.28998999999999997 -1.17801 0 2
FLAG -0.78027000000000002 -1.103445 0 2
FLAG -0.72579499999999997 -0.98583999999999994 0 2
FLAG -0.83004499999999992 -1.0308649999999999 0 2
FLAG -0.60333999999999999 -0.95587999999999995 0 2
FLAG -0.653115 -0.88329999999999997 0 2
FLAG -1.2660499999999999 -0.21466000000000002 0 2
FLAG -1.3431649999999999 0.14553949999999999 0 2
FLAG -1.2382300000000002 0.028914000000000009 0 2
FLAG -1.0734750000000002 -0.45230999999999999 0 2
FLAG -1.1611150000000001 -0.41819499999999998 0 2
FLAG -1.1329 -0.53912499999999997 0 2
FLAG -0.95301999999999998 0.55210249999999994 0 7
FLAG -1.039355 0.64576499999999992 0 2
FLAG -1.0998649999999999 0.74701149999999994 0 2
FLAG -1.2136900000000002 0.78339499999999995 0 2
FLAG -0.95419999999999994 0.94874750000000008 0 2
FLAG -0.2054 1.1250365 0.064662999999999998 5
FLAG -0.19456999999999999 1.1871205 0 2
FLAG -0.19461000000000001 1.2227445000000001 0 2
FLAG -0.21973000000000001 1.1265745 0.14086300000000002 5
FLAG -0.21092 1.126228 0.09882450000000001 5
FLAG -0.24008499999999999 1.2379705000000001 0 2
FLAG -0.29407 1.2523119999999999 0 2
FLAG -0.28918499999999997 1.2117404999999999 0 2
FLAG -0.27707500000000002 1.3229489999999999 0 2
FLAG -0.32617499999999999 1.296719 0 2
FLAG -0.126355 1.1612724999999999 0 2
FLAG -0.12650999999999998 1.3906775 0 2
FLAG -0.071709999999999996 1.4075549999999999 0 2
FLAG -0.12661 1.4363545000000002 0 2
FLAG -0.086895 1.1748949999999998 0 2
FLAG -0.078740000000000004 1.2430870000000001 0 2
FLAG -0.11824 1.2650885000000001 0 2
FLAG -0.053769999999999998 1.2269025 0 2
FLAG -0.038625 1.2006709999999998 0 2
FLAG 0.065459500000000004 1.3098260000000002 0 2
FLAG 0.084159000000000012 1.327016 0 2
FLAG 0.061318499999999998 1.3314349999999999 0 2
FLAG -0.38951000000000002 1.3201135000000002 0 2
FLAG -0.40650500000000001 1.2494765000000001 0 2
FLAG 0.031169499999999999 1.3369710000000001 0 2
FLAG -0.050575000000000002 -1.1889150000000002 0 2
FLAG -0.45220500000000002 -1.234 0 2
FLAG -0.53105500000000005 -1.28159 0 2
FLAG -0.62177000000000004 -1.2314250000000002 0 2
FLAG -0.602325 -1.121815 0 2
FLAG -0.695465 -1.1680299999999999 0 2
FLAG -0.17858499999999999 -1.2577250000000002 0 2
FLAG -0.112945 -1.2374550000000002 0 2
FLAG -0.16392000000000001 -1.2000200000000001 0 2
FLAG -0.14636500000000002 -1.1476250000000001 0 2
FLAG -0.095854999999999996 -1.1217299999999999 0 2
FLAG -0.054355000000000001 -1.0609299999999999 0 2
FLAG -0.018499999999999999 -1.0246 0 2
FLAG 0.0063894999999999993 -1.1361400000000001 0 2
FLAG 0.0073800000000000003 -1.0742499999999999 0 2
FLAG 0.0092765 -1.0435300000000001 0 2
FLAG -0.059719999999999995 -1.0953550000000001 0 2
FLAG -0.020645 -1.0925750000000001 0 2
FLAG -0.062145000000000006 -1.153375 0 2
FLAG -0.069900000000000004 -1.2226349999999999 0 2
FLAG -0.24163999999999999 -1.2896100000000001 0 2
FLAG -0.084565000000000001 -1.28034 0 2
FLAG -0.059864500000000001 -1.3230599999999999 0 2
FLAG -0.122505 1.3059689999999999 0 2
FLAG -0.077034999999999992 1.3219824999999998 0 2
FLAG -0.11707999999999999 1.3458644999999998 0 2
FLAG 0.031502999999999996 1.2938179999999999 0 2
FLAG 0.042646500000000004 1.273272 0 2
FLAG 0.053762500000000005 1.2936990000000002 0 2
FLAG 0.0027684999999999993 1.2918915 0 2
FLAG -0.023685000000000001 1.2800549999999999 0 2
FLAG -0.0060665000000000007 1.2615544999999999 0 2
FLAG 0.035577499999999998 1.259031 0 2
FLAG 0.057837 1.258912 0 2
FLAG 0.015708 1.2558319999999998 0 2
FLAG 0.030898500000000002 1.2414719999999999 0 2
FLAG 0.013884499999999998 1.3123184999999999 0 2
FLAG -0.048655000000000004 1.2962395 0 2
FLAG -0.057489999999999999 1.2659025000000002 0 2
FLAG -0.17197999999999999 1.3746640000000001 0 2
FLAG -0.043229999999999998 1.3361350000000001 0 2
FLAG 0.0024350000000000005 1.3350445 0 2
FLAG 0.041425999999999998 1.5098285 0 2
FLAG 0.034061500000000001 1.2603035 0.5 3
FLAG 0.0293625 1.2426270000000001 0.5 3
FLAG 0.056263000000000007 1.2613745000000001 0.5 3
FLAG -0.45382499999999998 1.375613 0 2
FLAG -0.31474999999999997 -1.3208600000000001 0 2
FLAG -0.151445 1.3793204999999999 0.5 3
FLAG -0.13195999999999999 1.4258755000000001 0.5 3
FLAG -0.024494999999999999 1.384158 0.5 3
FLAG -0.17360500000000001 1.336724 0.5 3
FLAG -0.011826000000000001 1.356746 0.5 3
FLAG 0.010208999999999999 1.386171 0.5 3
FLAG -0.055395 1.227204 0.5 3
FLAG -0.44106999999999996 -1.1627000000000001 0.5 3
FLAG -0.212005 -1.1678950000000001 0 2
FLAG -0.43952500000000005 -1.1604700000000001 0 2
FLAG -0.14681 -1.3537300000000001 0.5 3
FLAG -0.20085999999999998 -1.3915199999999999 0.5 3
FLAG -0.92086000000000001 -0.55662 0 2
FLAG -1.1198549999999998 -0.71694499999999994 0.5 3
FLAG -0.99744999999999995 -0.68072500000000002 0.5 3
FLAG -1.055185 -0.80214000000000008 0.5 3
FLAG -1.18306 -0.62656500000000004 0 2
FLAG 0.066046499999999994 1.2399305 0 2
FLAG 0.027556499999999998 1.2268025 0 2
FLAG 0.047425999999999996 1.2300015000000002 0 2
FLAG -0.56321999999999994 1.2240709999999999 0 2
FLAG -0.54295000000000004 1.3405965000000002 0 2
FLAG 0.073447499999999999 1.261463 0.5 3
FLAG -0.21753 1.3472149999999998 0.5 3
FLAG -0.15588000000000002 1.2248835 0.5 3
FLAG 0.071734500000000007 -1.0882649999999998 0 2
FLAG 0.0060565000000000011 -1.0099800000000001 0 2
FLAG 0.0020150000000000012 -1.1086749999999999 0 2
FLAG 0.088967999999999992 -1.0652949999999999 0 2
FLAG 0.091786000000000006 -1.05142 0 2
FLAG 0.085028500000000007 -1.0765799999999999 0 2
FLAG -0.082985000000000003 -0.90640499999999991 0.304867 5
FLAG -0.058215000000000003 -0.90042 0.33552550000000003 5
FLAG 0.056585500000000004 -1.1216349999999999 0.5 3
FLAG -0.086955000000000005 -0.907555 0.27643299999999998 5
FLAG -0.058179999999999996 -0.90040999999999993 0.27821899999999999 5
FLAG -0.055875000000000001 1.1793960000000001 0 2
FLAG -0.94016999999999995 1.0951695000000001 0.5 3
FLAG -0.87222500000000003 1.1550785000000001 0.5 3
FLAG -0.84706499999999996 1.0514859999999999 0.5 3
FLAG -0.76396500000000001 1.110878 0 2
FLAG -0.78722000000000003 1.2114819999999999 0.5 3
FLAG -0.085724999999999996 1.0870310000000001 0.5 8
FLAG -0.45316499999999998 1.3770074999999999 0.5 3
FLAG -0.23586499999999999 1.3486034999999998 0 2
FLAG -0.24529499999999999 1.3934165000000001 0 2
FLAG -0.017825000000000001 1.2232035000000001 0.5 3
FLAG -0.117315 -1.39225 0.5 3
FLAG -0.115345 -1.3239999999999998 0.5 3
FLAG -0.065699999999999995 -1.315245 0.5 3
FLAG 0.085930499999999993 -1.09192 0.5 3
FLAG -0.050185 -1.18848 0.5 3
FLAG -0.01444 -1.1625399999999999 0 2
FLAG -0.50775499999999996 -1.106935 0.5 3
FLAG -1.16072 -0.42915000000000003 0.5 3
FLAG -1.2594749999999999 -0.43076500000000001 0.5 3
FLAG -1.1958250000000001 -0.32974500000000001 0 2
FLAG -1.25525 -0.41655999999999999 0 2
FLAG -1.171915 -0.21629500000000002 0 2
FLAG -1.1227900000000002 -0.17535000000000001 0.5 3
FLAG -1.3704000000000001 -0.23995 0.5 3
FLAG -1.38784 -0.32369999999999999 0.5 3
FLAG -1.0414750000000002 -0.25748500000000002 0.5 3
FLAG -0.92900499999999997 -0.56824000000000008 0.5 3
FLAG -0.54120500000000005 1.342298 0.5 3
FLAG -0.25797000000000003 1.3858294999999998 0.5 3
FLAG -0.080884999999999999 1.0844304999999999 0.39759100000000003 5
FLAG -0.040399999999999998 1.2011295 0.5 3
FLAG 0.062704499999999996 1.2252610000000002 0 2
FLAG 0.020926999999999998 1.2062935000000001 0 2
FLAG -1.3655849999999998 -0.42758000000000002 0.5 3
FLAG -0.73008000000000006 -0.81060500000000002 0.5 3
FLAG -0.58120499999999997 -1.0406399999999998 0.5 3
FLAG -0.50696000000000008 -1.1051600000000001 0 2
FLAG -0.58065499999999992 -1.0417649999999998 0 2
FLAG -0.41785499999999998 -1.0804199999999999 0 2
FLAG -0.72059000000000006 -0.80872999999999995 0 2
FLAG -0.022194999999999999 -1.2318 0 2
FLAG -0.84389999999999998 -0.44603999999999999 0 7
FLAG -0.976545 -0.47417500000000001 0.5 3
FLAG -1.07982 -0.47306500000000001 0.5 3
FLAG -0.99424500000000005 -0.35171000000000002 0.5 3
FLAG 0.044561500000000004 1.1961094999999999 0 2
FLAG -0.019480000000000001 1.17598 0 2
FLAG -0.84343000000000001 -0.44688500000000003 0.5 8
FLAG 0.058228999999999996 1.2056665 0 2
FLAG 0.88515900000000003 0.59131149999999999 0 2
FLAG 0.92086749999999995 0.6400055 0 2
FLAG 0.85091950000000005 0.63968999999999998 0 2
FLAG 0.54460500000000001 -0.89507500000000007 0 2
FLAG 0.51479049999999993 -0.92029000000000005 0 2
FLAG 0.50886549999999997 -0.87715500000000002 0 2
FLAG 0.66833150000000008 -0.76761999999999997 0.5 3
FLAG 0.66072500000000001 -0.74489000000000005 0.5 3
FLAG 0.68578950000000005 -0.75224000000000002 0.5 3
FLAG 0.091220999999999997 -1.47533 0.5 3
FLAG 0.040959000000000002 -1.4799950000000002 0.5 3
FLAG 0.15244649999999998 -1.0674049999999999 0.5 3
FLAG 1.0934629999999999 -0.22373999999999999 0.5 3
FLAG 1.0139990000000001 -0.17665 0.5 3
FLAG 1.08527 -0.13817000000000002 0.5 3
FLAG 0.14665250000000002 1.2216765000000001 0.5 3
FLAG 0.1383945 1.2119040000000001 0.5 3
FLAG 0.13436599999999999 1.2277635 0.5 3
FLAG 0.60898699999999995 -0.83860500000000004 0 2
FLAG 0.57956300000000005 -0.86430499999999999 0 2
FLAG 0.56810399999999994 -0.82624000000000009 0 2
FLAG 0.38902500000000001 -1.378385 0 2
FLAG 0.45339200000000002 -1.3511950000000001 0 2
FLAG 0.78882099999999999 -1.183675 0 2
FLAG 0.533443 1.052886 0 2
FLAG 0.51717600000000008 1.0639405 0 2
FLAG 0.51615100000000003 1.0415315000000001 0 2
FLAG 0.49944299999999997 1.0696444999999999 0 2
FLAG 0.56937550000000003 1.3677795000000001 0 2
FLAG 0.62246699999999999 1.3342285 0 2
FLAG 0.63538450000000002 1.0557645 0 2
FLAG 0.60581850000000004 1.0718475000000001 0 2
FLAG 0.60826999999999998 1.0389080000000002 0 2
FLAG 0.72806400000000004 0.89217650000000004 0 2
FLAG 0.75557350000000001 0.84438600000000008 0 2
FLAG 0.69875449999999995 0.8333695000000001 0 2
FLAG 0.81212149999999994 0.73639600000000005 0 2
FLAG 0.86912199999999995 0.73650900000000008 0 2
FLAG 0.82962749999999996 0.68827100000000008 0 2
FLAG 0.6845285000000001 1.1122355000000002 0 2
FLAG 0.64288750000000006 1.1206385000000001 0 2
FLAG 0.67457400000000001 1.080301 0 2
FLAG 0.53688650000000004 1.2932319999999999 0.5 3
FLAG 0.48590449999999996 1.3195969999999999 0.5 3
FLAG 0.52479300000000006 1.3351359999999999 0.5 3
FLAG 0.50883350000000005 1.1023939999999999 0.5 3
FLAG 0.52584200000000003 1.0964445 0.5 3
FLAG 0.51384850000000004 1.0809614999999999 0.5 3
FLAG 0.47633749999999997 1.1254564999999999 0.5 3
FLAG 0.47146450000000001 1.1114325 0.5 3
FLAG 0.45960999999999996 1.1174219999999999 0.5 3
FLAG 0.47221199999999997 1.0812889999999999 0.5 3
FLAG 0.497834 1.0700810000000001 0.5 3
FLAG 0.48573299999999997 1.0610184999999999 0.5 3
FLAG 0.48473900000000003 1.0778485 0.5 3
FLAG 0.91340850000000007 0.52927749999999996 0.5 3
FLAG 0.62806600000000001 0.98764149999999995 0.5 3
FLAG 0.69869049999999999 0.83347150000000003 0.5 3
FLAG 0.72883999999999993 0.89109949999999993 0.5 3
FLAG 0.75638849999999991 0.84325399999999995 0.5 3
FLAG 0.69094100000000003 0.92967100000000003 0.5 3
FLAG 0.66474849999999996 0.96449150000000006 0.5 3
FLAG 0.64494950000000006 0.91613750000000005 0.5 3
FLAG 0.67702550000000006 1.0473615000000001 0 2
FLAG 0.67427149999999991 1.0006175000000002 0 2
FLAG 0.71346100000000001 1.0251540000000001 0 2
FLAG 0.55421699999999996 1.0432345000000001 0.5 3
FLAG 0.57425899999999996 1.0270490000000001 0.5 3
FLAG 0.55167600000000006 1.0148645000000001 0.5 3
FLAG 0.53124550000000004 1.0530310000000001 0.5 3
FLAG 0.51484249999999998 1.0641315 0.5 3
FLAG 0.51523099999999999 1.0421505 0.5 3
FLAG 0.55382850000000006 1.0652155000000001 0.5 3
FLAG 0.46190949999999997 1.08684 0.5 3
FLAG 0.46233550000000001 1.0743369999999999 0.5 3
FLAG 0.63369750000000002 1.058386 0.5 3
FLAG 0.6736215000000001 1.0814569999999999 0.5 3
FLAG 0.6772990000000001 1.047396 0.5 3
FLAG 0.75757050000000004 -0.70916500000000005 0 2
FLAG 0.74931199999999998 -0.72592000000000001 0 2
FLAG 0.7687885000000001 -0.72194500000000006 0 2
FLAG 0.809836 -0.63440999999999992 0 2
FLAG 0.79314450000000003 -0.62654499999999991 0 2
FLAG 0.79640149999999998 -0.64685499999999996 0 2
FLAG 0.76102300000000001 -0.66957500000000003 0 2
FLAG 0.84549450000000004 -0.60746500000000003 0 2
FLAG 0.82369350000000008 -0.59767499999999996 0 2
FLAG 0.82838000000000001 -0.62389000000000006 0 2
FLAG 0.86945899999999998 -0.59282000000000001 0 2
FLAG 1.290465 -0.3916 0 2
FLAG 1.3725915 -0.45394999999999996 0 2
FLAG 1.3879215 -0.36170999999999998 0 2
FLAG 1.0162930000000001 0.92489699999999997 0 2
FLAG 0.95314350000000003 0.99377199999999999 0 2
FLAG 0.79391900000000004 0.63957700000000006 0 2
FLAG 1.075323 -0.31532000000000004 0 2
FLAG 1.0597505 -0.37965500000000002 0 2
FLAG 1.0066375000000001 -0.32583499999999999 0 2
FLAG 1.0866210000000001 -0.132465 0 2
FLAG 1.0948935 -0.21820000000000001 0 2
FLAG 1.0139374999999999 -0.175765 0 2
FLAG 0.77155299999999993 -0.66419000000000006 0 2
FLAG 0.78201849999999995 -0.65469500000000003 0 2
FLAG 0.7692445 -0.64848499999999998 0 2
FLAG 0.73825549999999995 -0.69042499999999996 0 2
FLAG 0.7463439999999999 -0.68322499999999997 0 2
FLAG 0.7344504999999999 -0.67974999999999997 0 2
FLAG 0.75290299999999999 -0.67686000000000002 0 2
FLAG 0.75065899999999997 -0.665265 0 2
FLAG 0.82844249999999997 -0.62361500000000003 0.5 3
FLAG 0.84553849999999997 -0.60721000000000003 0.5 3
FLAG 0.82362100000000005 -0.59774499999999997 0.5 3
FLAG 0.92172299999999996 -0.54964499999999994 0.5 3
FLAG 0.90955699999999995 -0.50731999999999999 0.5 3
FLAG 0.94766799999999995 -0.51953500000000008 0.5 3
FLAG 0.86952050000000003 -0.59268999999999994 0.5 3
FLAG 0.8621645 -0.55938500000000002 0.5 3
FLAG 0.89096799999999998 -0.57073499999999999 0.5 3
FLAG 0.71129599999999993 -0.72294499999999995 0.5 3
FLAG 0.69769949999999992 -0.734935 0.5 3
FLAG 0.69177949999999999 -0.71751999999999994 0.5 3
FLAG 0.77154149999999999 -0.66423999999999994 0.5 3
FLAG 0.76922500000000005 -0.64849999999999997 0.5 3
FLAG 0.78199850000000004 -0.65474999999999994 0.5 3
FLAG 0.76088650000000002 -0.67027499999999995 0.5 3
FLAG 0.79771700000000001 -0.69739499999999999 0.5 3
FLAG 0.78417099999999995 -0.68530500000000005 0.5 3
FLAG 0.79786099999999993 -0.68257999999999996 0.5 3
FLAG 0.80461050000000001 -0.71380500000000002 0 2
FLAG 0.817944 -0.73302999999999996 0 2
FLAG 0.82394449999999997 -0.71414500000000003 0 2
FLAG 1.2171155 -0.33425000000000005 0 2
FLAG 1.2017855 -0.42649000000000004 0 2
FLAG 1.0660539999999998 -0.74524999999999997 0.5 3
FLAG 1.1307610000000001 -0.74119000000000002 0.5 3
FLAG 1.096268 -0.80285000000000006 0.5 3
FLAG 0.93385650000000009 -0.85029500000000002 0.5 3
FLAG 0.97986550000000006 -0.80437000000000003 0.5 3
FLAG 0.98555199999999998 -0.85283500000000001 0.5 3
FLAG 0.84330700000000003 -0.76193 0 2
FLAG 0.87005949999999999 -0.76245499999999999 0 2
FLAG 0.86403049999999992 -0.73389499999999996 0 2
FLAG 0.88489249999999997 -0.79913500000000004 0 2
FLAG 0.90561599999999998 -0.77110000000000001 0 2
FLAG 0.87039699999999998 -0.709395 0 2
FLAG 0.84364449999999991 -0.70887 0 2
FLAG 0.9341585 -0.73117499999999991 0 2
FLAG 0.94899149999999999 -0.76785499999999995 0 2
FLAG 0.96670049999999996 -0.76136000000000004 0.5 3
FLAG 1.0183960000000001 -0.76390000000000002 0.5 3
FLAG 0.99984699999999993 -0.77069499999999991 0 2
FLAG 0.97130450000000002 -0.81062000000000001 0 2
FLAG 0.263293 -1.04955 0 2
FLAG 0.24767600000000001 -1.0358749999999999 0 2
FLAG 0.24326700000000001 -1.054535 0 2
FLAG 0.30821900000000002 -1.02746 0 2
FLAG 0.30974599999999997 -1.0759699999999999 0 2
FLAG 0.30880399999999997 -1.0563199999999999 0 2
FLAG 0.29543599999999998 -1.06932 0 2
FLAG 0.21921599999999999 -1.0604549999999999 0 2
FLAG 0.2073315 -1.0447549999999999 0 2
FLAG 0.1988975 -1.0643500000000001 0 2
FLAG 0.15237699999999998 -1.067475 0 2
FLAG 0.180399 -1.0644800000000001 0 2
FLAG 0.1922835 -1.0801799999999999 0 2
FLAG 0.35419149999999999 -1.1764749999999999 0.5 3
FLAG 0.33456799999999998 -1.1606099999999999 0.5 3
FLAG 0.37594550000000004 -1.147805 0.5 3
FLAG 0.32794800000000002 -1.017935 0.5 3
FLAG 0.32902149999999997 -1.005825 0.5 3
FLAG 0.3376055 -1.0130300000000001 0.5 3
FLAG 0.34963149999999998 -1.0106899999999999 0.5 3
FLAG 0.36227549999999997 -1.00343 0.5 3
FLAG 0.351323 -0.99365999999999999 0.5 3
FLAG 0.38039699999999999 -1.1136900000000001 0.5 3
FLAG 0.4000205 -1.1295549999999999 0.5 3
FLAG 0.16513749999999999 -1.0679699999999999 0.5 3
FLAG 0.1716385 -1.0521799999999999 0.5 3
FLAG 0.18051200000000001 -1.0644400000000001 0.5 3
FLAG 0.19891449999999999 -1.064165 0.5 3
FLAG 0.21923300000000001 -1.06027 0.5 3
FLAG 0.2073315 -1.0447549999999999 0.5 3
FLAG 0.12493950000000001 -1.12626 0.5 3
FLAG 0.26357849999999999 -1.049695 0.5 3
FLAG 0.24355250000000001 -1.0546799999999998 0.5 3
FLAG 0.24767600000000001 -1.0358749999999999 0.5 3
FLAG 0.31915399999999999 -1.0226449999999998 0 2
FLAG 0.30842899999999995 -1.0155449999999999 0 2
FLAG 0.28210999999999997 -1.0405199999999999 0.5 3
FLAG 0.29700599999999999 -1.0352549999999998 0.5 3
FLAG 0.28259800000000002 -1.025625 0.5 3
FLAG 0.31854149999999998 -1.022195 0.5 3
FLAG 0.3076065 -1.02701 0.5 3
FLAG 0.30842899999999995 -1.0155449999999999 0.5 3
FLAG 0.29392750000000001 -1.1131549999999999 0 2
FLAG 0.31796749999999996 -1.116325 0 2
FLAG 0.32041799999999998 -1.0921400000000001 0 2
FLAG 0.48282449999999999 -0.93703500000000006 0 2
FLAG 0.45903850000000002 -0.95582999999999996 0 2
FLAG 0.45526500000000003 -0.92116500000000001 0 2
FLAG 0.43272749999999999 -0.96623000000000003 0 2
FLAG 0.41245850000000001 -0.95365 0 2
FLAG 0.41370699999999999 -0.97992000000000001 0 2
FLAG 0.68588199999999999 -0.75194000000000005 0 2
FLAG 0.66084799999999999 -0.74478500000000003 0 2
FLAG 0.66836099999999998 -0.76737500000000003 0 2
FLAG 0.70558450000000006 -0.7573700000000001 0 2
FLAG 0.69187650000000001 -0.71743500000000004 0 2
FLAG 0.71157899999999996 -0.72286500000000009 0 2
FLAG 0.69807149999999996 -0.73477999999999999 0 2
FLAG 0.72173900000000002 -0.70933000000000002 0 2
FLAG 0.72793400000000008 -0.72667499999999996 0 2
FLAG 0.73222799999999999 -0.70004500000000003 0 2
FLAG 0.71587299999999998 -0.69623499999999994 0 2
FLAG 0.3931885 -0.98795499999999992 0 2
FLAG 0.37796249999999998 -0.99778 0 2
FLAG 0.37821199999999999 -0.97716500000000006 0 2
FLAG 0.79731450000000004 -0.75113999999999992 0 2
FLAG 0.8166485 -0.75147999999999993 0 2
FLAG 0.84935499999999997 -0.82965 0 2
FLAG 0.88491149999999996 -0.83829500000000001 0 2
FLAG 0.73747300000000005 -0.69056499999999998 0.5 3
FLAG 0.73444699999999996 -0.679755 0.5 3
FLAG 0.74556500000000003 -0.68335999999999997 0.5 3
FLAG 0.89543299999999992 -0.88719499999999996 0 2
FLAG 0.93097049999999992 -0.85668000000000011 0 2
FLAG 0.67801050000000007 -0.79715500000000006 0.5 3
FLAG 0.65294600000000003 -0.78980499999999998 0.5 3
FLAG 0.71013999999999999 -0.79963000000000006 0.5 3
FLAG 0.69475449999999994 -0.82181499999999996 0.5 3
FLAG 0.63005100000000003 -0.80996000000000001 0.5 3
FLAG 0.609236 -0.83854999999999991 0.5 3
FLAG 0.64180999999999999 -0.84792999999999996 0.5 3
FLAG 0.37945600000000002 -0.99714499999999995 0.5 3
FLAG 0.39458650000000001 -0.98734499999999992 0.5 3
FLAG 0.37909749999999998 -0.97660000000000002 0.5 3
FLAG 0.45906000000000002 -0.95469500000000007 0.5 3
FLAG 0.48295299999999997 -0.935805 0.5 3
FLAG 0.45555499999999999 -0.92093000000000003 0.5 3
FLAG 0.41495550000000003 -0.97961500000000001 0.5 3
FLAG 0.43367250000000002 -0.96612500000000001 0.5 3
FLAG 0.41294500000000001 -0.95330999999999999 0.5 3
FLAG 0.38505650000000002 -1.08829 0.5 3
FLAG 0.373805 -1.064435 0.5 3
FLAG 0.39322049999999997 -1.071585 0.5 3
FLAG 0.33760849999999998 -1.01308 0 2
FLAG 0.36192349999999995 -1.00284 0 2
FLAG 0.349769 -1.0098050000000001 0 2
FLAG 0.35083149999999996 -0.99395500000000003 0 2
FLAG 0.73915200000000003 -0.73945499999999997 0 2
FLAG 0.62037200000000003 -0.78042499999999992 0.5 3
FLAG 0.72055950000000002 -0.70971000000000006 0.5 3
FLAG 0.428977 -1.1542599999999998 0.5 3
FLAG 0.45689049999999998 -1.1820349999999999 0.5 3
FLAG 0.42348249999999998 -1.1914449999999999 0.5 3
FLAG 0.44093399999999999 -1.06572 0.5 3
FLAG 0.453181 -1.03817 0.5 3
FLAG 0.46748400000000001 -1.0611999999999999 0.5 3
FLAG 0.49589150000000004 -1.11764 0.5 3
FLAG 0.45881099999999997 -1.1168 0.5 3
FLAG 0.49231750000000002 -1.0895900000000001 0.5 3
FLAG 0.51891750000000003 -0.95365999999999995 0.5 3
FLAG 0.64719750000000009 -1.257355 0 2
FLAG 0.72013150000000004 -1.2261250000000001 0 2
FLAG 0.65646899999999997 -1.1282399999999999 0 2
FLAG 0.6015855 -1.1111949999999999 0 2
FLAG 0.60097749999999994 -1.1705049999999999 0 2
FLAG 1.0175704999999999 -1.0586 0 2
FLAG 0.94824949999999997 -0.51949500000000004 0 2
FLAG 1.0123095 -0.43926500000000002 0 2
FLAG 0.96338299999999999 -0.43356 0 2
FLAG 0.98462749999999999 -0.482655 0 2
FLAG 1.0580785000000001 -0.38148500000000002 0.5 3
FLAG 1.0065225 -0.32641500000000001 0.5 3
FLAG 1.0737480000000001 -0.31729000000000002 0.5 3
FLAG 0.66516599999999992 0.9641845 0 2
FLAG 0.69097600000000003 0.92978500000000008 0 2
FLAG 0.64543499999999998 0.91555950000000008 0 2
FLAG 0.71577550000000001 1.2587964999999999 0 2
FLAG 0.66568800000000006 1.2979585 0 2
FLAG 0.51832400000000001 1.3926729999999998 0 2
FLAG 0.46069100000000002 1.4198005 0 2
FLAG 0.34824100000000002 1.4580280000000001 0 2
FLAG 0.40727950000000002 1.4393125 0 2
FLAG 0.091300999999999993 1.4653295000000002 0 2
FLAG 0.10286899999999999 1.4309799999999999 0 2
FLAG 0.083334000000000005 1.5087455000000001 0 2
FLAG 0.81234499999999998 1.1731929999999999 0 2
FLAG 0.7623605 1.218764 0 2
FLAG 0.98918349999999999 0.37447249999999999 0.5 3
FLAG 0.90062249999999999 0.38493450000000001 0.5 3
FLAG 0.95771499999999998 0.45506999999999997 0.5 3
FLAG 0.88642299999999996 0.59204250000000003 0.5 3
FLAG 0.84216849999999999 0.52829700000000002 0.5 3
FLAG 0.85126049999999998 0.63992349999999998 0.5 3
FLAG 0.93788850000000012 0.77179850000000005 0 2
FLAG 0.95539450000000004 0.72367350000000008 0 2
FLAG 0.98208099999999998 0.37675249999999999 0 2
FLAG 0.95072200000000007 0.45723150000000001 0 2
FLAG 0.90117599999999998 0.38349 0 2
FLAG 0.79390499999999997 0.63961000000000001 0.5 3
FLAG 0.82998249999999996 0.68847150000000001 0.5 3
FLAG 0.95596049999999999 0.20636649999999998 0 2
FLAG 0.10570350000000001 1.3638545 0.5 3
FLAG 0.1298445 1.3549910000000001 0.5 3
FLAG 0.104159 1.3397614999999998 0.5 3
FLAG 0.082886500000000002 1.5087695000000001 0.5 3
FLAG 0.99252549999999995 0.0098460000000000006 0 2
FLAG 0.40996250000000001 1.4373940000000001 0.5 3
FLAG 0.29673150000000004 1.4759475 0.5 3
FLAG 0.23894550000000001 1.4870030000000001 0.5 3
FLAG 0.99269999999999992 0.0086645000000000055 0.5 3
FLAG 0.52236099999999996 1.3906464999999999 0.5 3
FLAG 0.46496799999999999 1.4180025000000001 0.5 3
FLAG 0.57334299999999994 1.3642814999999999 0.5 3
FLAG 1.4064350000000001 -0.25810500000000003 0 2
FLAG 0.72241149999999998 1.257436 0.5 3
FLAG 0.81627800000000006 1.169311 0.5 3
FLAG 0.76649250000000002 1.2148870000000001 0.5 3
FLAG 0.51420350000000004 -1.3201350000000001 0 2
FLAG 0.58086499999999996 -1.2915999999999999 0 2
FLAG -0.0054979999999999994 -1.4872099999999999 0 2
FLAG 1.24546 -0.79560999999999993 0.5 3
FLAG 1.1935885000000002 -0.87390999999999996 0.5 3
FLAG 0.98422549999999998 -0.48396499999999998 0.5 3
FLAG 0.96317750000000002 -0.43391000000000002 0.5 3
FLAG 1.0119009999999999 -0.44066499999999997 0.5 3
FLAG 1.144638 -0.93638500000000002 0.5 3
FLAG 1.0798855000000001 -1.0028600000000001 0.5 3
FLAG 0.60325649999999997 -1.0441850000000001 0.5 3
FLAG 0.59750150000000002 -0.99288500000000002 0.5 3
FLAG 0.646316 -1.0182100000000001 0.5 3
FLAG 0.79018999999999995 -1.1807699999999999 0.5 3
FLAG 0.86939549999999999 -1.1418249999999999 0.5 3
FLAG 0.41036800000000001 -1.2230699999999999 0.5 3
FLAG 0.38245450000000003 -1.195295 0.5 3
FLAG 0.387797 -1.269855 0.5 3
FLAG 0.42882500000000001 -1.2660049999999998 0.5 3
FLAG 0.65109799999999995 -1.2567499999999998 0.5 3
FLAG 0.72289500000000007 -1.2259899999999999 0.5 3
FLAG 0.070967000000000002 -1.2953950000000001 0.5 3
FLAG 0.053698499999999996 -1.338795 0.5 3
FLAG 0.13933000000000001 -1.458475 0.5 3
FLAG 0.11353000000000001 -1.416995 0.5 3
FLAG 0.036662500000000001 -1.3923749999999999 0.5 3
FLAG 0.019180500000000003 -1.4409399999999999 0.5 3
FLAG -0.0052814999999999997 -1.487085 0.5 3
FLAG 1.0013084999999999 -0.91125 0.5 3
FLAG 1.0473175000000001 -0.86532500000000001 0.5 3
FLAG 0.144872 -1.0592549999999998 0 2
FLAG 0.140985 -1.0710199999999999 0 2
FLAG 0.25909350000000003 -1.42134 0 2
FLAG 0.32550500000000004 -1.3972799999999999 0 2
FLAG 0.1059015 -1.16557 0 2
FLAG 0.094382500000000008 -1.1902300000000001 0 2
FLAG 0.0352605 -1.4779499999999999 0 2
FLAG 0.086032999999999998 -1.473225 0 2
FLAG 0.079389000000000001 -1.25535 0 2
FLAG 0.091274999999999995 -1.2215050000000001 0 2
FLAG 0.013608499999999999 -1.4390100000000001 0 2
FLAG 0.113258 -1.1436600000000001 0 2
FLAG 0.12477099999999999 -1.126465 0 2
FLAG 0.1384995 -1.0964749999999999 0 2
FLAG 0.070612999999999995 -1.2956099999999999 0 2
FLAG 0.053265 -1.3392200000000001 0 2
FLAG 0.106127 -1.1649750000000001 0.5 3
FLAG 0.078877000000000003 -1.25549 0.5 3
FLAG 0.094617499999999993 -1.189505 0.5 3
FLAG 0.1410545 -1.0709499999999998 0.5 3
FLAG 0.144872 -1.0592549999999998 0.5 3
FLAG 0.13861999999999999 -1.0963449999999999 0.5 3
FLAG 0.13885800000000001 -1.0825499999999999 0 2
FLAG 0.13009299999999999 -1.109715 0 2
FLAG 0.15078750000000002 -1.2745899999999999 0 2
FLAG 0.10742499999999999 -1.28722 0 2
FLAG 0.14201150000000001 -1.3148499999999999 0 2
FLAG 0.25746150000000001 -1.30307 0 2
FLAG 0.21288200000000002 -1.276205 0 2
FLAG 0.22995350000000003 -1.3290850000000001 0 2
FLAG 0.17883599999999999 1.2111665 0 2
FLAG 0.19575149999999999 1.227738 0 2
FLAG 0.1984165 1.2075485000000001 0 2
FLAG 0.301039 1.1738904999999999 0 2
FLAG 0.328376 1.1638584999999999 0 2
FLAG 0.30206 1.1425259999999999 0 2
FLAG 0.20185349999999999 1.182032 0 2
FLAG 0.21876899999999999 1.1986034999999999 0 2
FLAG 0.37266149999999998 1.1402445000000001 0 2
FLAG 0.350856 1.1486225000000001 0 2
FLAG 0.35120249999999997 1.1241159999999999 0 2
FLAG 0.24379800000000001 1.1943809999999999 0 2
FLAG 0.24036099999999999 1.2198975000000001 0 2
FLAG 0.20700099999999999 1.2472350000000001 0 2
FLAG 0.18742049999999999 1.250853 0 2
FLAG 0.13427149999999999 1.2278359999999999 0 2
FLAG 0.1383945 1.2119040000000001 0 2
FLAG 0.14655800000000002 1.221749 0 2
FLAG 0.1793555 1.2690305 0 2
FLAG 0.16810599999999998 1.2495335000000001 0 2
FLAG 0.12460300000000001 1.2318259999999999 0 2
FLAG 0.12512800000000002 1.2421324999999999 0 2
FLAG 0.39022950000000001 1.1278104999999998 0 2
FLAG 0.40699799999999997 1.1207500000000001 0 2
FLAG 0.38977649999999997 1.1086775 0 2
FLAG 0.420325 1.1106004999999999 0 2
FLAG 0.43319300000000005 1.1046659999999999 0 2
FLAG 0.41941300000000004 1.0956825000000001 0 2
FLAG 0.159303 1.2345185000000001 0 2
FLAG 0.15123799999999998 1.252696 0 2
FLAG 0.43334899999999998 1.104557 0.5 3
FLAG 0.41941300000000004 1.0956825000000001 0.5 3
FLAG 0.42048099999999999 1.1104915000000002 0.5 3
FLAG 0.32829399999999997 1.1639539999999999 0.5 3
FLAG 0.30206 1.1425259999999999 0.5 3
FLAG 0.30095700000000003 1.173986 0.5 3
FLAG 0.40700899999999995 1.1207615 0.5 3
FLAG 0.39024049999999999 1.1278220000000001 0.5 3
FLAG 0.38977649999999997 1.1086775 0.5 3
FLAG 0.37267450000000002 1.1402544999999999 0.5 3
FLAG 0.35086899999999999 1.1486324999999999 0.5 3
FLAG 0.35120249999999997 1.1241159999999999 0.5 3
FLAG 0.16328100000000001 1.218531 0.5 3
FLAG 0.17869099999999999 1.2111109999999998 0.5 3
FLAG 0.16609099999999999 1.1983969999999999 0.5 3
FLAG 0.1246975 1.2317534999999999 0.5 3
FLAG 0.12522250000000001 1.2420599999999999 0.5 3
FLAG 0.35501850000000001 1.2121675000000001 0.5 3
FLAG 0.37759350000000003 1.1968459999999999 0.5 3
FLAG 0.34976600000000002 1.1800925 0.5 3
FLAG 0.094994499999999996 1.4646270000000001 0.5 3
FLAG 0.13018299999999999 1.5004635 0.5 3
FLAG 0.12693699999999999 1.5011420000000002 0 2
FLAG 0.17795349999999999 1.4963765 0 2
FLAG 0.10799349999999999 1.3180385000000001 0 2
FLAG 0.1164395 1.221981 0 2
FLAG 0.1140975 1.2673779999999999 0 2
FLAG 0.1182325 1.254626 0 2
FLAG 0.13553950000000001 1.2501745 0 2
FLAG 0.14434249999999998 1.2651895 0 2
FLAG 0.1008135 1.3933740000000001 0 2
FLAG 0.1054055 1.3655694999999999 0 2
FLAG 0.114175 1.2671809999999999 0.5 3
FLAG 0.11831 1.254429 0.5 3
FLAG 0.1164395 1.221981 0.5 3
FLAG 0.14360500000000001 1.2805895 0.5 3
FLAG 0.14406950000000002 1.2649119999999998 0.5 3
FLAG 0.12833450000000002 1.2779514999999999 0.5 3
FLAG 0.10830000000000001 1.3181525000000001 0.5 3
FLAG 0.11371050000000001 1.2828585000000001 0.5 3
FLAG 0.1065625 1.4302774999999999 0.5 3
FLAG 0.181786 1.495655 0.5 3
FLAG 0.10808500000000001 1.299518 0.5 3
FLAG 0.10111149999999999 1.391659 0.5 3
FLAG 0.19830900000000001 1.2072995 0.5 3
FLAG 0.21866150000000001 1.1983545 0.5 3
FLAG 0.20185349999999999 1.182032 0.5 3
FLAG 0.44350900000000004 1.096573 0.5 3
FLAG 0.44012050000000003 1.1376495000000002 0.5 3
FLAG 0.45515349999999999 1.1436895 0.5 3
FLAG 0.44945000000000002 1.1254059999999999 0.5 3
FLAG 0.45338500000000004 1.0916429999999999 0.5 3
FLAG 0.44215700000000002 1.0848179999999998 0.5 3
FLAG 0.59523749999999997 0.97481850000000003 0.5 3
FLAG 0.60454649999999999 1.0115019999999999 0.5 3
FLAG 0.79648049999999992 -0.64670499999999997 0.5 3
FLAG 0.79310349999999996 -0.62657999999999991 0.5 3
FLAG 0.80990200000000001 -0.63427499999999992 0.5 3
FLAG 0.81234300000000004 -0.674535 0.5 3
FLAG 0.79879699999999998 -0.66244499999999995 0.5 3
FLAG 0.77351600000000009 -0.69133999999999995 0.5 3
FLAG 0.77517049999999998 -0.70729500000000001 0.5 3
FLAG 0.76465950000000005 -0.698515 0.5 3
FLAG 0.75579799999999997 -0.68836499999999989 0.5 3
FLAG 0.752772 -0.67755499999999991 0.5 3
FLAG 0.75065349999999997 -0.66527000000000003 0.5 3
FLAG 0.77366000000000001 -0.67652500000000004 0.5 3
FLAG 0.71586550000000004 -0.696245 0.5 3
FLAG 0.73104900000000006 -0.70042500000000008 0.5 3
FLAG 0.75745250000000008 -0.70432000000000006 0.5 3
FLAG 0.76163599999999998 -0.72839500000000001 0.5 3
FLAG 0.74635050000000003 -0.728105 0.5 3
FLAG 0.7510285000000001 -0.71418000000000004 0.5 3
FLAG 0.74216700000000002 -0.70402999999999993 0.5 3
FLAG 0.72647949999999994 -0.72712500000000002 0.5 3
FLAG 0.70530599999999999 -0.75766500000000003 0.5 3
FLAG 0.51541250000000005 -0.91989499999999991 0.5 3
FLAG 0.5090635 -0.87699499999999997 0.5 3
FLAG 0.54502800000000007 -0.89484999999999992 0.5 3
FLAG 0.57983699999999994 -0.86423499999999998 0.5 3
FLAG 0.56807800000000008 -0.82626500000000003 0.5 3
FLAG 0.388457 -1.0278100000000001 0.5 3
FLAG 0.37127650000000001 -1.034095 0.5 3
FLAG 0.3777645 -1.0141749999999998 0.5 3
FLAG 0.130188 -1.1096200000000001 0.5 3
FLAG 0.113563 -1.143235 0.5 3
FLAG 0.13892100000000002 -1.08249 0.5 3
FLAG 0.19740000000000002 -1.0981450000000001 0.5 3
FLAG 0.1789975 -1.09842 0.5 3
FLAG 0.19241350000000002 -1.079955 0.5 3
FLAG 0.14832800000000002 -1.0929549999999999 0.5 3
FLAG 0.33692900000000003 -1.0398350000000001 0.5 3
FLAG 0.32752249999999999 -1.044095 0.5 3
FLAG 0.32712549999999996 -1.0293999999999999 0.5 3
FLAG 0.34855800000000003 -1.0227999999999999 0.5 3
FLAG 0.090944999999999998 -1.22116 0.5 3
FLAG 0.32757500000000001 -1.3976649999999999 0.5 3
FLAG 0.25967050000000003 -1.42228 0.5 3
FLAG 0.1427785 -1.1234500000000001 0.5 3
FLAG 0.1660055 -1.11171 0.5 3
FLAG 0.161019 -1.09352 0.5 3
FLAG 0.107403 -1.2867850000000001 0.5 3
FLAG 0.11898549999999999 -1.215225 0.5 3
FLAG 0.13009400000000002 -1.1618300000000001 0.5 3
FLAG 0.15600049999999999 -1.1532900000000001 0.5 3
FLAG 0.14856449999999999 -1.17503 0.5 3
FLAG 0.20215949999999999 -1.4435850000000001 0.5 3
FLAG 0.14294000000000001 -1.314595 0.5 3
FLAG 0.174013 -1.3513199999999999 0.5 3
FLAG 0.13056600000000002 -1.3634149999999998 0.5 3
FLAG 0.15084999999999998 -1.2746900000000001 0.5 3
FLAG 0.87390649999999992 -0.65114499999999997 0.5 3
FLAG 0.39237149999999998 -1.3752949999999999 0.5 3
FLAG 0.45823599999999998 -1.3474299999999999 0.5 3
FLAG 1.2821804999999999 -0.72020499999999998 0.5 3
FLAG 1.3229899999999999 -0.63119999999999998 0.5 3
FLAG 0.58794450000000009 -1.2927949999999999 0.5 3
FLAG 0.5220785 -1.320975 0.5 3
FLAG 0.99984499999999987 -0.58426500000000003 0.5 3
FLAG 1.0009735 -0.62596499999999999 0.5 3
FLAG 0.96096249999999994 -0.60355999999999999 0.5 3
FLAG 0.50456450000000008 -1.0620400000000001 0.5 3
FLAG 0.43115700000000001 -1.01756 0.5 3
FLAG 0.45770699999999997 -1.0130399999999999 0.5 3
FLAG 1.0193745000000001 -1.0530300000000001 0.5 3
FLAG 0.94300349999999999 -1.1051899999999999 0.5 3
FLAG 0.68165200000000004 -0.85241999999999996 0.5 3
FLAG 0.66083700000000001 -0.88100999999999996 0.5 3
FLAG 0.81456700000000004 -1.031865 0.5 3
FLAG 0.88817499999999994 -0.99523000000000006 0.5 3
FLAG 0.86844399999999999 -1.0607150000000001 0.5 3
FLAG 1.0025630000000001 -0.97391000000000005 0.5 3
FLAG 1.0019695 0.51881549999999999 0.5 3
FLAG 1.2565330000000001 -0.56127499999999997 0.5 3
FLAG 1.1849295 -0.59001499999999996 0.5 3
FLAG 1.2070465000000001 -0.50331000000000004 0.5 3
FLAG 1.1303735000000001 -0.45220500000000002 0.5 3
FLAG 1.0841959999999999 -0.51138499999999998 0.5 3
FLAG 1.0791265000000001 -0.43154000000000003 0.5 3
FLAG 0.81359300000000001 0.73635099999999998 0.5 3
FLAG 0.74943300000000002 0.7368920000000001 0.5 3
FLAG 0.79039899999999996 0.78508500000000003 0.5 3
FLAG 0.92250049999999995 0.64090399999999992 0.5 3
FLAG 1.0186440000000001 0.92450299999999996 0.5 3
FLAG 0.95632399999999995 0.99255349999999998 0.5 3
FLAG 0.8709484999999999 0.73666450000000006 0.5 3
FLAG 1.3155049999999999 -0.19899999999999998 0.5 3
FLAG 1.4153514999999999 -0.155635 0.5 3
FLAG 1.4078795 -0.254575 0.5 3
FLAG 1.4203565 -0.050949999999999995 0.5 3
FLAG 1.2890524999999999 -0.017011999999999999 0.5 3
FLAG 1.3864320000000001 0.032098000000000002 0.5 3
FLAG 1.2438555 -0.14266000000000001 0.5 3
FLAG 1.2099310000000001 -0.059612000000000005 0.5 3
FLAG 1.074201 0.177451 0.5 3
FLAG 1.2119680000000002 0.1562645 0.5 3
FLAG 1.117361 0.087222500000000008 0.5 3
FLAG 0.77032849999999997 1.0088595 0.5 3
FLAG 0.80822749999999999 0.97028799999999993 0.5 3
FLAG 0.74863900000000005 0.93945349999999994 0.5 3
FLAG 0.67405749999999998 1.0011749999999999 0.5 3
FLAG 1.2128425 0.32645249999999998 0.5 3
FLAG 1.3756005 0.30638350000000003 0.5 3
FLAG 1.331566 0.22642400000000001 0.5 3
FLAG 1.0484005000000001 0.59765800000000002 0.5 3
FLAG 1.0927069999999999 0.52345050000000004 0.5 3
FLAG 0.48431299999999999 1.0903515000000001 0.5 3
FLAG 1.0827339999999999 0.68014249999999998 0.5 3
FLAG 1.1323384999999999 0.76719950000000003 0.5 3
FLAG 1.1887425 0.68934999999999991 0.5 3
FLAG 0.99199649999999995 0.67550749999999993 0.5 3
FLAG 0.444577 1.1113820000000001 0.5 3
FLAG 0.46326149999999999 1.098595 0.5 3
FLAG 0.89130899999999991 0.84860650000000004 0.5 3
FLAG 0.97719449999999997 0.83533049999999998 0.5 3
FLAG 0.94044449999999991 0.77126800000000006 0.5 3
FLAG 0.2699665 1.1841675 0.5 3
FLAG 0.24846449999999998 1.1628224999999999 0.5 3
FLAG 0.24370799999999998 1.1944319999999999 0.5 3
FLAG 0.389907 1.1523384999999999 0.5 3
FLAG 0.39626600000000001 1.1763759999999999 0.5 3
FLAG 0.41383199999999998 1.1639435 0.5 3
FLAG 0.32036350000000002 1.2320555 0.5 3
FLAG 0.62620900000000002 1.3305799999999999 0.5 3
FLAG 0.57888800000000007 1.265997 0.5 3
FLAG 0.53999949999999997 1.2504580000000001 0.5 3
FLAG 0.67238350000000002 1.296794 0.5 3
FLAG 0.71220499999999998 1.19865 0.5 3
FLAG 0.54833449999999995 1.0913195 0.5 3
FLAG 0.57130599999999998 1.081523 0.5 3
FLAG 0.22865350000000001 1.2512745000000001 0.5 3
FLAG 0.25369999999999998 1.247352 0.5 3
FLAG 0.2401635 1.2196994999999999 0.5 3
FLAG 0.35032649999999999 1.4565809999999999 0.5 3
FLAG 0.43303849999999999 1.334603 0.5 3
FLAG 0.37803300000000001 1.3539945 0.5 3
FLAG 0.4188055 1.3808925000000001 0.5 3
FLAG 0.16445199999999999 1.3878265000000001 0.5 3
FLAG 0.194574 1.3678984999999999 0.5 3
FLAG 0.16151100000000002 1.359156 0.5 3
FLAG 0.149037 1.2991039999999998 0.5 3
FLAG 0.164772 1.2860644999999999 0.5 3
FLAG 0.1944805 1.304996 0.5 3
FLAG 0.18376599999999998 1.2876715000000001 0.5 3
FLAG 0.18091849999999998 1.3219034999999999 0.5 3
FLAG 0.57952599999999999 1.1302544999999999 0.5 3
FLAG 0.61163000000000001 1.1226645 0.5 3
FLAG 0.597916 1.1000369999999999 0.5 3
FLAG 0.49251600000000001 1.103189 0.5 3
FLAG 0.50450950000000006 1.1186720000000001 0.5 3
FLAG 0.80397549999999995 -0.71362499999999995 0.5 3
FLAG 0.79028549999999997 -0.71635000000000004 0.5 3
FLAG 0.73832650000000011 -0.88385999999999998 0.5 3
FLAG 0.71378150000000007 -0.85489499999999996 0.5 3
FLAG 0.75142900000000001 -0.85325499999999999 0.5 3
FLAG 0.75741750000000008 -0.92803499999999994 0.5 3
FLAG 0.71977000000000002 -0.92967500000000003 0.5 3
FLAG 0.69546599999999992 -1.0216799999999999 0.5 3
FLAG 0.68971099999999996 -0.97038000000000002 0.5 3
FLAG 0.25255300000000003 -1.08812 0.5 3
FLAG 0.22823350000000001 -1.09371 0.5 3
FLAG 0.2351355 -1.07409 0.5 3
FLAG 0.31692200000000004 -1.0523400000000001 0.5 3
FLAG 0.30711849999999996 -1.0419049999999999 0.5 3
FLAG 0.21481749999999999 -1.1121750000000001 0.5 3
FLAG 0.17922749999999998 -1.1415500000000001 0.5 3
FLAG 0.20362750000000002 -1.1289850000000001 0.5 3
FLAG 0.19887099999999999 -1.1539250000000001 0.5 3
FLAG 0.14895949999999999 -1.2026650000000001 0.5 3
FLAG 0.145287 -1.2343199999999999 0.5 3
FLAG 1.1120245 -0.86126499999999995 0.5 3
FLAG 0.20493699999999998 -1.20373 0.5 3
FLAG 0.2408535 -1.216715 0.5 3
FLAG 0.21117750000000002 -1.234745 0.5 3
FLAG 0.27885499999999996 -1.077305 0.5 3
FLAG 0.271953 -1.0969249999999999 0.5 3
FLAG 0.35964750000000001 -1.0511300000000001 0.5 3
FLAG 0.34895500000000002 -1.0374949999999998 0.5 3
FLAG 0.40429999999999999 -1.04521 0.5 3
FLAG 0.41078799999999999 -1.02529 0.5 3
FLAG 0.3514835 -1.0678350000000001 0.5 3
FLAG 0.52044999999999997 -0.99421500000000007 0.5 3
FLAG 0.5170865 -1.0262549999999999 0.5 3
FLAG 0.48309449999999998 -1.0016099999999999 0.5 3
FLAG 0.55290949999999994 -0.97830499999999998 0.5 3
FLAG 0.59596899999999997 -0.95233000000000001 0.5 3
FLAG 0.54191999999999996 -1.0546450000000001 0.5 3
FLAG 0.93020750000000008 -0.62464999999999993 0.5 3
FLAG 0.92907899999999999 -0.58295000000000008 0.5 3
FLAG 0.82968449999999994 -0.68931500000000001 0.5 3
FLAG 0.84102900000000003 -0.71038500000000004 0.5 3
FLAG 0.82275149999999997 -0.71574000000000004 0.5 3
FLAG 0.81340950000000001 -0.87593500000000002 0.5 3
FLAG 0.84257150000000003 -0.91801500000000003 0.5 3
FLAG 0.80513600000000007 -0.92430000000000001 0.5 3
FLAG 0.92977200000000004 -0.65723500000000001 0.5 3
FLAG 0.89788849999999998 -0.636625 0.5 3
FLAG 0.9505840000000001 -0.68402999999999992 0.5 3
FLAG 0.918265 -0.69600499999999998 0.5 3
FLAG 0.60341 1.073933 0.5 3
FLAG 0.6070875 1.0398719999999999 0.5 3
FLAG 0.479989 1.1066294999999999 0.5 3
FLAG 0.50685400000000003 1.2454890000000001 0.5 3
FLAG 0.48133300000000001 1.230367 0.5 3
FLAG 0.47247700000000004 1.2625709999999999 0.5 3
FLAG 0.53122200000000008 1.1401375 0.5 3
FLAG 0.5537145 1.1350125 0.5 3
FLAG 0.54331949999999996 1.112752 0.5 3
FLAG 0.48183500000000001 1.1777704999999998 0.5 3
FLAG 0.46981099999999998 1.157208 0.5 3
FLAG 0.45784800000000003 1.1764955000000001 0.5 3
FLAG 0.4015185 1.2084509999999999 0.5 3
FLAG 0.26198650000000001 1.3144944999999999 0.5 3
FLAG 0.21691149999999998 1.3090774999999999 0.5 3
FLAG 0.236708 1.3446450000000001 0.5 3
FLAG 0.3370245 1.3288834999999999 0.5 3
FLAG 0.32279150000000001 1.3751730000000002 0.5 3
FLAG 0.27786299999999997 1.2738119999999999 0.5 3
FLAG 0.28937299999999999 1.242237 0.5 3
FLAG 0.29765949999999997 1.3093794999999999 0.5 3
FLAG 0.21975899999999998 1.2748455000000001 0.5 3
FLAG 1.0225434999999998 -0.66378000000000004 0.5 3
FLAG 0.98366100000000001 -0.68307499999999999 0.5 3
FLAG 0.16075700000000001 -1.1283500000000002 0.5 3
FLAG 0.17486599999999999 -1.1941250000000001 0.5 3
FLAG 0.44513199999999997 1.2926989999999998 0.5 3
FLAG 0.41961100000000001 1.277577 0.5 3
FLAG 0.50731250000000006 1.13818 0.5 3
FLAG 0.51770749999999999 1.1604405 0.5 3
FLAG 0.49279099999999998 1.2051715000000001 0.5 3
FLAG 0.50475400000000004 1.1858839999999999 0.5 3
FLAG 0.52866349999999995 1.1878415 0.5 3
FLAG 0.54885549999999994 1.2182539999999999 0.5 3
FLAG 0.561809 1.1928105 0.5 3
FLAG 0.45841399999999999 1.2222534999999999 0.5 3
FLAG 0.78657949999999999 -0.97011500000000006 0.5 3
FLAG 0.76684850000000004 -1.0356000000000001 0.5 3
FLAG 0.30269099999999999 -1.1620999999999999 0.5 3
FLAG 0.32444499999999998 -1.1334299999999999 0.5 3
FLAG 1.052889 -0.70223999999999998 0.5 3
FLAG 1.0702015 -0.64512999999999998 0.5 3
FLAG 0.36098150000000001 -1.1065399999999999 0.5 3
FLAG 0.89519400000000005 -0.88420500000000002 0.5 3
FLAG 0.88950750000000001 -0.83574000000000004 0.5 3
FLAG 0.26359050000000001 -1.16031 0.5 3
FLAG 0.22894199999999998 -1.16353 0.5 3
FLAG 0.25791949999999997 -1.1381399999999999 0.5 3
FLAG 0.234461 -1.1245499999999999 0.5 3
FLAG 0.2691095 -1.1213299999999999 0.5 3
FLAG 0.29541149999999999 -1.1105149999999999 0.5 3
FLAG 0.59073449999999994 -1.0799699999999999 0.5 3
FLAG 0.43342849999999999 -1.1201449999999999 0.5 3
FLAG 0.42985450000000003 -1.092095 0.5 3
FLAG 0.85048349999999995 -0.83386000000000005 0.5 3
FLAG 0.88914599999999999 -0.79994999999999994 0.5 3
FLAG 0.81532000000000004 -0.73469499999999999 0.5 3
FLAG 0.88964899999999991 -0.70138499999999993 0.5 3
FLAG 0.86490350000000005 -0.70876000000000006 0.5 3
FLAG 0.87270749999999997 -0.67658499999999999 0.5 3
FLAG 0.81439249999999996 -0.75356500000000004 0.5 3
FLAG 0.79561649999999995 -0.75144999999999995 0.5 3
FLAG 0.7758235 -0.75631999999999999 0.5 3
FLAG 0.77675099999999997 -0.73744999999999994 0.5 3
FLAG 0.84916100000000005 -0.65851999999999999 0.5 3
FLAG 0.97215399999999996 -0.72184500000000007 0.5 3
FLAG 0.93362350000000005 -0.76231500000000008 0.5 3
FLAG 0.62663950000000002 1.154433 0.5 3
FLAG 0.64502950000000003 1.1242155 0.5 3
FLAG 0.91046099999999996 -0.72818000000000005 0.5 3
FLAG 0.85797049999999997 -0.73518499999999998 0.5 3
FLAG 0.90500749999999996 -0.76769500000000002 0.5 3
FLAG 0.782802 -0.84975000000000001 0.5 3
FLAG 0.82023749999999995 -0.84346500000000002 0.5 3
FLAG 0.82240550000000001 -0.78419499999999998 0.5 3
FLAG 0.81987600000000005 -0.80767499999999992 0.5 3
FLAG 0.79215950000000002 -0.79380000000000006 0.5 3
FLAG 0.76653100000000007 -0.79753000000000007 0.5 3
FLAG 0.76906049999999992 -0.77405000000000002 0.5 3
FLAG 0.86598350000000002 -0.76581499999999991 0.5 3
FLAG 0.842109 -0.7674399999999999 0.5 3
FLAG 0.31267149999999999 -1.1152500000000001 0.5 3
FLAG 0.34454850000000004 -1.1137600000000001 0.5 3
FLAG 0.33505050000000003 -1.0750549999999999 0.5 3
FLAG 0.31551499999999999 -1.0908449999999998 0.5 3
FLAG 0.31779049999999998 -1.0703199999999999 0.5 3
FLAG 0.2737135 -1.1874899999999999 0.5 3
FLAG 0.27995399999999998 -1.2185049999999999 0.5 3
FLAG 0.204542 -1.1760950000000001 0.5 3
FLAG 0.31355250000000001 -1.2320850000000001 0.5 3
FLAG 0.34107699999999996 -1.2081 0.5 3
FLAG 0.34181549999999999 -1.2509049999999999 0.5 3
FLAG 0.11375449999999999 1.2829415000000002 0 2
FLAG 0.108129 1.299601 0 2
FLAG 0.1038525 1.3396474999999999 0 2
FLAG 0.13284849999999998 1.42012 0 2
FLAG 0.16342600000000002 1.2185864999999998 0 2
FLAG 0.12782250000000001 1.3122324999999999 0 2
FLAG 1.4226269999999999 -0.16262499999999999 0 2
FLAG 1.4280135 -0.057534999999999996 0 2
FLAG 1.1480065000000002 -0.27202000000000004 0 2
FLAG 1.2366860000000002 -0.23713000000000001 0 2
FLAG 0.9222760000000001 -0.54966000000000004 0 2
FLAG 0.90972750000000002 -0.50711499999999998 0 2
FLAG 1.1866129999999999 -0.87965000000000004 0 2
FLAG 1.2388189999999999 -0.80237000000000003 0 2
FLAG 1.3417919999999999 -0.55322000000000005 0 2
FLAG 1.2457155 -0.56637499999999996 0 2
FLAG 1.3123724999999999 -0.63575500000000007 0 2
FLAG 1.0775815 -1.0079799999999999 0 2
FLAG 1.1416189999999999 -0.94329499999999999 0 2
FLAG 0.94234299999999993 -1.1095299999999999 0 2
FLAG 1.107847 -0.86669499999999999 0 2
FLAG 0.86754749999999992 -1.145065 0 2
FLAG 0.32902049999999999 -1.005825 0 2
FLAG 0.32795200000000002 -1.0179849999999999 0 2
FLAG 0.200876 -1.4445300000000001 0 2
FLAG 0.13789849999999998 -1.4595150000000001 0 2
FLAG 0.031123999999999999 -1.390355 0 2
FLAG 1.2432734999999999 0.60199550000000002 0 2
FLAG 1.1877325000000001 0.69137650000000006 0 2
FLAG 1.32002 0.40952750000000004 0 2
FLAG 1.213371 0.32836100000000001 0 2
FLAG 1.3301940000000001 0.3234455 0 2
FLAG 1.2153335000000001 -0.059248499999999996 0 2
FLAG 1.1343775 -0.016813499999999999 0 2
FLAG 1.002842 -0.98095999999999994 0 2
FLAG 0.88761650000000003 -1.0019800000000001 0 2
FLAG 0.81282100000000002 -1.037515 0 2
FLAG 0.86803549999999996 -1.0671149999999998 0 2
FLAG 0.47056149999999997 -1.2414700000000001 0 2
FLAG 0.40975 -1.2725300000000002 0 2
FLAG 0.46238449999999998 -1.2871000000000001 0 2
FLAG 1.0661075000000002 0.84831800000000002 0 2
FLAG 0.16502449999999999 -1.0680100000000001 0 2
FLAG 0.1716385 -1.0521799999999999 0 2
FLAG 0.1481315 -1.0931649999999999 0 2
FLAG 0.148231 -1.17544 0 2
FLAG 0.15558749999999999 -1.1535299999999999 0 2
FLAG 0.12977250000000001 -1.1625000000000001 0 2
FLAG 0.14245099999999999 -1.12384 0 2
FLAG 0.58952850000000001 -1.2217950000000002 0 2
FLAG 0.53464500000000004 -1.20475 0 2
FLAG 0.51908850000000006 -1.00166 0 2
FLAG 0.5510545 -0.98491499999999998 0 2
FLAG 0.51856400000000002 -0.954955 0 2
FLAG 0.49231100000000005 -1.0661800000000001 0 2
FLAG 0.53011800000000009 -1.0643850000000001 0 2
FLAG 0.51377200000000001 -1.033415 0 2
FLAG 0.369809 -1.03484 0 2
FLAG 0.38584799999999997 -1.0297800000000001 0 2
FLAG 0.37690000000000001 -1.01363 0 2
FLAG 0.4549705 -1.013855 0 2
FLAG 0.42867449999999996 -1.0178450000000001 0 2
FLAG 0.44966899999999999 -1.0392000000000001 0 2
FLAG 0.43601200000000001 -1.0702500000000001 0 2
FLAG 0.46230800000000005 -1.06626 0 2
FLAG 0.41345749999999998 -1.000535 0 2
FLAG 0.40815599999999996 -1.0258799999999999 0 2
FLAG 0.48128150000000003 -1.003455 0 2
FLAG 0.460287 -0.98209999999999997 0 2
FLAG 1.1316809999999999 0.76709249999999995 0 2
FLAG 0.67789600000000005 -0.79672500000000002 0 2
FLAG 0.65286200000000005 -0.78956999999999999 0 2
FLAG 0.62996249999999998 -0.80973000000000006 0 2
FLAG 0.62042749999999991 -0.78038000000000007 0 2
FLAG 0.72515850000000004 -1.0857899999999998 0 2
FLAG 0.72455049999999999 -1.1451 0 2
FLAG 0.59427850000000004 -0.99907499999999994 0 2
FLAG 0.593754 -0.95236999999999994 0 2
FLAG 0.65982000000000007 -0.88187499999999996 0 2
FLAG 0.6807955 -0.85299999999999998 0 2
FLAG 0.64142150000000009 -0.84779499999999997 0 2
FLAG 0.71927249999999998 -0.77553500000000009 0 2
FLAG 0.73146200000000006 -0.75837500000000002 0 2
FLAG 0.7795700000000001 -0.73569499999999999 0 2
FLAG 0.78782850000000004 -0.71893999999999991 0 2
FLAG 0.89093200000000006 -0.57083499999999998 0 2
FLAG 0.86228100000000008 -0.55926500000000001 0 2
FLAG 1.1756555 -0.58458499999999991 0 2
FLAG 1.0949154999999999 -0.56043500000000002 0 2
FLAG 1.135556 -0.62475999999999998 0 2
FLAG 0.90464849999999997 1.0592299999999999 0 2
FLAG 0.85040150000000003 1.1142370000000001 0 2
FLAG 1.321987 -0.20388000000000001 0 2
FLAG 0.62873049999999997 0.98639200000000005 0 2
FLAG 1.0839455 0.5290125 0 2
FLAG 1.1174120000000001 0.43246850000000003 0 2
FLAG 1.1697305 0.51098700000000008 0 2
FLAG 1.127586 0.34638649999999999 0 2
FLAG 0.98963400000000012 0.67529499999999998 0 2
FLAG 1.0456855 0.59957900000000008 0 2
FLAG 1.0802125 0.68324700000000005 0 2
FLAG 0.84251399999999999 0.52748249999999997 0 2
FLAG 0.912462 0.52779799999999999 0 2
FLAG 0.99336700000000011 0.52106050000000004 0 2
FLAG 0.4428435 1.0966784999999999 0 2
FLAG 0.44215700000000002 1.0848179999999998 0 2
FLAG 0.4527195 1.0917485 0 2
FLAG 0.70484400000000003 1.2009815000000001 0 2
FLAG 0.65555050000000004 1.1967935000000001 0 2
FLAG 0.70213550000000002 1.1567609999999999 0 2
FLAG 0.78893999999999997 0.78510650000000004 0 2
FLAG 0.74944549999999999 0.73686850000000004 0 2
FLAG 0.9743465 0.83554200000000001 0 2
FLAG 0.88807400000000003 0.84837750000000001 0 2
FLAG 0.46187450000000002 1.0876055 0 2
FLAG 0.46240999999999999 1.0742954999999998 0 2
FLAG 0.47225150000000005 1.0820129999999999 0 2
FLAG 0.76912449999999999 1.0107235000000001 0 2
FLAG 0.74779499999999999 0.94080150000000007 0 2
FLAG 0.8062125 0.97311499999999995 0 2
FLAG 0.85470749999999995 0.90765699999999994 0 2
FLAG 0.60482400000000003 1.0107105000000001 0 2
FLAG 0.59571850000000004 0.97427750000000002 0 2
FLAG 0.77187850000000002 1.0574675 0 2
FLAG 0.78948550000000006 1.101993 0 2
FLAG 0.73382199999999997 1.1164235 0 2
FLAG 0.57525800000000005 1.0267935000000001 0 2
FLAG 0.55556099999999997 1.042734 0 2
FLAG 0.55211499999999991 1.0145365000000002 0 2
FLAG 0.48589450000000001 1.0777030000000001 0 2
FLAG 0.48633550000000003 1.0606445 0 2
FLAG 0.55658600000000003 1.065143 0 2
FLAG 0.51673500000000006 1.0809989999999998 0 2
FLAG 0.53193449999999998 1.0980189999999999 0 2
FLAG 0.51420149999999998 1.103723 0 2
FLAG 0.38988299999999998 1.152317 0 2
FLAG 0.462561 1.0994660000000001 0 2
FLAG 0.46965400000000002 1.113005 0 2
FLAG 0.46049899999999999 1.117148 0 2
FLAG 0.351769 1.2894350000000001 0 2
FLAG 0.34817100000000001 1.2494535 0 2
FLAG 0.38594699999999998 1.2693284999999999 0 2
FLAG 0.32067400000000001 1.2323914999999999 0 2
FLAG 0.28969149999999999 1.2426175000000002 0 2
FLAG 0.29637250000000004 1.205449 0 2
FLAG 0.33749949999999995 1.330257 0 2
FLAG 0.376218 1.3558375 0 2
FLAG 0.32417249999999997 1.3767845000000001 0 2
FLAG 0.3008595 1.4771879999999999 0 2
FLAG 1.2050749999999999 -0.50205 0 2
FLAG 1.1317254999999999 -0.44469999999999998 0 2
FLAG 0.93561800000000006 -0.65878000000000003 0 2
FLAG 0.93341699999999994 -0.62509499999999996 0 2
FLAG 0.90031099999999997 -0.63807499999999995 0 2
FLAG 0.99717600000000006 -0.5252 0 2
FLAG 1.0809950000000002 -0.42875000000000002 0 2
FLAG 1.0842845000000001 -0.50431000000000004 0 2
FLAG 0.87414550000000002 -0.619035 0 2
FLAG 0.74412149999999999 -0.70351999999999992 0 2
FLAG 0.763598 -0.69954499999999997 0 2
FLAG 0.79746899999999998 -0.68266000000000004 0 2
FLAG 0.81185200000000002 -0.67481999999999998 0 2
FLAG 0.79871000000000003 -0.66256000000000004 0 2
FLAG 0.66808599999999996 -0.92680499999999999 0 2
FLAG 0.62871200000000005 -0.92159999999999997 0 2
FLAG 0.29599399999999998 -1.035015 0 2
FLAG 0.28259800000000002 -1.025625 0 2
FLAG 0.28109799999999996 -1.0402800000000001 0 2
FLAG 0.14519850000000001 -1.233565 0 2
FLAG 0.14830599999999999 -1.2022900000000001 0 2
FLAG 0.1193085 -1.2156850000000001 0 2
FLAG 0.27668899999999996 -1.0589400000000002 0 2
FLAG 0.27763099999999996 -1.0785900000000002 0 2
FLAG 0.20227499999999998 -1.20313 0 2
FLAG 0.20219999999999999 -1.17628 0 2
FLAG 0.174121 -1.1933199999999999 0 2
FLAG 0.21461249999999998 -1.1133250000000001 0 2
FLAG 0.2280285 -1.0946500000000001 0 2
FLAG 0.19736599999999999 -1.098725 0 2
FLAG 0.401065 -1.0470900000000001 0 2
FLAG 0.1658615 -1.1122449999999999 0 2
FLAG 0.25207950000000001 -1.08873 0 2
FLAG 0.23483300000000001 -1.07413 0 2
FLAG 0.2341935 -1.126115 0 2
FLAG 0.20353100000000002 -1.13019 0 2
FLAG 0.34870049999999997 -1.021965 0 2
FLAG 0.32774199999999998 -1.0299 0 2
FLAG 0.50644849999999997 -1.162345 0 2
FLAG 0.49499950000000004 -1.213635 0 2
FLAG 0.32102900000000001 -1.0487649999999999 0 2
FLAG 0.30671899999999996 -1.0421149999999999 0 2
FLAG 0.33585799999999999 -1.0569950000000001 0 2
FLAG 0.33377299999999999 -1.0427900000000001 0 2
FLAG 0.58286700000000002 -1.08304 0 2
FLAG 0.5273755 -1.125305 0 2
FLAG 0.60432799999999998 -1.0502750000000001 0 2
FLAG 0.64702750000000009 -1.01773 0 2
FLAG 0.71849300000000005 -0.93132499999999996 0 2
FLAG 0.75647850000000005 -0.92915000000000003 0 2
FLAG 0.73717949999999999 -0.88490500000000005 0 2
FLAG 0.8869205 -0.93257000000000001 0.5 3
FLAG 0.69743449999999996 -1.0222500000000001 0 2
FLAG 0.68738500000000002 -0.97104999999999997 0 2
FLAG 0.75670799999999994 -0.68753500000000001 0 2
FLAG 0.77015699999999998 -0.69318000000000002 0 2
FLAG 0.78068700000000002 -0.68779499999999993 0 2
FLAG 0.77379700000000007 -0.67578500000000008 0 2
FLAG 0.79382900000000001 -0.70005499999999998 0 2
FLAG 0.83031100000000002 -0.68964500000000006 0 2
FLAG 0.83155199999999996 -0.66954500000000006 0 2
FLAG 1.0117700000000001 -0.62320500000000001 0 2
FLAG 1.024777 -0.66830000000000001 0 2
FLAG 1.067823 -0.64570499999999997 0 2
FLAG 0.87626150000000003 -0.67806500000000003 0 2
FLAG 0.87634649999999992 -0.65271999999999997 0 2
FLAG 0.85009599999999996 -0.65902499999999997 0 2
FLAG 0.97312900000000002 -0.68686500000000006 0 2
FLAG 0.94002300000000005 -0.69984500000000005 0 2
FLAG 1.0078070000000001 -0.58132499999999998 0 2
FLAG 0.96476099999999998 -0.60392000000000001 0 2
FLAG 0.929454 -0.58321500000000004 0 2
FLAG 1.0441850000000001 -0.544485 0 2
FLAG 0.57781899999999997 1.0836835 0 2
FLAG 0.555701 1.0938355 0 2
FLAG 0.44375549999999997 1.1115965000000001 0 2
FLAG 0.44108049999999999 1.1375500000000001 0 2
FLAG 0.42775350000000001 1.1476994999999999 0 2
FLAG 0.42077799999999999 1.1297334999999999 0 2
FLAG 0.61488799999999999 1.1324745000000001 0 2
FLAG 0.60493350000000001 1.1005400000000001 0 2
FLAG 0.4296295 1.3363255000000001 0 2
FLAG 0.44164749999999997 1.29504 0 2
FLAG 0.48173200000000005 1.3220554999999998 0 2
FLAG 0.47979150000000004 1.1245099999999999 0 2
FLAG 0.48185350000000005 1.1068280000000001 0 2
FLAG 0.4137015 1.1641534999999998 0 2
FLAG 0.39613350000000003 1.1765875000000001 0 2
FLAG 0.377332 1.197049 0 2
FLAG 0.354852 1.2122850000000001 0 2
FLAG 0.34983500000000001 1.1799870000000001 0 2
FLAG 0.4763445 1.1567430000000001 0 2
FLAG 0.45750049999999998 1.222113 0 2
FLAG 0.49224199999999996 1.204218 0 2
FLAG 0.47990650000000001 1.2307649999999999 0 2
FLAG 0.54643350000000002 1.1920175 0 2
FLAG 0.57508150000000002 1.203538 0 2
FLAG 0.543296 1.2243904999999999 0 2
FLAG 0.50419900000000006 1.24682 0 2
FLAG 0.46945749999999997 1.264715 0 2
FLAG 0.24846449999999998 1.1628224999999999 0 2
FLAG 0.27005650000000003 1.1841165 0 2
FLAG 0.40115049999999997 1.2088855000000001 0 2
FLAG 0.43255849999999996 1.218542 0 2
FLAG 0.41375699999999999 1.2390034999999999 0 2
FLAG 0.41735499999999998 1.278985 0 2
FLAG 0.434004 1.17197 0 2
FLAG 0.45894599999999997 1.1755409999999999 0 2
FLAG 0.44489400000000001 1.1919949999999999 0 2
FLAG 0.53284700000000007 1.2583405000000001 0 2
FLAG 0.29972350000000003 1.3103820000000002 0 2
FLAG 0.23126350000000001 1.2506840000000001 0 2
FLAG 0.25629250000000003 1.2464615000000001 0 2
FLAG 0.16609099999999999 1.1983969999999999 0 2
FLAG 0.20933299999999999 1.3000280000000002 0 2
FLAG 0.19503700000000002 1.3179544999999999 0 2
FLAG 0.18437400000000001 1.2882765 0 2
FLAG 0.25729449999999998 -1.1401600000000001 0 2
FLAG 0.268376 -1.1232950000000002 0 2
FLAG 0.28059400000000001 1.273404 0 2
FLAG 0.22293250000000001 1.2737989999999999 0 2
FLAG 0.25272499999999998 1.340455 0 2
FLAG 0.23359550000000001 1.303477 0 2
FLAG 0.26632449999999996 1.3142260000000001 0 2
FLAG 0.19825799999999999 1.3404575000000001 0 2
FLAG 0.2111575 1.3700785 0 2
FLAG 0.18941950000000002 1.38083 0 2
FLAG 0.24388650000000001 1.3808275000000001 0 2
FLAG 0.51701700000000006 1.1393564999999999 0 2
FLAG 0.49831199999999998 1.1381515 0 2
FLAG 0.51069600000000004 1.1195379999999999 0 2
FLAG 0.48723450000000001 1.176768 0 2
FLAG 0.50964049999999994 1.1854199999999999 0 2
FLAG 0.4861125 1.1443284999999999 0 2
FLAG 0.54142599999999996 1.1645675 0 2
FLAG 0.45782400000000001 1.1431015 0 2
FLAG 0.55381000000000002 1.1459540000000001 0 2
FLAG 0.61823899999999998 1.2060895 0 2
FLAG 0.61510149999999997 1.2384625 0 2
FLAG 0.77058450000000001 -0.773065 0 2
FLAG 0.77827449999999998 -0.75414500000000007 0 2
FLAG 0.75283999999999995 -0.75761999999999996 0 2
FLAG 0.71294049999999998 -0.85527500000000001 0 2
FLAG 0.69454199999999999 -0.82119500000000001 0 2
FLAG 0.79291650000000002 -0.79296499999999992 0 2
FLAG 0.767482 -0.79644000000000004 0 2
FLAG 0.78248950000000006 -0.84953499999999993 0 2
FLAG 0.81226949999999998 -0.87576999999999994 0 2
FLAG 0.81959399999999993 -0.84257499999999996 0 2
FLAG 0.84088799999999997 -0.92059500000000005 0 2
FLAG 0.88694699999999993 -0.93898000000000004 0 2
FLAG 0.80378349999999998 -0.92755500000000002 0 2
FLAG 0.78509699999999993 -0.97397500000000004 0 2
FLAG 0.47865400000000002 -1.0972300000000001 0 2
FLAG 0.38763449999999999 -1.0692699999999999 0 2
FLAG 0.40994249999999999 -1.0653700000000002 0 2
FLAG 0.34653 -1.0731649999999999 0 2
FLAG 0.36160749999999997 -1.07315 0 2
FLAG 0.36367950000000004 -1.051005 0 2
FLAG 0.33378600000000003 -1.07914 0 2
FLAG 0.37048499999999995 -1.0914299999999999 0 2
FLAG 0.4225815 -1.09243 0 2
FLAG 0.372143 -1.1182099999999999 0 2
FLAG 0.39817000000000002 -1.11433 0 2
FLAG 0.20729300000000001 -1.2351799999999999 0 2
FLAG 0.179785 -1.2611949999999998 0 2
FLAG 0.28098999999999996 -1.2583 0 2
FLAG 0.29806149999999998 -1.31118 0 2
FLAG 0.22673300000000002 -1.1645350000000001 0 2
FLAG 0.26091549999999997 -1.1617150000000001 0 2
FLAG 0.19857900000000001 -1.154725 0 2
FLAG 0.235372 -1.21814 0 2
FLAG 0.42423949999999999 -1.11921 0 2
FLAG 0.43331550000000002 -1.1561699999999999 0 2
FLAG 0.4088775 -1.184005 0 2
FLAG 0.44236500000000001 -1.199065 0 2
FLAG 0.81957499999999994 -0.80341499999999999 0 2
FLAG 0.82267749999999995 -0.78004000000000007 0 2
FLAG 0.32540000000000002 -1.195875 0 2
FLAG 0.30787399999999998 -1.23088 0 2
FLAG 0.33911599999999997 -1.2314050000000001 0 2
FLAG 0.31755650000000002 -1.14069 0 2
FLAG 0.34404699999999999 -1.119675 0 2
FLAG 0.35013899999999998 -1.17022 0 2
FLAG 0.31889699999999999 -1.1696949999999999 0 2
FLAG 0.239649 1.3733154999999999 0.5 3
FLAG 0.37823499999999999 -1.168755 0 2
FLAG 0.38728450000000003 -1.2116500000000001 0 2
FLAG 0.27082649999999997 -1.09911 0 2
FLAG 0.26225599999999999 -1.19072 0 2
FLAG 0.29281749999999995 -1.166345 0 2
FLAG 0.17886750000000001 -1.0988549999999999 0 2
FLAG 0.26727400000000001 -1.2227699999999999 0 2
FLAG 0.37173200000000001 -1.1425749999999999 0 2
FLAG 0.45772699999999999 -1.1342699999999999 0 2
FLAG 0.35473149999999998 -1.0348550000000001 0 2
FLAG 0.1650595 1.2869570000000001 0 2
FLAG 0.1536565 1.3668615000000002 0 2
FLAG 0.16655599999999998 1.3964824999999998 0 2
FLAG 0.98182599999999998 -0.85952000000000006 0 2
FLAG 1.029182 -0.70936500000000002 0 2
FLAG 1.0514950000000001 -0.75212999999999997 0 2
FLAG 0.89664750000000004 -0.70308999999999999 0 2
FLAG 0.58762049999999999 1.1880525 0.5 3
FLAG 0.5674285 1.15764 0.5 3
FLAG 0.44503150000000002 1.1925195 0.5 3
FLAG 0.4335735 1.2177150000000001 0.5 3
FLAG 0.43300749999999999 1.1719569999999999 0.5 3
FLAG 0.47914049999999997 1.1449644999999999 0.5 3
FLAG 0.49099500000000001 1.1389749999999998 0.5 3
FLAG 0.34920799999999996 -1.08836 0.5 3
FLAG 0.49549650000000001 1.1025179999999999 0 2
FLAG 0.48535899999999998 1.091013 0 2
FLAG 0.45084849999999999 1.1251354999999998 0 2
FLAG 0.87603699999999995 0.97757899999999998 0 2
FLAG 0.57757649999999994 1.1417705 0 2
FLAG 0.55316750000000003 1.1165595000000001 0 2
FLAG 0.42664849999999999 1.1479195 0.5 3
FLAG 0.42094500000000001 1.1296360000000001 0.5 3
FLAG 0.71398150000000005 1.024246 0.5 3
FLAG 0.68863099999999999 1.1132255 0.5 3
FLAG 0.61553049999999998 1.161869 0 2
FLAG 0.70816250000000003 1.1560424999999999 0.5 3
FLAG 0.73675449999999998 1.1132840000000002 0.5 3
FLAG 0.62102000000000002 1.1896035 0.5 3
FLAG 0.81824950000000007 0.84391349999999998 0 2
FLAG 0.79310150000000001 1.0978975 0.5 3
FLAG 0.77357000000000009 1.0550804999999999 0.5 3
FLAG 0.87898799999999999 0.97618149999999992 0.5 3
FLAG 0.85729849999999996 0.90677549999999996 0.5 3
FLAG 0.8205484999999999 0.84271300000000005 0.5 3
FLAG 0.57188050000000001 1.2747325 0 2
FLAG 0.61503799999999997 1.2772840000000001 0 2
FLAG 0.53278350000000008 1.2971620000000001 0 2
FLAG 1.2528779999999999 -0.14165 0 2
FLAG 1.2933414999999999 -0.38625500000000001 0.5 3
FLAG 1.3898014999999999 -0.35782999999999998 0.5 3
FLAG 1.3751100000000001 -0.44614500000000001 0.5 3
FLAG 1.2166684999999999 -0.33515 0.5 3
FLAG 1.2019770000000001 -0.42346499999999998 0.5 3
FLAG 1.2363835000000001 -0.24159999999999998 0.5 3
FLAG 1.1515765 0.42551 0.5 3
FLAG 1.107542 0.34555049999999998 0.5 3
FLAG 1.0780400000000001 0.27264499999999997 0 2
FLAG 1.3593305 0.222361 0 2
FLAG 1.1980075000000001 0.50435249999999998 0.5 3
FLAG 1.2433175000000001 0.149341 0 2
FLAG 1.379103 0.12942300000000001 0 2
FLAG 0.95683399999999996 0.72338849999999999 0.5 3
FLAG 1.145019 -0.27881 0.5 3
FLAG 1.0364024999999999 -0.54869500000000004 0.5 3
FLAG 1.0876494999999999 -0.56936000000000009 0.5 3
FLAG 1.1179950000000001 -0.60782000000000003 0.5 3
FLAG 0.83062049999999998 -0.66918 0.5 3
FLAG 0.83181949999999993 -0.64373999999999998 0.5 3
FLAG 0.75019499999999995 -0.76005 0.5 3
FLAG 0.78142900000000004 -0.72352499999999997 0.5 3
FLAG 0.83163699999999996 -0.64419999999999999 0 2
FLAG 1.148563 -0.66985499999999998 0 2
FLAG 1.1674815000000001 -0.66578500000000007 0.5 3
FLAG 0.87434199999999995 -0.61856 0.5 3
FLAG 1.1168355000000001 -0.74692500000000006 0 2
FLAG 1.0875005 -0.80825499999999995 0 2
FLAG 1.1976955 -0.72338499999999994 0.5 3
FLAG 1.0021724999999999 -0.91796 0 2
FLAG 1.0425065 -0.8718999999999999 0 2
FLAG 0.34257100000000001 -1.03813 0 2
FLAG 0.48773 -1.13419 0 2
FLAG 0.50739000000000001 -1.15225 0.5 3
FLAG 0.5408965 -1.12504 0.5 3
FLAG 0.63077800000000006 -0.92171500000000006 0.5 3
FLAG 0.58618599999999998 -0.90713500000000002 0.5 3
FLAG 0.46107049999999999 -0.98100000000000009 0.5 3
FLAG 0.60223300000000002 -1.1145800000000001 0.5 3
FLAG 0.41555149999999996 -1.0690649999999999 0.5 3
FLAG 0.2973865 -1.06813 0.5 3
FLAG 0.27798650000000003 -1.0593249999999999 0.5 3
FLAG 0.50189550000000005 -1.189435 0.5 3
FLAG 0.28069250000000001 -1.2613099999999999 0.5 3
FLAG 0.16077900000000001 -1.0937000000000001 0 2
FLAG 0.17899799999999999 -1.1419349999999999 0 2
FLAG 0.1605395 -1.128995 0 2
FLAG 0.58548800000000001 -0.90744000000000002 0 2
FLAG 0.71004099999999992 -0.79900000000000004 0 2
FLAG 0.75092599999999998 -0.85309999999999997 0 2
FLAG 0.73708700000000005 -0.74134 0.5 3
FLAG 0.75825699999999996 -0.82078499999999999 0.5 3
FLAG 0.73515799999999998 -0.80103499999999994 0.5 3
FLAG 0.73032399999999997 -0.75907000000000002 0.5 3
FLAG 0.94216149999999999 -0.96858 0 2
FLAG 0.75825049999999994 -0.81990499999999999 0 2
FLAG 0.73591849999999992 -0.80000500000000008 0 2
FLAG 0.67061999999999999 -0.92620499999999995 0.5 3
FLAG 0.41531399999999996 -1.0001599999999999 0.5 3
FLAG 0.718414 -0.77637500000000004 0.5 3
FLAG 0.49266750000000004 -1.2395499999999999 0.5 3
FLAG 0.54316699999999996 -1.209765 0.5 3
FLAG 0.47009650000000003 -1.286335 0.5 3
FLAG 0.3602725 -1.2938399999999999 0.5 3
FLAG 0.60632050000000004 -1.1737199999999999 0.5 3
FLAG 0.65615849999999998 -1.1286499999999999 0.5 3
FLAG 0.59709250000000003 -1.223835 0.5 3
FLAG 0.72345349999999997 -1.0834299999999999 0.5 3
FLAG 0.76551599999999997 -1.03911 0 2
FLAG 1.3006345000000001 -0.025998499999999997 0 2
FLAG 0.27679100000000001 1.3959445000000001 0 2
FLAG 0.3155095 1.4215249999999999 0 2
FLAG 0.41630250000000002 1.3828529999999999 0 2
FLAG 0.35290100000000002 1.2882009999999999 0.5 3
FLAG 1.1014655 0.1760005 0 2
FLAG 1.1304669999999999 -0.012521999999999998 0.5 3
FLAG 1.3747259999999999 0.1361955 0.5 3
FLAG 0.95584249999999993 0.20637300000000003 0.5 3
FLAG 1.0504495 0.27541500000000002 0.5 3
FLAG 1.121238 0.083062499999999997 0 2
FLAG 0.21166099999999999 1.4727389999999998 0 2
FLAG 0.23522349999999997 1.4255679999999999 0 2
FLAG 0.24456549999999999 1.4878559999999998 0 2
FLAG 0.1686115 1.4340885000000001 0 2
FLAG 0.38755600000000001 1.268313 0.5 3
FLAG 0.41490100000000002 1.2381850000000001 0.5 3
FLAG 0.90725300000000009 1.0560659999999999 0.5 3
FLAG 0.99639149999999987 -0.52629000000000004 0.5 3
FLAG 1.1845685000000001 -0.72598000000000007 0 2
FLAG 0.171736 -1.3522750000000001 0 2
FLAG 0.21631549999999999 -1.37914 0 2
FLAG 0.2167405 -1.275115 0.5 3
FLAG 0.26187749999999999 -1.30263 0.5 3
FLAG 0.23152400000000001 -1.3300149999999999 0.5 3
FLAG 0.29547599999999996 -1.3162099999999999 0.5 3
FLAG 0.3615815 -1.2922850000000001 0 2
FLAG 0.33805300000000005 -1.3370549999999999 0 2
FLAG 0.36975849999999999 -1.2466550000000001 0 2
FLAG 0.1283735 -1.364905 0 2
FLAG 0.082457000000000003 -1.3802699999999999 0.5 3
FLAG 0.076507999999999993 -1.3786149999999999 0 2
FLAG 0.10623249999999999 -1.4160400000000002 0 2
FLAG 0.18082399999999998 -1.26213 0.5 3
FLAG 0.94079749999999995 -0.96142000000000005 0.5 3
FLAG 0.34819100000000003 1.2488090000000001 0.5 3
FLAG 0.26919650000000001 1.3945395 0.5 3
FLAG 0.31020500000000001 1.4196504999999999 0.5 3
FLAG 0.2270625 1.4177930000000001 0.5 3
FLAG 0.62506250000000008 1.2322109999999999 0.5 3
FLAG 0.62194950000000004 1.274985 0.5 3
FLAG 0.66408149999999999 1.1985915 0.5 3
FLAG 0.72754099999999999 -1.1425700000000001 0.5 3
FLAG 0.16113749999999999 -1.0797750000000002 0 2
FLAG 0.16132000000000002 -1.0796649999999999 0.5 3
FLAG 0.21915000000000001 -1.378835 0.5 3
FLAG 0.34145749999999997 -1.3351599999999999 0.5 3
FLAG 0.17329900000000001 1.3287059999999999 0 2
FLAG 0.14901799999999998 1.2999990000000001 0 2
FLAG 0.1439995 1.280753 0 2
FLAG 0.128301 1.2782315 0 2
FLAG 0.17833399999999999 1.2691569999999999 0.5 3
FLAG 0.15996650000000001 1.3350629999999999 0.5 3
FLAG 0.149252 1.3177384999999999 0.5 3
FLAG 0.128085 1.3122634999999998 0.5 3
FLAG 0.18660450000000001 1.2510045000000001 0.5 3
FLAG 0.1676105 1.2493974999999999 0.5 3
FLAG 0.52076549999999999 1.3384475 0 2
FLAG 0.2062225 1.247193 0.5 3
FLAG 0.19549900000000001 1.2274335000000001 0.5 3
FLAG 0.15098200000000001 1.252543 0.5 3
FLAG 0.15925250000000002 1.2343904999999999 0.5 3
FLAG 0.13571149999999998 1.249905 0.5 3
FLAG 0.169903 1.426445 0.5 3
FLAG 0.1994505 1.4476689999999999 0.5 3
FLAG 0.1521035 1.3409395000000002 0 2
FLAG 0.12923999999999999 1.356592 0 2
FLAG 0.1488825 1.3184365 0 2
FLAG 0.13684000000000002 1.4177024999999999 0.5 3
FLAG 1.3451070000000001 -0.54449499999999995 0.5 3
FLAG 1.390469 0.0248665 0 2
FLAG 1.3463080000000001 0.40698650000000003 0.5 3
FLAG 1.2441679999999999 0.60039399999999998 0.5 3
FLAG 1.3030374999999998 0.5024535 0.5 3
FLAG 1.27674 0.50545149999999994 0 2
FLAG 1.0677794999999999 0.84716449999999999 0.5 3
FLAG 0.29620049999999998 1.2055955 0.5 3
FLAG 0.85309349999999995 1.1111074999999999 0.5 3
FLAG 1.2705465 -0.72530000000000006 0 2
FLAG 0.76396200000000003 -0.043354999999999998 0.5 3
FLAG 0.68497499999999989 0.033620500000000005 0 2
FLAG 0.76379200000000003 -0.039389999999999994 0 2
FLAG 0.75488299999999997 0.060540500000000004 0 2
FLAG 0.71880549999999999 -0.29083999999999999 0.5 3
FLAG 0.65406500000000001 -0.29689500000000002 0.5 3
FLAG 0.69446649999999999 -0.35156500000000002 0.5 3
FLAG 0.642374 0.56126900000000002 0.5 3
FLAG 0.65894000000000008 0.5938715 0.5 3
FLAG 0.61387799999999992 0.59594150000000001 0.5 3
FLAG 0.63818050000000004 0.56075350000000002 0 2
FLAG 0.65672600000000003 0.50828850000000003 0.5 3
FLAG 0.61166399999999999 0.51035850000000005 0.5 3
FLAG 0.60344750000000003 -0.49836000000000003 0.5 3
FLAG 0.58392299999999997 -0.539825 0.5 3
FLAG 0.56664350000000008 -0.49454500000000001 0.5 3
FLAG 0.75843250000000006 0.61855700000000002 0.5 3
FLAG 0.73715449999999993 0.66710500000000006 0.5 3
FLAG 0.8278335 0.1209525 0.5 3
FLAG 0.80408199999999996 0.21891650000000001 0.5 3
FLAG 0.76348799999999994 -0.21940499999999999 0.5 3
FLAG 0.80388949999999992 -0.27407499999999996 0.5 3
FLAG 0.94137850000000001 -0.35254000000000002 0.5 3
FLAG 0.95704800000000001 -0.28834500000000002 0.5 3
FLAG 0.77518700000000007 -0.58721500000000004 0 2
FLAG 0.75919999999999999 -0.56889000000000001 0 2
FLAG 0.74677100000000007 -0.58673500000000001 0 2
FLAG 0.78466849999999999 -0.60958000000000001 0 2
FLAG 0.75965400000000005 -0.637575 0.5 3
FLAG 0.749197 -0.647065 0.5 3
FLAG 0.79768900000000009 -0.59191499999999997 0.5 3
FLAG 0.84935749999999999 -0.52971999999999997 0.5 3
FLAG 0.82791000000000003 -0.55167499999999992 0.5 3
FLAG 0.63809549999999993 0.38714850000000001 0.5 3
FLAG 0.91968249999999996 -0.051249999999999997 0 2
FLAG 0.90654299999999999 0.048626000000000003 0 2
FLAG 0.84126449999999997 -0.11096499999999999 0.5 3
FLAG 0.60898200000000002 -0.40306500000000001 0 2
FLAG 0.63040300000000005 -0.44222 0 2
FLAG 0.65259500000000004 -0.393565 0 2
FLAG 0.90469700000000008 -0.43615999999999999 0 2
FLAG 0.93237900000000007 -0.39277000000000001 0 2
FLAG 0.66606450000000006 0.63729849999999999 0 2
FLAG 0.65479149999999997 0.593221 0 2
FLAG 0.690411 0.6019755 0 2
FLAG 0.91988150000000002 -0.055184999999999998 0.5 3
FLAG 0.86297249999999992 -0.24892 0 2
FLAG 0.92928450000000007 -0.22666500000000001 0 2
FLAG 0.95589800000000003 -0.28375499999999998 0 2
FLAG 0.88163950000000002 -0.35069 0 2
FLAG 0.94032549999999993 -0.34809000000000001 0 2
FLAG 0.52707300000000001 -0.57513000000000003 0 2
FLAG 0.5428170000000001 -0.60735500000000009 0 2
FLAG 0.56295800000000007 -0.56803500000000007 0 2
FLAG 0.87023800000000007 -0.25855499999999998 0.5 3
FLAG 0.8255555 -0.32999000000000001 0.5 3
FLAG 0.65250849999999994 0.50795499999999993 0 2
FLAG 0.59931000000000001 0.63533250000000008 0.5 3
FLAG 0.58274399999999993 0.60272999999999999 0.5 3
FLAG 0.82772599999999996 0.12163650000000001 0 2
FLAG 0.75501499999999999 0.057103000000000001 0.5 3
FLAG 0.90677549999999996 0.044559500000000002 0.5 3
FLAG 0.68501999999999996 0.033038000000000005 0.5 3
FLAG 0.61155099999999996 0.51081050000000006 0 2
FLAG 0.77126950000000005 -0.13502999999999998 0.5 3
FLAG 0.80430049999999997 0.218281 0 2
FLAG 0.75793549999999998 -0.2122 0 2
FLAG 0.69430449999999999 -0.34831000000000001 0 2
FLAG 0.76512150000000001 -0.12906999999999999 0 2
FLAG 0.83502949999999998 -0.10215 0 2
FLAG 0.71847349999999999 -0.28739000000000003 0 2
FLAG 0.65534300000000001 -0.29349000000000003 0 2
FLAG 0.65680700000000003 -0.59150999999999998 0 2
FLAG 0.65582000000000007 -0.61504000000000003 0 2
FLAG 0.67725199999999997 -0.60019 0 2
FLAG 0.5428170000000001 -0.60735500000000009 0.5 3
FLAG 0.52702550000000004 -0.57523000000000002 0.5 3
FLAG 0.56291050000000009 -0.56813500000000006 0.5 3
FLAG 0.65582000000000007 -0.61504000000000003 0.5 3
FLAG 0.65723500000000001 -0.59165000000000001 0.5 3
FLAG 0.67768000000000006 -0.60033000000000003 0.5 3
FLAG 0.70977050000000008 0.53122400000000003 0 2
FLAG 0.77780700000000003 0.54777300000000007 0 2
FLAG 0.74717450000000007 0.57444699999999993 0 2
FLAG 0.73715549999999996 0.66710550000000002 0 2
FLAG 0.59931050000000008 0.63533250000000008 0 2
FLAG 0.58269949999999993 0.60286499999999998 0 2
FLAG 0.61383399999999999 0.59607650000000001 0 2
FLAG 0.74702350000000006 -0.65447500000000003 0 2
FLAG 0.81421199999999994 -0.57530999999999999 0 2
FLAG 0.79709750000000001 -0.59173500000000001 0 2
FLAG 0.77123399999999998 -0.62202500000000005 0 2
FLAG 0.81623749999999995 0.43054100000000001 0 2
FLAG 0.84759649999999997 0.35006199999999998 0 2
FLAG 0.7913365 0.31009350000000002 0 2
FLAG 0.70639799999999997 0.35714449999999998 0 2
FLAG 0.69426849999999996 0.42756249999999996 0 2
FLAG 0.63800849999999998 0.38759399999999999 0 2
FLAG 0.86412599999999995 -0.43361499999999997 0 2
FLAG 0.89512999999999998 -0.47440499999999997 0 2
FLAG 0.84957700000000003 -0.52923500000000001 0 2
FLAG 0.82810399999999995 -0.55122000000000004 0 2
FLAG 0.73890349999999994 -0.66176000000000001 0 2
FLAG 0.80295150000000004 0.46862799999999999 0.5 3
FLAG 0.77596599999999993 0.531393 0.5 3
FLAG 0.6813825 0.46455099999999999 0.5 3
FLAG 0.66312400000000005 0.2252075 0.5 3
FLAG 0.79113299999999998 0.31062800000000002 0.5 3
FLAG 0.69346200000000002 0.39432149999999999 0.5 3
FLAG 0.92101199999999994 -0.14093 0 2
FLAG 0.89431550000000004 -0.47513499999999997 0.5 3
FLAG 0.86837049999999993 -0.50524499999999994 0.5 3
FLAG 0.88200250000000002 -0.35634500000000002 0.5 3
FLAG 0.931477 -0.39441500000000002 0.5 3
FLAG 0.90380149999999992 -0.43771500000000002 0.5 3
FLAG 0.81478500000000009 -0.57550999999999997 0.5 3
FLAG 0.78424099999999997 -0.610425 0.5 3
FLAG 0.77081949999999999 -0.62285499999999994 0.5 3
FLAG 0.74108249999999998 -0.65434499999999995 0.5 3
FLAG 0.73206149999999992 -0.64908999999999994 0.5 3
FLAG 0.73351799999999989 -0.66729499999999997 0.5 3
FLAG 0.81565399999999999 -0.371865 0.5 3
FLAG 0.83054349999999999 -0.41739500000000002 0.5 3
FLAG 0.77409649999999997 -0.39104 0.5 3
FLAG 0.76077949999999994 -0.56865999999999994 0.5 3
FLAG 0.77540500000000001 -0.58818999999999999 0.5 3
FLAG 0.74733150000000004 -0.58716999999999997 0.5 3
FLAG 0.71973050000000005 -0.64759999999999995 0 2
FLAG 0.72988249999999999 -0.65650500000000001 0 2
FLAG 0.71434500000000001 -0.65313500000000002 0 2
FLAG 0.58356999999999992 -0.54015000000000002 0 2
FLAG 0.59931400000000001 -0.57237500000000008 0 2
FLAG 0.60335800000000006 -0.49810500000000002 0 2
FLAG 0.56700200000000001 -0.49376500000000001 0 2
FLAG 0.72329749999999993 -0.58889999999999998 0 2
FLAG 0.70451149999999996 -0.57253500000000002 0 2
FLAG 0.69702500000000001 -0.59302499999999991 0 2
FLAG 0.72419600000000006 -0.58820000000000006 0.5 3
FLAG 0.69739050000000002 -0.59284999999999999 0.5 3
FLAG 0.70590050000000004 -0.57228999999999997 0.5 3
FLAG 0.59971450000000004 -0.57194999999999996 0.5 3
FLAG 0.70993949999999995 -0.62649500000000002 0.5 3
FLAG 0.69597550000000008 -0.61624000000000001 0.5 3
FLAG 0.69022899999999998 -0.63397499999999996 0.5 3
FLAG 0.6276505 -0.57542500000000008 0 2
FLAG 0.7255395 -0.63017999999999996 0 2
FLAG 0.72190949999999998 -0.640185 0.5 3
FLAG 0.72765600000000008 -0.62244999999999995 0.5 3
FLAG 0.71434500000000001 -0.65313500000000002 0.5 3
FLAG 0.73882150000000002 -0.60772999999999999 0.5 3
FLAG 0.75079150000000006 -0.62142000000000008 0.5 3
FLAG 0.62805100000000003 -0.57499999999999996 0.5 3
FLAG 0.60703850000000004 -0.60331000000000001 0.5 3
FLAG 0.92718900000000004 -0.14685999999999999 0.5 3
FLAG 0.6861855 -0.15179499999999999 0.5 3
FLAG 0.69455900000000004 0.60262550000000004 0.5 3
FLAG 0.66606300000000007 0.63729799999999992 0.5 3
FLAG 0.71209250000000002 0.51546150000000002 0.5 3
FLAG 0.86261500000000002 -0.43564000000000003 0.5 3
FLAG 0.80197800000000008 -0.54584499999999991 0.5 3
FLAG 0.63104650000000007 -0.44284499999999999 0.5 3
FLAG 0.60794700000000002 -0.40534999999999999 0.5 3
FLAG 0.65282550000000006 -0.39511499999999999 0.5 3
FLAG 0.67786000000000002 -0.47336500000000004 0.5 3
FLAG 0.63298150000000009 -0.48360000000000003 0.5 3
FLAG 0.80204450000000005 -0.47928999999999999 0.5 3
FLAG 0.8210575 -0.45481499999999997 0.5 3
FLAG 0.83411600000000008 -0.49753499999999995 0.5 3
FLAG 0.74496150000000005 -0.40177499999999999 0.5 3
FLAG 0.70332050000000002 -0.44532499999999997 0.5 3
FLAG 0.71756599999999993 -0.38905999999999996 0.5 3
FLAG 0.78428799999999999 -0.52027999999999996 0.5 3
FLAG 0.77122950000000001 -0.47755999999999998 0.5 3
FLAG 0.75985100000000005 -0.44730500000000001 0.5 3
FLAG 0.70525550000000004 -0.48608000000000001 0.5 3
FLAG 0.74209449999999999 -0.48829499999999998 0.5 3
FLAG 0.71663399999999999 -0.51633499999999999 0.5 3
FLAG 0.75223850000000003 -0.64484999999999992 0 2
FLAG 0.76270400000000005 -0.63535499999999989 0 2
FLAG 0.73351799999999989 -0.66729499999999997 0 2
FLAG 0.71000200000000002 -0.62680999999999998 0 2
FLAG 0.60703850000000004 -0.60331000000000001 0 2
FLAG 0.64908250000000001 -0.56057500000000005 0 2
FLAG 0.69603799999999993 -0.61655499999999996 0 2
FLAG 0.69022899999999998 -0.63397499999999996 0 2
FLAG 0.73075449999999997 -0.62055499999999997 0 2
FLAG 0.740483 -0.64134500000000005 0 2
FLAG 0.683141 0.48128100000000001 0 2
FLAG 0.68669800000000003 -0.14943999999999999 0 2
FLAG 0.79689699999999997 -0.26702000000000004 0 2
FLAG 0.74420350000000002 -0.39946999999999999 0 2
FLAG 0.8691565 -0.50456999999999996 0 2
FLAG 0.80308250000000003 -0.47704000000000002 0 2
FLAG 0.73928450000000001 -0.60722500000000001 0 2
FLAG 0.71577399999999991 -0.51641000000000004 0 2
FLAG 0.78431499999999998 -0.519895 0 2
FLAG 0.77042299999999997 -0.54398499999999994 0 2
FLAG 0.801508 -0.54527999999999999 0 2
FLAG 0.7719975 -0.47574499999999997 0 2
FLAG 0.74200699999999997 -0.5435049999999999 0 2
FLAG 0.75130950000000007 0.57513049999999999 0.5 3
FLAG 0.75153049999999999 0.45083150000000005 0 2
FLAG 0.80510999999999999 0.48425950000000006 0 2
FLAG 0.74308949999999996 -0.54309499999999999 0.5 3
FLAG 0.7062505 -0.54088000000000003 0.5 3
FLAG 0.7421009999999999 -0.48766500000000002 0 2
FLAG 0.76086849999999995 -0.44481000000000004 0 2
FLAG 0.70249399999999995 -0.44472500000000004 0 2
FLAG 0.71572550000000001 -0.387465 0 2
FLAG 0.83222900000000011 -0.41413 0 2
FLAG 0.81556399999999996 -0.36879000000000001 0 2
FLAG 0.77410000000000001 -0.38755000000000001 0 2
FLAG 0.70455099999999993 -0.54131499999999999 0 2
FLAG 0.75422800000000001 -0.61839 0 2
FLAG 0.67827850000000001 -0.54543999999999992 0 2
FLAG 0.64912199999999998 -0.52935500000000002 0 2
FLAG 0.70464499999999997 -0.48547499999999999 0 2
FLAG 0.67616699999999996 -0.47347 0 2
FLAG 0.65026099999999998 -0.52888000000000002 0.5 3
FLAG 0.67944500000000008 -0.54553000000000007 0.5 3
FLAG 0.64991100000000002 -0.56028999999999995 0.5 3
FLAG 0.93538199999999994 -0.23243 0.5 3
FLAG 0.66310199999999997 0.22536349999999999 0 2
FLAG 0.75844749999999994 0.61852449999999992 0 2
FLAG 0.822662 -0.45237499999999997 0 2
FLAG 0.75966449999999996 0.3912255 0.5 3
FLAG 0.82351050000000003 -0.32411000000000001 0 2
FLAG 0.77116300000000004 -0.5441149999999999 0.5 3
FLAG 0.83497949999999999 -0.49652499999999999 0 2
FLAG 0.63255400000000006 -0.48297000000000001 0 2
FLAG 0.31901299999999999 -0.89742 0 2
FLAG 0.46767599999999998 -0.68186499999999994 0.5 3
FLAG 0.50892899999999996 -0.65632000000000001 0.5 3
FLAG 0.46567900000000007 -0.63999500000000009 0.5 3
FLAG 0.72542949999999995 -0.67449499999999996 0 2
FLAG 0.64136649999999995 -0.73231000000000002 0 2
FLAG 0.65888750000000007 -0.71687500000000004 0 2
FLAG 0.61184649999999996 -0.71804500000000004 0.5 3
FLAG 0.68952250000000004 -0.69779999999999998 0.5 3
FLAG 0.67592600000000003 -0.70978999999999992 0.5 3
FLAG 0.59309049999999996 -0.76405500000000004 0 2
FLAG 0.559751 -0.74950000000000006 0 2
FLAG 0.56418849999999998 -0.78598499999999993 0 2
FLAG 0.56382750000000004 -0.78573499999999996 0.5 3
FLAG 0.53442849999999997 -0.81142000000000003 0.5 3
FLAG 0.49999400000000005 -0.84165500000000004 0.5 3
FLAG 0.47037850000000003 -0.86670000000000003 0.5 3
FLAG 0.59870950000000001 -0.69398000000000004 0.5 3
FLAG 0.62290899999999993 -0.68337499999999995 0.5 3
FLAG 0.53476450000000009 -0.81168499999999999 0 2
FLAG 0.37342699999999995 -0.89763000000000004 0 2
FLAG 0.30782799999999999 -0.93921999999999994 0 2
FLAG 0.29412550000000004 -0.94779000000000002 0 2
FLAG 0.30857049999999997 -0.95845000000000002 0 2
FLAG 0.34981549999999995 -0.89369500000000002 0 2
FLAG 0.33134949999999996 -0.87593500000000002 0 2
FLAG 0.57048450000000006 -0.63273500000000005 0 2
FLAG 0.37726999999999999 -0.78169500000000003 0 2
FLAG 0.35696499999999998 -0.81833 0 2
FLAG 0.34113000000000004 -0.78067500000000001 0 2
FLAG 0.32924599999999998 -0.87663999999999997 0.5 3
FLAG 0.31056549999999999 -0.84882999999999997 0.5 3
FLAG 0.3393255 -0.84553999999999996 0.5 3
FLAG 0.30844250000000001 -0.93930999999999998 0.5 3
FLAG 0.31490299999999999 -0.92229499999999998 0.5 3
FLAG 0.3299725 -0.93288499999999996 0.5 3
FLAG 0.29412700000000003 -0.94791000000000003 0.5 3
FLAG 0.30919649999999999 -0.95849999999999991 0.5 3
FLAG 0.327401 -0.96328999999999998 0.5 3
FLAG 0.31308550000000002 -0.97188999999999992 0.5 3
FLAG 0.29696500000000003 -0.90410999999999997 0 2
FLAG 0.31543100000000002 -0.92186999999999997 0 2
FLAG 0.4367645 -0.71126 0.5 3
FLAG 0.32532699999999998 -0.99370499999999995 0.5 3
FLAG 0.31163750000000001 -1.0027649999999999 0.5 3
FLAG 0.31760049999999995 -0.98574000000000006 0.5 3
FLAG 0.53459950000000001 -0.63983000000000001 0 2
FLAG 0.7038915 -0.65934999999999999 0 2
FLAG 0.6902935 -0.65901999999999994 0 2
FLAG 0.67632950000000003 -0.64876500000000004 0 2
FLAG 0.71404350000000005 -0.66825500000000004 0 2
FLAG 0.64102999999999999 -0.63013999999999992 0 2
FLAG 0.62705250000000001 -0.65619999999999989 0 2
FLAG 0.62139750000000005 -0.63241999999999998 0 2
FLAG 0.59306100000000006 -0.62936999999999999 0 2
FLAG 0.71155799999999991 -0.66715499999999994 0.5 3
FLAG 0.70140599999999997 -0.65825 0.5 3
FLAG 0.71248699999999998 -0.67961500000000008 0.5 3
FLAG 0.7254259999999999 -0.67449999999999999 0.5 3
FLAG 0.53495200000000009 -0.64000000000000001 0.5 3
FLAG 0.53694900000000001 -0.68186999999999998 0.5 3
FLAG 0.6225735 -0.63283500000000004 0.5 3
FLAG 0.59423700000000002 -0.62978500000000004 0.5 3
FLAG 0.57083700000000004 -0.63290500000000005 0.5 3
FLAG 0.66585699999999992 -0.64007000000000003 0.5 3
FLAG 0.67982100000000001 -0.65032500000000004 0.5 3
FLAG 0.63261049999999996 -0.65786499999999992 0.5 3
FLAG 0.64574749999999992 -0.68192999999999993 0.5 3
FLAG 0.34148849999999997 -0.84475999999999996 0 2
FLAG 0.31663549999999996 -0.98602999999999996 0 2
FLAG 0.32436949999999998 -0.99400999999999995 0 2
FLAG 0.31162999999999996 -1.00275 0 2
FLAG 0.3121215 -0.97215499999999999 0 2
FLAG 0.29938200000000004 -0.98089500000000007 0 2
FLAG 0.58484349999999996 -0.66184500000000002 0 2
FLAG 0.70448700000000009 -0.68999500000000002 0 2
FLAG 0.67738150000000008 -0.70158000000000009 0 2
FLAG 0.69088900000000009 -0.68966499999999997 0 2
FLAG 0.71497600000000006 -0.68070999999999993 0 2
FLAG 0.61599000000000004 -0.74389499999999997 0 2
FLAG 0.61402950000000001 -0.71598500000000009 0 2
FLAG 0.62341299999999999 -0.68144000000000005 0 2
FLAG 0.59803649999999997 -0.693025 0 2
FLAG 0.47095500000000001 -0.86741500000000005 0 2
FLAG 0.50076950000000009 -0.84220000000000006 0 2
FLAG 0.38907000000000003 -0.94519500000000001 0 2
FLAG 0.65711450000000005 -0.71847499999999997 0.5 3
FLAG 0.65485749999999998 -0.69875500000000001 0.5 3
FLAG 0.70199750000000005 -0.68890000000000007 0.5 3
FLAG 0.63965650000000007 -0.73385499999999992 0.5 3
FLAG 0.61545700000000003 -0.74446000000000001 0.5 3
FLAG 0.40747349999999999 -0.93049999999999999 0.5 3
FLAG 0.39997749999999999 -0.90197499999999997 0.5 3
FLAG 0.42416599999999999 -0.91129499999999997 0.5 3
FLAG 0.376274 -0.95915499999999998 0.5 3
FLAG 0.36114350000000001 -0.96895500000000001 0.5 3
FLAG 0.34762850000000001 -0.98154000000000008 0.5 3
FLAG 0.33498450000000002 -0.98880000000000001 0.5 3
FLAG 0.44805899999999999 -0.892405 0.5 3
FLAG 0.33402599999999999 -0.98910500000000001 0 2
FLAG 0.3461805 -0.98214000000000001 0 2
FLAG 0.39013249999999999 -0.87814499999999995 0 2
FLAG 0.40140750000000003 -0.90356499999999995 0 2
FLAG 0.59256200000000003 -0.76461500000000004 0.5 3
FLAG 0.57545999999999997 -0.69639000000000006 0 2
FLAG 0.299396 -0.98094999999999999 0.5 3
FLAG 0.340916 -0.95070499999999991 0.5 3
FLAG 0.34480500000000003 -0.96409499999999992 0.5 3
FLAG 0.3887565 -0.94399 0.5 3
FLAG 0.37080250000000003 -0.93634499999999998 0.5 3
FLAG 0.64541199999999999 -0.63139000000000001 0.5 3
FLAG 0.67703399999999991 -0.66434499999999996 0.5 3
FLAG 0.68614399999999998 -0.68117000000000005 0.5 3
FLAG 0.55891250000000003 -0.74977000000000005 0.5 3
FLAG 0.52055200000000001 -0.73453999999999997 0.5 3
FLAG 0.54928650000000001 -0.71341999999999994 0.5 3
FLAG 0.3758435 -0.78261500000000006 0.5 3
FLAG 0.35567550000000003 -0.81911500000000004 0.5 3
FLAG 0.34081300000000003 -0.78122999999999998 0.5 3
FLAG 0.40368799999999999 -0.85163500000000003 0.5 3
FLAG 0.42600749999999998 -0.82593000000000005 0.5 3
FLAG 0.43898950000000003 -0.85706499999999997 0.5 3
FLAG 0.586372 -0.66242999999999996 0.5 3
FLAG 0.6645589999999999 -0.67324499999999998 0.5 3
FLAG 0.57530950000000003 -0.69710000000000005 0.5 3
FLAG 0.40504200000000001 -0.75085500000000005 0.5 3
FLAG 0.29692949999999996 -0.90432500000000005 0.5 3
FLAG 0.31845950000000001 -0.89789999999999992 0.5 3
FLAG 0.34721950000000001 -0.89460999999999991 0.5 3
FLAG 0.37064549999999996 -0.89726499999999998 0.5 3
FLAG 0.35985899999999998 -0.91852500000000004 0.5 3
FLAG 0.38733799999999996 -0.87806000000000006 0.5 3
FLAG 0.37435600000000002 -0.84692499999999993 0.5 3
FLAG 0.66147500000000004 -0.63881999999999994 0 2
FLAG 0.50910600000000006 -0.65661000000000003 0 2
FLAG 0.46582500000000004 -0.6398600000000001 0 2
FLAG 0.46799899999999994 -0.68202000000000007 0 2
FLAG 0.43810850000000001 -0.71106000000000003 0 2
FLAG 0.3930765 -0.70465500000000003 0 2
FLAG 0.40646700000000002 -0.75044500000000003 0 2
FLAG 0.42479600000000001 -0.91202000000000005 0 2
FLAG 0.44858200000000004 -0.89322499999999994 0 2
FLAG 0.40809050000000002 -0.93150500000000003 0 2
FLAG 0.35984850000000002 -0.97050499999999995 0 2
FLAG 0.37507449999999998 -0.96067999999999998 0 2
FLAG 0.37070649999999999 -0.93853500000000001 0 2
FLAG 0.53677350000000001 -0.68198999999999999 0 2
FLAG 0.405609 -0.851715 0 2
FLAG 0.37762849999999998 -0.84577999999999998 0 2
FLAG 0.65790000000000004 -0.68910500000000008 0 2
FLAG 0.66153949999999995 -0.66386499999999993 0 2
FLAG 0.64304549999999994 -0.67915999999999999 0 2
FLAG 0.68999200000000005 -0.67413999999999996 0 2
FLAG 0.31068600000000002 -0.84848499999999993 0 2
FLAG 0.32987599999999995 -0.93252999999999997 0 2
FLAG 0.33949200000000002 -0.95194999999999996 0 2
FLAG 0.34709499999999999 -0.93459999999999999 0 2
FLAG 0.325824 -0.96358499999999991 0 2
FLAG 0.34304299999999999 -0.96565499999999993 0 2
FLAG 0.34737649999999998 -0.93368999999999991 0.5 3
FLAG 0.41990450000000001 -0.78874 0.5 3
FLAG 0.455206 -0.79417000000000004 0.5 3
FLAG 0.48964050000000003 -0.76393500000000003 0.5 3
FLAG 0.4957435 -0.80112499999999998 0.5 3
FLAG 0.48001450000000001 -0.72758499999999993 0.5 3
FLAG 0.42798199999999997 -0.825905 0 2
FLAG 0.44048600000000004 -0.85826999999999998 0 2
FLAG 0.457179 -0.794655 0 2
FLAG 0.42230199999999996 -0.78810000000000002 0 2
FLAG 0.54996650000000002 -0.71317000000000008 0 2
FLAG 0.52106450000000004 -0.73509999999999998 0 2
FLAG 0.491174 -0.76414000000000004 0 2
FLAG 0.49685400000000002 -0.80194499999999991 0 2
FLAG 0.48138949999999997 -0.72781000000000007 0 2
FLAG 0.39270349999999998 -0.70513500000000007 0.5 3
FLAG 0.36109049999999998 -0.91911500000000002 0 2
FLAG 0.713974 0.71581600000000001 0 2
FLAG 0.41244700000000001 0.93077350000000003 0 2
FLAG 0.52168599999999998 0.83320349999999999 0 2
FLAG 0.46547949999999999 0.82667000000000002 0 2
FLAG 0.49814849999999999 0.79105350000000008 0 2
FLAG 0.42281350000000001 1.0518000000000001 0 2
FLAG 0.42812050000000001 1.0383665 0 2
FLAG 0.43769400000000003 1.0515694999999998 0 2
FLAG 0.52630749999999993 1.0067360000000001 0 2
FLAG 0.4627945 0.93122349999999998 0 2
FLAG 0.46199299999999999 0.95818499999999995 0 2
FLAG 0.43914350000000002 0.94479849999999999 0 2
FLAG 0.627915 0.67811200000000005 0 2
FLAG 0.64645700000000006 0.83946350000000003 0.5 3
FLAG 0.67400550000000004 0.79161800000000004 0.5 3
FLAG 0.7139605 0.715839 0.5 3
FLAG 0.65645249999999999 0.678674 0.5 3
FLAG 0.66873099999999996 0.74846100000000004 0.5 3
FLAG 0.58201199999999997 0.943272 0.5 3
FLAG 0.55849249999999995 0.96713249999999995 0.5 3
FLAG 0.45984649999999999 1.0610599999999999 0.5 3
FLAG 0.46925850000000002 1.0540509999999998 0.5 3
FLAG 0.45646699999999996 1.0463249999999999 0.5 3
FLAG 0.48631099999999999 0.90231400000000006 0.5 3
FLAG 0.46252599999999999 0.89396900000000001 0.5 3
FLAG 0.46213199999999999 0.92820600000000009 0.5 3
FLAG 0.52221950000000006 1.006777 0.5 3
FLAG 0.59746349999999993 0.91429950000000004 0.5 3
FLAG 0.62365599999999999 0.87947900000000001 0.5 3
FLAG 0.41795700000000002 0.89444400000000002 0.5 3
FLAG 0.41449649999999999 0.95789849999999999 0.5 3
FLAG 0.41979500000000003 0.98607400000000001 0.5 3
FLAG 0.39019749999999997 0.97068549999999998 0.5 3
FLAG 0.46253350000000004 1.063858 0 2
FLAG 0.45215650000000002 1.0694504999999999 0 2
FLAG 0.44220999999999999 1.0724454999999999 0 2
FLAG 0.44233350000000005 1.0620080000000001 0 2
FLAG 0.4476405 1.0485745 0 2
FLAG 0.45644799999999996 1.038081 0 2
FLAG 0.44146049999999998 1.0236609999999999 0 2
FLAG 0.45490750000000002 1.023606 0 2
FLAG 0.55912899999999999 0.96696650000000006 0 2
FLAG 0.40444550000000001 1.018961 0 2
FLAG 0.42657999999999996 1.0238915 0 2
FLAG 0.41778549999999998 1.0042555 0 2
FLAG 0.46108749999999998 1.0485194999999998 0 2
FLAG 0.62083350000000004 0.66992000000000007 0.5 3
FLAG 0.58969950000000004 0.67670850000000005 0.5 3
FLAG 0.58987000000000001 0.76263349999999996 0 2
FLAG 0.64831499999999997 0.80442000000000002 0 2
FLAG 0.61280000000000001 0.83937349999999999 0 2
FLAG 0.53523549999999998 0.67024649999999997 0 2
FLAG 0.59678049999999994 0.68490050000000002 0 2
FLAG 0.56384000000000001 0.71302599999999994 0 2
FLAG 0.52832500000000004 0.74797950000000002 0 2
FLAG 0.4721185 0.74144600000000005 0 2
FLAG 0.39097399999999999 0.90713550000000009 0 2
FLAG 0.41847199999999996 0.89419899999999997 0 2
FLAG 0.41699649999999999 0.98554249999999999 0 2
FLAG 0.4116455 0.957735 0 2
FLAG 0.39029999999999998 0.97151750000000003 0 2
FLAG 0.43913099999999999 0.99047299999999994 0 2
FLAG 0.42636949999999996 1.0260015 0.5 3
FLAG 0.41771400000000003 1.0065105000000001 0.5 3
FLAG 0.4041515 1.0183520000000001 0.5 3
FLAG 0.43969000000000003 1.0591355 0.5 3
FLAG 0.391233 0.90576849999999998 0.5 3
FLAG 0.41162299999999996 0.9311855 0.5 3
FLAG 0.44213599999999997 0.86855199999999999 0.5 3
FLAG 0.55669900000000005 0.7049065000000001 0.5 3
FLAG 0.53517550000000003 0.67031900000000011 0.5 3
FLAG 0.44122050000000002 0.94657400000000003 0.5 3
FLAG 0.46500549999999996 0.95491900000000007 0.5 3
FLAG 0.449544 1.066611 0.5 3
FLAG 0.44217899999999999 1.0724125 0.5 3
FLAG 0.5460045 0.99079549999999994 0 2
FLAG 0.50892749999999998 1.0188079999999999 0 2
FLAG 0.50281700000000007 0.99506699999999992 0 2
FLAG 0.47134100000000001 1.0533644999999998 0 2
FLAG 0.66353449999999992 0.68686650000000005 0 2
FLAG 0.5607184999999999 0.90661349999999996 0.5 3
FLAG 0.47766600000000004 1.0225824999999999 0 2
FLAG 0.48235349999999999 1.0462834999999999 0.5 3
FLAG 0.49143599999999998 1.0328225 0.5 3
FLAG 0.47496149999999998 1.025855 0.5 3
FLAG 0.51598599999999994 0.90183150000000001 0.5 3
FLAG 0.51559199999999994 0.93606849999999997 0.5 3
FLAG 0.54226149999999995 0.99059150000000007 0.5 3
FLAG 0.50783900000000004 1.021722 0.5 3
FLAG 0.42993099999999995 1.0455885 0.5 3
FLAG 0.422566 1.05139 0.5 3
FLAG 0.52903599999999995 0.95904500000000004 0.5 3
FLAG 0.49842449999999994 0.99744900000000003 0.5 3
FLAG 0.49936099999999994 0.95952750000000009 0.5 3
FLAG 0.51852399999999998 0.7447950000000001 0.5 3
FLAG 0.47233000000000003 0.74108499999999999 0.5 3
FLAG 0.48867900000000003 0.78736300000000004 0.5 3
FLAG 0.47844949999999997 0.97789550000000003 0.5 3
FLAG 0.46406899999999995 0.99284050000000001 0.5 3
FLAG 0.53143750000000001 0.87285900000000005 0.5 3
FLAG 0.46459499999999998 0.82586500000000007 0.5 3
FLAG 0.42002600000000001 0.82634000000000007 0.5 3
FLAG 0.61649749999999992 0.75445300000000004 0.5 3
FLAG 0.48554050000000004 0.97587449999999998 0 2
FLAG 0.50292049999999999 0.9638024999999999 0 2
FLAG 0.44300799999999996 0.86969050000000003 0 2
FLAG 0.41947049999999997 0.82754050000000001 0 2
FLAG 0.67582450000000005 0.75662950000000007 0 2
FLAG 0.58303550000000004 0.94264799999999993 0 2
FLAG 0.62474999999999992 0.87952850000000005 0 2
FLAG 0.59894000000000003 0.91392800000000007 0 2
FLAG 0.51773150000000001 0.90207850000000001 0 2
FLAG 0.533636 0.87335850000000004 0 2
FLAG 0.56235049999999998 0.90661700000000001 0 2
FLAG 0.46448099999999998 0.89332849999999997 0 2
FLAG 0.4926605 1.0298625000000001 0 2
FLAG 0.48488949999999997 1.0453060000000001 0 2
FLAG 0.51604499999999998 0.93997350000000002 0 2
FLAG 0.4873305 0.90671499999999994 0 2
FLAG 0.46188950000000001 0.98944949999999998 0 2
FLAG 0.46267849999999999 1.0081625000000001 0 2
FLAG 0.44201299999999999 0.99372349999999998 0.5 3
FLAG 0.46198799999999995 1.013277 0.5 3
FLAG 0.45290549999999996 1.0267379999999999 0.5 3
FLAG 0.56630500000000006 0.83774199999999999 0 2
FLAG 0.5555215 0.83435700000000002 0.5 3
FLAG 0.51078900000000005 0.82957499999999995 0.5 3
FLAG 0.5333215 0.95916599999999996 0 2
FLAG 0.57832250000000007 0.79434150000000003 0.5 3
FLAG 0.59897099999999992 0.83762550000000002 0.5 3
FLAG 0.573048 0.75118450000000003 0.5 3
FLAG 0.44349349999999998 1.033747 0.5 3
FLAG 0.49041250000000003 -0.54554999999999998 0 2
FLAG 0.50994249999999997 -0.012385499999999997 0.1191575 5
FLAG 0.50697900000000007 0.03724750000000001 0 7
FLAG 0.50830249999999999 0.091172000000000003 0.1191575 5
FLAG 0.59234249999999999 0.033620500000000005 0 2
FLAG 0.59070249999999991 0.13717800000000002 0 2
FLAG 0.15808 -1.0417350000000001 0 2
FLAG 0.57773849999999993 0.22899050000000001 0 2
FLAG -0.030015 1.0487549999999999 0.030433999999999999 5
FLAG -0.0083705000000000012 1.0544985 0 2
FLAG -0.01822 1.0393094999999999 0.017276 5
FLAG -0.033474999999999998 1.0517265 0.013158 5
FLAG 0.015139 1.0092525000000001 0.021462499999999999 5
FLAG -0.0034695000000000004 1.0262 0.017276 5
FLAG 0.0038485000000000004 1.0193905000000001 0.038738499999999995 5
FLAG -0.0114 1.0331480000000002 0.1907895 5
FLAG -0.0114 1.0331480000000002 0.17763200000000001 5
FLAG -0.024840000000000001 1.0449360000000001 0.1842105 5
FLAG -0.035055000000000003 1.0530539999999999 0.17763200000000001 5
FLAG -0.035055000000000003 1.0530539999999999 0.1907895 5
FLAG -0.0349 1.052924 0.085307500000000008 5
FLAG -0.0349 1.052924 0.098465499999999997 5
FLAG 0.1100975 1.2141495 0 2
FLAG 0.54906349999999993 0.57944550000000006 0.5 3
FLAG 0.36609649999999999 0.84155749999999996 0 2
FLAG 0.2761885 -0.94279000000000002 0 2
FLAG 0.27693100000000004 -0.96201999999999999 0 2
FLAG 0.40559200000000001 1.0559715000000001 0 2
FLAG 0.41516550000000002 1.0691744999999999 0 2
FLAG 0.31345000000000001 -0.49824999999999997 0.36851299999999998 5
FLAG 0.33787149999999999 -0.46765499999999999 0.435554 5
FLAG 0.2894545 -0.52690499999999996 0.43295899999999998 5
FLAG 0.47027150000000006 -0.58487 0 2
FLAG 0.48641849999999998 -0.202985 0.41969400000000001 5
FLAG 0.38426899999999997 -0.50458000000000003 0.5 3
FLAG 0.43015700000000001 -0.44756000000000001 0.5 3
FLAG 0.38375950000000003 -0.41063499999999997 0.435554 5
FLAG 0.35976399999999997 -0.43928999999999996 0.5 8
FLAG 0.60123700000000002 -0.067649999999999988 0.5 3
FLAG 0.55421999999999993 -0.416935 0.5 3
FLAG 0.57599899999999993 -0.36920500000000001 0.5 3
FLAG 0.57698000000000005 -0.2412 0.5 3
FLAG 0.38856800000000002 0.79853700000000005 0 2
FLAG 0.32835249999999999 0.75182649999999995 0.5 3
FLAG 0.29705700000000002 0.7195975 0.44051799999999997 5
FLAG 0.5604595 0.32335999999999998 0.5 3
FLAG 0.54837999999999998 0.39358950000000004 0.5 3
FLAG 0.50149500000000002 0.64703449999999996 0.5 3
FLAG 0.53449550000000001 0.61883650000000001 0.5 3
FLAG 0.57777349999999994 0.22870400000000002 0.5 3
FLAG 0.59072250000000004 0.13699250000000002 0.5 3
FLAG 0.54965949999999997 0.57780750000000003 0 2
FLAG 0.47653099999999998 0.53276650000000003 0 2
FLAG 0.52409449999999991 0.51856800000000003 0 2
FLAG 0.44521299999999997 0.47837350000000001 0.123252 5
FLAG 0.45536500000000002 0.44597949999999997 0.061546999999999998 5
FLAG 0.44081399999999998 0.50592099999999995 0.061705000000000003 5
FLAG 0.53842250000000003 0.46576949999999995 0 2
FLAG 0.47938700000000001 0.28555199999999997 0.078952999999999995 5
FLAG 0.49640200000000001 0.19290000000000002 0.078952999999999995 5
FLAG 0.48832399999999998 0.233457 0 7
FLAG 0.56072349999999993 0.3216425 0 2
FLAG 0.49891399999999997 -0.31351000000000001 0.5 3
FLAG 0.55264099999999994 -0.301925 0.5 3
FLAG 0.59345550000000002 -0.15202499999999999 0.5 3
FLAG 0.50289399999999995 -0.11380999999999999 0.41969400000000001 5
FLAG 0.50427350000000004 -0.0591005 0.28885150000000004 5
FLAG 0.50373299999999999 -0.062045500000000003 0.19849600000000001 5
FLAG 0.49674049999999997 -0.162685 0.24903250000000002 5
FLAG 0.47670849999999998 -0.22941500000000001 0.20661750000000001 5
FLAG 0.47724899999999998 -0.22647 0.29697300000000004 5
FLAG 0.44052150000000001 -0.42452000000000001 0 2
FLAG 0.36086600000000002 -0.43783 0 7
FLAG 0.39448749999999999 -0.48185 0 2
FLAG 0.3840075 -0.41020500000000004 0.058433499999999999 5
FLAG 0.33797350000000004 -0.46753500000000003 0.058433499999999999 5
FLAG 0.48079700000000003 -0.56364999999999998 0.5 3
FLAG 0.50089050000000002 -0.52442999999999995 0.5 3
FLAG 0.53513600000000006 0.61706349999999999 0 2
FLAG 0.46553650000000002 0.3722705 0.061546999999999998 5
FLAG 0.54859400000000003 0.39206049999999998 0 2
FLAG 0.28970249999999997 -0.99497999999999998 0 2
FLAG 0.28518850000000001 -0.981105 0 2
FLAG 0.234406 -1.0202149999999999 0 2
FLAG 0.25443199999999999 -1.0152300000000001 0 2
FLAG 0.30069499999999999 -1.007565 0 2
FLAG 0.28883550000000002 -0.82610000000000006 0 2
FLAG 0.27869650000000001 -0.85727500000000001 0 2
FLAG 0.14951 -0.74531000000000003 0.24719599999999997 5
FLAG 0.35705300000000001 -0.68245 0.5 3
FLAG 0.38877550000000005 -0.64285499999999995 0.5 3
FLAG 0.31727850000000002 -0.73648000000000002 0.5 3
FLAG 0.069305500000000006 -0.96486000000000005 0.5 3
FLAG 0.085541499999999993 -0.98032000000000008 0.5 3
FLAG 0.29035650000000002 -0.99565499999999996 0.5 3
FLAG 0.25030649999999999 -0.97811000000000003 0.5 3
FLAG 0.26805650000000003 -0.97684499999999996 0.5 3
FLAG 0.259052 -0.99777500000000008 0.5 3
FLAG 0.161081 -0.72304000000000002 0.1001775 5
FLAG 0.16947400000000001 -0.71006999999999998 0.15410649999999998 5
FLAG 0.14119100000000001 -0.75815999999999995 0.14005799999999999 5
FLAG 0.2716055 -1.0130400000000002 0 2
FLAG 0.28650149999999996 -1.0077750000000001 0 2
FLAG 0.17345450000000001 -1.038205 0 2
FLAG 0.30070249999999998 -1.0075799999999999 0.5 3
FLAG 0.28584149999999997 -0.98180500000000004 0.5 3
FLAG 0.27634199999999998 -0.94294999999999995 0.5 3
FLAG 0.27709600000000001 -0.96214 0.5 3
FLAG 0.13984199999999999 -1.050125 0.5 3
FLAG 0.21241349999999998 -1.025655 0.5 3
FLAG 0.19209500000000002 -1.02955 0.5 3
FLAG 0.25450200000000001 -1.0149650000000001 0.5 3
FLAG 0.28714799999999996 -1.008435 0.5 3
FLAG 0.27225199999999999 -1.0137 0.5 3
FLAG 0.17788199999999998 -0.99909500000000007 0 2
FLAG 0.15951750000000001 -1.007585 0 2
FLAG 0.17826049999999999 -1.0192700000000001 0 2
FLAG 0.06864300000000001 -0.9667650000000001 0 2
FLAG 0.27240750000000002 -0.91772000000000009 0 2
FLAG 0.2759895 -0.89327000000000001 0 2
FLAG 0.096186999999999995 -0.99711499999999997 0 2
FLAG 0.10971549999999999 -1.0083599999999999 0 2
FLAG 0.14166050000000002 -1.0361500000000001 0 2
FLAG 0.13984449999999998 -1.050125 0 2
FLAG 0.12821850000000001 -1.03105 0 2
FLAG 0.11805449999999999 -1.02206 0 2
FLAG 0.036657000000000002 -0.92535999999999996 0 2
FLAG 0.0547085 -0.94501499999999994 0 2
FLAG 0.027487999999999999 -0.900335 0 2
FLAG 0.017785500000000003 -0.86980499999999994 0.027528 5
FLAG 0.017785500000000003 -0.86980499999999994 0 7
FLAG 0.15806100000000001 -1.0419700000000001 0.5 3
FLAG 0.17343550000000002 -1.03844 0.5 3
FLAG 0.14163900000000001 -1.0363850000000001 0.5 3
FLAG 0.1103095 -1.0083899999999999 0.5 3
FLAG 0.096872 -0.99723000000000006 0.5 3
FLAG 0.27083000000000002 -0.91724499999999998 0.5 3
FLAG 0.27438649999999998 -0.89284999999999992 0.5 3
FLAG 0.27812399999999998 -0.85712499999999991 0.5 3
FLAG 0.2882035 -0.82602500000000001 0.5 3
FLAG 0.033950000000000001 -0.92564999999999997 0.5 3
FLAG 0.0217305 -0.86723499999999998 0.43359899999999996 5
FLAG 0.0217305 -0.86723499999999998 0.40571950000000001 5
FLAG 0.11834700000000001 -1.0222199999999999 0.5 3
FLAG 0.12850250000000002 -1.0312049999999999 0.5 3
FLAG 0.051946000000000006 -0.94525499999999996 0.5 3
FLAG 0.013889500000000001 -0.87217500000000003 0.31948350000000003 5
FLAG -0.0130305 1.0755650000000001 0 2
FLAG -0.0026105000000000004 1.0895355 0 2
FLAG -0.030015 1.0487549999999999 0.043591999999999999 5
FLAG 0.04879 0.97764150000000005 0.078137999999999999 5
FLAG 0.048307500000000003 1.0109845 0 2
FLAG 0.033934499999999999 0.99162850000000002 0.021462499999999999 5
FLAG 0.029512 1.0286085 0 2
FLAG 0.026616500000000001 0.99843799999999994 0 7
FLAG 0.29201750000000004 0.90274399999999999 0 2
FLAG 0.2947825 0.85368699999999997 0 2
FLAG 0.33242899999999997 0.86161100000000002 0 2
FLAG 0.075839000000000004 0.99450349999999998 0 2
FLAG 0.055290500000000006 0.97150749999999997 0.029430000000000001 5
FLAG 0.043813000000000005 0.98232199999999992 0.0508925 5
FLAG 0.1071015 0.92288799999999993 0.037527499999999998 5
FLAG 0.079890000000000003 0.94840649999999993 0.029430000000000001 5
FLAG 0.092380500000000004 0.93668249999999997 0.066957500000000003 5
FLAG 0.070726000000000011 0.95698499999999997 0.093599000000000002 5
FLAG 0.097937500000000011 0.93146649999999998 0.1016965 5
FLAG 0.1004385 0.97140249999999995 0 2
FLAG 0.070011500000000004 0.95771300000000004 0 7
FLAG 0.32887349999999999 0.75169649999999999 0 2
FLAG 0.24473200000000001 0.84274249999999995 0 2
FLAG 0.28514349999999999 0.80160949999999997 0 2
FLAG 0.50219550000000002 0.64518900000000001 0 2
FLAG 0.45245950000000001 0.59102750000000004 0 2
FLAG 0.42689449999999995 0.53178800000000004 0 7
FLAG 0.41674250000000002 0.56418199999999996 0.061705000000000003 5
FLAG 0.29624700000000004 -0.77391999999999994 0 2
FLAG 0.316552 -0.73728499999999997 0 2
FLAG 0.084717500000000001 -0.98207500000000003 0 2
FLAG 0.013186499999999999 -0.87258499999999994 0.14967 5
FLAG 0.013186499999999999 -0.87258499999999994 0.1217905 5
FLAG 0.055823499999999998 -0.88605 0 2
FLAG 0.097486500000000004 -0.80790000000000006 0.079133999999999996 5
FLAG 0.085106000000000001 -0.82379500000000005 0.036069499999999997 5
FLAG 0.1204175 -0.78702499999999997 0.043064499999999999 5
FLAG 0.25030249999999998 -0.66975499999999999 0 2
FLAG 0.19741700000000001 -0.66306500000000002 0 7
FLAG 0.21878349999999999 -0.72384000000000004 0 2
FLAG 0.20915 -0.64196500000000001 0.057112999999999997 5
FLAG 0.17763099999999998 -0.69605000000000006 0.057112999999999997 5
FLAG 0.353022 -0.68630000000000002 0 2
FLAG 0.38466349999999999 -0.64691500000000002 0 2
FLAG 0.28845100000000001 -0.52831499999999998 0.063840999999999995 5
FLAG 0.32972049999999997 -0.56186000000000003 0 2
FLAG 0.28677249999999999 -0.61877000000000004 0 2
FLAG 0.24550300000000003 -0.585225 0.063840999999999995 5
FLAG 0.27188400000000001 -0.55206999999999995 0 7
FLAG 0.51067850000000004 -0.50217500000000004 0 2
FLAG 0.53046649999999995 -0.46013000000000004 0 2
FLAG 0.55534749999999999 -0.409275 0 2
FLAG 0.57753949999999998 -0.36062 0 2
FLAG 0.59406550000000002 -0.14943999999999999 0 2
FLAG 0.60125150000000005 -0.066309999999999994 0 2
FLAG 0.014782499999999999 -0.871645 0.20698549999999999 5
FLAG 0.014782499999999999 -0.871645 0.17910599999999999 5
FLAG 0.37844850000000002 -0.41789500000000002 0.17395850000000002 5
FLAG 0.40301900000000002 -0.37921000000000005 0.1190025 5
FLAG 0.42035250000000002 -0.35719500000000004 0.176094 5
FLAG 0.49985999999999997 -0.30613999999999997 0 2
FLAG 0.44135749999999996 -0.312975 0 7
FLAG 0.46540249999999994 -0.37366500000000002 0 2
FLAG 0.46036900000000003 -0.28198000000000001 0.060568999999999998 5
FLAG 0.4259115 -0.34950500000000001 0.060568999999999998 5
FLAG 0.48600749999999998 -0.20554 0.079338500000000006 5
FLAG 0.47056149999999997 -0.24207000000000001 0.13990750000000002 5
FLAG 0.5534945 -0.29993000000000003 0 2
FLAG 0.50240949999999995 -0.11596999999999999 0.079338500000000006 5
FLAG 0.49221700000000002 -0.15587999999999999 0 7
FLAG 0.5776635 -0.23901 0 2
FLAG 0.013293000000000001 -0.872525 0.23578299999999999 5
FLAG 0.013293000000000001 -0.872525 0.26366200000000001 5
FLAG 0.013889500000000001 -0.87217500000000003 0.29160399999999997 5
FLAG 0.013286000000000001 -0.872525 0.3480935 5
FLAG 0.013286000000000001 -0.872525 0.375973 5
FLAG 0.50988650000000002 -0.013170499999999998 0.36915750000000003 5
FLAG 0.59228999999999998 0.032808000000000004 0.5 3
FLAG 0.2971105 -0.77298 0.5 3
FLAG 0.065043000000000004 -0.83986000000000005 0.34848199999999996 5
FLAG 0.073487500000000011 -0.83457000000000003 0.37822849999999997 5
FLAG 0.045566500000000003 -0.85566999999999993 0.39251049999999998 5
FLAG 0.017465500000000002 -0.87000500000000003 0.5 8
FLAG 0.017465500000000002 -0.87000500000000003 0.47247050000000002 5
FLAG 0.02479 -0.90063500000000007 0.5 3
FLAG 0.049745999999999999 -0.85315000000000007 0.4611285 5
FLAG 0.136569 -0.76059499999999991 0.5 8
FLAG 0.18219200000000002 -0.75929000000000002 0.5 3
FLAG 0.15320400000000001 -0.80212499999999998 0.5 3
FLAG 0.49936550000000002 0.14326700000000001 0.19811049999999999 5
FLAG 0.49884099999999998 0.1455835 0.28725299999999998 5
FLAG 0.47361449999999999 0.33171349999999999 0.14049999999999999 5
FLAG 0.19715450000000001 -0.66351499999999997 0.5 8
FLAG 0.178119 -0.69518499999999994 0.44270599999999999 5
FLAG 0.2097165 -0.64094000000000007 0.44270599999999999 5
FLAG 0.47578399999999998 0.31302799999999997 0.19785799999999998 5
FLAG 0.46113749999999998 0.39981800000000001 0 7
FLAG 0.4752595 0.31534449999999997 0.28700049999999999 5
FLAG 0.4869405 0.24731149999999999 0.2470485 5
FLAG 0.24689250000000001 -0.58338500000000004 0.43295899999999998 5
FLAG 0.29093849999999999 -0.61471999999999993 0.5 3
FLAG 0.33350049999999998 -0.55823999999999996 0.5 3
FLAG 0.271314 -0.55279 0.5 8
FLAG 0.31335049999999998 -0.67420000000000002 0.5 3
FLAG 0.251164 -0.66874999999999996 0.5 3
FLAG 0.28651150000000003 -0.53064500000000003 0.18399799999999999 5
FLAG 0.2609785 -0.56870500000000002 0.24433349999999998 5
FLAG 0.236537 -0.59953000000000001 0.1880175 5
FLAG 0.49203150000000001 -0.157055 0.5 8
FLAG 0.3533675 -0.44784999999999997 0.235682 5
FLAG 0.336034 -0.46986499999999998 0.17859049999999999 5
FLAG 0.287993 -0.52866000000000002 0.303116 5
FLAG 0.29401699999999997 0.72302149999999998 0.1917365 5
FLAG 0.34111750000000002 0.66904999999999992 0.19024199999999999 5
FLAG 0.31967849999999998 0.69326449999999995 0.1278205 5
FLAG 0.42382449999999999 -0.35314999999999996 0.43771550000000004 5
FLAG 0.46396199999999999 -0.38153000000000004 0.5 3
FLAG 0.45877649999999998 -0.28512999999999999 0.43771550000000004 5
FLAG 0.440604 -0.31425000000000003 0.5 8
FLAG 0.44960699999999998 -0.30861499999999997 0.31499450000000001 5
FLAG 0.46963899999999997 -0.24188499999999999 0.35740950000000005 5
FLAG 0.45106999999999997 -0.30585499999999999 0.18784800000000001 5
FLAG 0.5069395000000001 0.036304500000000003 0.5 8
FLAG 0.50831899999999997 0.091013999999999998 0.36915750000000003 5
FLAG 0.49589400000000006 0.1950585 0.41809550000000001 5
FLAG 0.46172599999999997 0.40141099999999996 0.30315599999999998 5
FLAG 0.47288249999999998 0.33569450000000001 0.35234650000000001 5
FLAG 0.52366999999999997 0.52058599999999999 0.5 3
FLAG 0.538022 0.46760550000000001 0.5 3
FLAG 0.47858000000000001 0.28971449999999999 0.41809550000000001 5
FLAG 0.48805799999999999 0.23514499999999999 0.5 8
FLAG 0.46504650000000003 0.37578100000000003 0.434251 5
FLAG 0.4546885 0.449797 0.434251 5
FLAG 0.46038599999999996 0.40381699999999998 0.5 8
FLAG 0.44455 0.4810835 0.37628549999999999 5
FLAG 0.43988949999999999 0.50911950000000006 0.4420345 5
FLAG 0.4754215 0.53669250000000002 0.5 3
FLAG 0.45065650000000002 0.59458549999999999 0.5 3
FLAG 0.41512450000000001 0.56701250000000003 0.4420345 5
FLAG 0.425263 0.53572600000000004 0.5 8
FLAG 0.38337650000000001 0.61677999999999999 0.43954950000000004 5
FLAG 0.398003 0.59017350000000002 0.38158400000000003 5
FLAG 0.101484 0.97247400000000006 0.5 3
FLAG 0.07043350000000001 0.95731450000000007 0.5 8
FLAG 0.077357499999999996 0.99512850000000008 0.5 3
FLAG 0.079448000000000005 0.94882200000000005 0.47096899999999997 5
FLAG 0.055321500000000003 0.97147649999999997 0.47096899999999997 5
FLAG 0.139154 0.89230299999999996 0.46226100000000003 5
FLAG 0.246056 0.77789700000000006 0.32341799999999998 5
FLAG 0.2046065 0.82511000000000001 0.33204849999999997 5
FLAG 0.23215549999999999 0.79327100000000006 0.38966650000000003 5
FLAG 0.016059999999999998 1.008399 0.47840349999999998 5
FLAG 0.0043589999999999992 1.0189270000000001 0.46120550000000005 5
FLAG -0.0026389999999999999 1.0254460000000001 0.48280200000000001 5
FLAG 0.043697 0.98243199999999997 0.44937250000000001 5
FLAG 0.034682499999999998 0.99092449999999999 0.47840349999999998 5
FLAG 0.12655949999999999 0.9041245 0.5 8
FLAG 0.137878 0.95138450000000008 0.5 3
FLAG 0.16987750000000001 0.92084900000000003 0.5 3
FLAG -0.035055000000000003 1.0530539999999999 0.388158 5
FLAG -0.035290000000000002 1.05325 0.44196800000000003 5
FLAG -0.029804999999999998 1.048573 0.456486 5
FLAG -0.019824999999999999 1.040651 0.45108599999999999 5
FLAG -0.034874999999999996 1.052905 0.41482750000000002 5
FLAG -0.034874999999999996 1.052905 0.40166950000000001 5
FLAG 0.048024499999999998 0.97836199999999995 0.42256099999999996 5
FLAG 0.0273855 0.99781000000000009 0.42999549999999997 5
FLAG -0.024660000000000001 1.0447869999999999 0.39509050000000001 5
FLAG 0.1071545 0.92283850000000001 0.46226100000000003 5
FLAG 0.092042499999999999 0.9370004999999999 0.43323 5
FLAG -0.011418000000000001 1.0331640000000002 0.29607550000000005 5
FLAG -0.011413000000000001 1.0331600000000001 0.28291750000000004 5
FLAG -0.024835000000000003 1.0449320000000002 0.28947400000000001 5
FLAG -0.035055000000000003 1.0530539999999999 0.33552599999999999 5
FLAG -0.035055000000000003 1.0530539999999999 0.34868399999999999 5
FLAG -0.024840000000000001 1.0449360000000001 0.34210499999999999 5
FLAG -0.035055000000000003 1.0530539999999999 0.32236799999999999 5
FLAG -0.0114035 1.0331510000000002 0.32236949999999998 5
FLAG -0.0114035 1.0331510000000002 0.30921200000000004 5
FLAG -0.024840000000000001 1.0449360000000001 0.3157895 5
FLAG -0.035055000000000003 1.0530539999999999 0.3092105 5
FLAG -0.035055000000000003 1.0530539999999999 0.29605300000000001 5
FLAG -0.035049999999999998 1.05305 0.28289500000000001 5
FLAG -0.035049999999999998 1.05305 0.269737 5
FLAG -0.035055000000000003 1.0530539999999999 0.256579 5
FLAG -0.024835000000000003 1.0449320000000002 0.263158 5
FLAG -0.035055000000000003 1.0530539999999999 0.230263 5
FLAG -0.035055000000000003 1.0530539999999999 0.243421 5
FLAG -0.024840000000000001 1.0449360000000001 0.236842 5
FLAG 0.0020400000000000001 1.02136 0.1973685 5
FLAG 0.018241500000000001 1.0062625000000001 0.20612249999999999 5
FLAG 0.018241500000000001 1.0062625000000001 0.192965 5
FLAG -0.035055000000000003 1.0530539999999999 0.20394699999999999 5
FLAG -0.035055000000000003 1.0530539999999999 0.21710499999999999 5
FLAG -0.024840000000000001 1.0449360000000001 0.21052599999999999 5
FLAG 0.001621 1.0217415000000001 0.17097050000000003 5
FLAG -0.011819 1.0335295 0.16439150000000002 5
FLAG -0.035275000000000001 1.0532355 0.071238999999999997 5
FLAG -0.035275000000000001 1.0532355 0.058081500000000001 5
FLAG -0.035055000000000003 1.0530539999999999 0.16447400000000001 5
FLAG -0.035055000000000003 1.0530539999999999 0.125 5
FLAG -0.035055000000000003 1.0530539999999999 0.138158 5
FLAG -0.024840000000000001 1.0449360000000001 0.131579 5
FLAG -0.010729500000000001 1.0325359999999999 0.137577 5
FLAG -0.010729500000000001 1.0325359999999999 0.124419 5
FLAG -0.035055000000000003 1.0530539999999999 0.15131600000000001 5
FLAG -0.024840000000000001 1.0449360000000001 0.15789500000000001 5
FLAG -0.02002 1.0408184999999999 0.049041500000000002 5
FLAG 0.10649500000000001 0.9233325 0.3523405 5
FLAG 0.098113499999999992 0.93130199999999996 0.39880000000000004 5
FLAG 0.12813049999999998 0.9030475 0.37806249999999997 5
FLAG 0.2455425 0.77848600000000001 0.1975575 5
FLAG 0.26698149999999998 0.75427149999999998 0.25997899999999996 5
FLAG 0.091616000000000003 -0.81329000000000007 0.41571349999999996 5
FLAG 0.14676500000000001 -0.84174499999999997 0.5 3
FLAG 0.15053 -0.88349499999999992 0.5 3
FLAG 0.111346 -0.84518000000000004 0.5 3
FLAG 0.080796000000000007 -0.826905 0.4611285 5
FLAG 0.080296000000000006 -0.87142500000000001 0.5 3
FLAG 0.076531000000000002 -0.82967499999999994 0.5 8
FLAG 0.12261949999999999 -0.78065000000000007 0.21439849999999999 5
FLAG 0.095378500000000005 -0.81638500000000003 0.1909015 5
FLAG 0.12234300000000001 -0.78092500000000009 0.17049 5
FLAG 0.1212 -0.78209499999999998 0.31730249999999999 5
FLAG 0.13932850000000002 -0.76081500000000002 0.35478749999999998 5
FLAG 0.11109250000000001 -0.79747999999999997 0.37168499999999999 5
FLAG 0.094309500000000004 -0.81743500000000002 0.28450500000000001 5
FLAG 0.065646499999999997 -0.83950999999999998 0.31987199999999999 5
FLAG 0.066991999999999996 -0.83818499999999996 0.270177 5
FLAG 0.4619335 0.3997465 0.180452 5
FLAG 0.45194999999999996 0.46056399999999997 0.31116450000000001 5
FLAG 0.1700585 -0.70901999999999998 0.34290849999999995 5
FLAG 0.15995100000000001 -0.72440499999999997 0.39729099999999995 5
FLAG 0.18021999999999999 -0.69151000000000007 0.27437899999999998 5
FLAG 0.20084249999999998 -0.65510000000000002 0.31688249999999996 5
FLAG 0.23801850000000002 -0.59754499999999999 0.30713550000000001 5
FLAG 0.37882450000000001 -0.41744000000000003 0.30107899999999999 5
FLAG 0.33640999999999999 -0.46940999999999999 0.30571100000000001 5
FLAG 0.45432699999999998 0.44021399999999999 0.2458185 5
FLAG 0.42301549999999999 0.54574400000000001 0.25475300000000001 5
FLAG 0.43760650000000001 0.518841 0.18861850000000002 5
FLAG 0.41607099999999997 0.565218 0.1895445 5
FLAG 0.054095500000000005 0.9726634999999999 0.388131 5
FLAG 0.070406999999999997 0.95728550000000001 0.40750799999999998 5
FLAG -0.0116975 1.0334335000000001 0.41951050000000001 5
FLAG 0.00050900000000000001 1.0227520000000001 0.41389699999999996 5
FLAG -0.0122735 1.0339564999999999 0.40298849999999997 5
FLAG 0.002 1.0213960000000002 0.2763485 5
FLAG -0.011417 1.0331640000000002 0.26974700000000001 5
FLAG 0.0020340000000000002 1.0213649999999999 0.22369299999999998 5
FLAG -0.0114 1.0331480000000002 0.21710499999999999 5
FLAG -0.011406000000000001 1.033153 0.23027199999999998 5
FLAG 0.018235500000000002 1.0062674999999999 0.2192895 5
FLAG -0.011819 1.0335295 0.15123350000000002 5
FLAG 0.018800500000000001 1.005722 0.15554600000000002 5
FLAG 0.019890000000000001 1.0047284999999999 0.1418895 5
FLAG 0.0022915000000000001 1.0211294999999998 0.14407350000000002 5
FLAG 0.0018064999999999999 1.0215700000000001 0.116455 5
FLAG -0.012304000000000001 1.0339700000000001 0.110457 5
FLAG 0.018849000000000001 1.0056815000000001 0.34562500000000002 5
FLAG 0.019102000000000001 1.0054509999999999 0.33244200000000002 5
FLAG 0.0017799999999999999 1.0215965 0.32897500000000002 5
FLAG 0.018850499999999999 1.0056879999999999 0.30847400000000003 5
FLAG 0.018835999999999999 1.005701 0.29533750000000003 5
FLAG 0.0020185000000000003 1.021379 0.30265550000000002 5
FLAG 0.018831999999999998 1.0057050000000001 0.282167 5
FLAG 0.036633499999999999 0.98909899999999995 0.27651349999999997 5
FLAG 0.019797499999999999 1.004794 0.25752450000000005 5
FLAG 0.13185949999999999 1.07395 0.5 3
FLAG 0.057768 0.96921049999999997 0.29700399999999999 5
FLAG 0.058733499999999994 0.96829949999999998 0.27236150000000003 5
FLAG 0.057574500000000001 0.96938950000000002 0.17921399999999998 5
FLAG 0.077516500000000002 0.9506135 0.16670200000000002 5
FLAG 0.056341000000000002 0.97054499999999999 0.14085 5
FLAG 0.25766100000000003 1.0046265000000001 0 2
FLAG 0.20858099999999999 1.0006895 0 2
FLAG 0.230491 0.96993099999999999 0 2
FLAG 0.10370099999999999 0.92602050000000002 0.18222349999999998 5
FLAG 0.10246749999999999 0.927176 0.1438595 5
FLAG 0.11195250000000001 0.91809950000000007 0.2205705 5
FLAG 0.13690350000000001 0.89466200000000007 0.19772800000000001 5
FLAG 0.079308999999999991 0.94893450000000001 0.24895899999999999 5
FLAG 0.058174500000000004 0.96882299999999999 0.22846850000000002 5
FLAG 0.076992000000000005 1.1810345 0 2
FLAG 0.063324500000000006 1.1714774999999999 0 2
FLAG 0.14789849999999999 1.1877800000000001 0 2
FLAG 0.1633085 1.1803599999999999 0 2
FLAG -0.033474999999999998 1.0517265 0 7
FLAG -0.026340000000000002 1.0633474999999999 0 2
FLAG -0.024905 1.0449875 0.077599500000000002 5
FLAG 0.0063800000000000003 1.0413890000000001 0 2
FLAG -0.0069295000000000008 1.0291714999999999 0 7
FLAG -0.011606 1.0333464999999999 0.080673500000000009 5
FLAG -0.011981 1.033658 0.066604999999999998 5
FLAG -0.0067210000000000004 1.0291774999999999 0.052115500000000002 5
FLAG 0.0118875 1.01223 0.056302000000000005 5
FLAG -0.035055000000000003 1.0530539999999999 0.111842 5
FLAG -0.024684999999999999 1.0448059999999999 0.1050445 5
FLAG -0.012149 1.0338400000000001 0.0970805 5
FLAG 0.00077499999999999997 1.0225105000000001 0.086085999999999996 5
FLAG 0.1023815 1.1988935000000001 0 2
FLAG 0.091524999999999995 1.19174 0 2
FLAG -0.0114 1.0331480000000002 0.20394699999999999 5
FLAG -0.035055000000000003 1.0530539999999999 0.361842 5
FLAG -0.011422 1.0331680000000001 0.25658900000000001 5
FLAG -0.0116565 1.0333815 0.34871050000000003 5
FLAG -0.0116565 1.0333815 0.33555250000000003 5
FLAG -0.024840000000000001 1.0449360000000001 0.368421 5
FLAG -0.035055000000000003 1.0530539999999999 0.375 5
FLAG -0.0109385 1.032727 0.36234699999999997 5
FLAG 0.002245 1.0211725 0.35579450000000001 5
FLAG -0.0109385 1.032727 0.37550499999999998 5
FLAG 0.0014480000000000001 1.0218965 0.38340299999999999 5
FLAG -0.012453500000000001 1.0341054999999999 0.38947699999999996 5
FLAG -0.029804999999999998 1.048573 0.46964400000000001 5
FLAG -0.035290000000000002 1.05325 0.42881049999999998 5
FLAG -0.0121125 1.0337784999999999 0.43349349999999998 5
FLAG -0.024895 1.044983 0.42258499999999999 5
FLAG -0.0066274999999999997 1.0291014999999999 0.44801150000000001 5
FLAG -0.033454999999999999 1.0517069999999999 0.486842 5
FLAG -0.02632 1.0633279999999998 0.5 3
FLAG -0.033454999999999999 1.0517069999999999 0.5 8
FLAG -0.0081399999999999997 1.0543264999999999 0.5 3
FLAG -0.017989999999999999 1.0391079999999999 0.48280200000000001 5
FLAG -0.01282 1.0754125000000001 0.5 3
FLAG -0.011406000000000001 1.033153 0.24342999999999998 5
FLAG 0.0020119999999999999 1.021385 0.25001899999999999 5
FLAG 0.086793999999999996 1.1900585000000001 0.5 3
FLAG 0.097650500000000001 1.1972119999999999 0.5 3
FLAG 0.075559999999999988 1.1803595 0.5 3
FLAG 0.061892500000000003 1.1708025 0.5 3
FLAG 0.040217999999999997 1.1399555000000001 0.5 3
FLAG 0.054606000000000002 1.1551125 0.5 3
FLAG 0.017337999999999999 1.0071289999999999 0.38630750000000003 5
FLAG 0.015823 1.0085074999999999 0.40027950000000001 5
FLAG 0.016399 1.0079845000000001 0.41680149999999999 5
FLAG 0.033942 0.99163800000000002 0.37613799999999997 5
FLAG 0.019567000000000001 1.0050270000000001 0.35926150000000001 5
FLAG 0.019813500000000001 1.0047789999999999 0.24436550000000001 5
FLAG 0.036020999999999997 0.98967649999999996 0.22679500000000002 5
FLAG 0.016321500000000003 1.008043 0.099954500000000002 5
FLAG 0.016864500000000001 1.0075495000000001 0.083547499999999997 5
FLAG 0.12679950000000001 1.157519 0 2
FLAG 0.1207375 1.134538 0 2
FLAG 0.13905400000000001 1.1467619999999998 0 2
FLAG 0.0192195 1.0053405 0.16878650000000001 5
FLAG 0.035421000000000001 0.99024299999999998 0.17754049999999999 5
FLAG 0.0072110000000000004 1.0406645000000001 0.5 3
FLAG -0.0062889999999999995 1.0285799999999998 0.5 8
FLAG 0.0359195 0.98977300000000001 0.32512399999999997 5
FLAG 0.017896000000000002 1.0066090000000001 0.1139165 5
FLAG 0.034405000000000005 0.99120150000000007 0.125389 5
FLAG 0.35973750000000004 1.0973444999999999 0 2
FLAG 0.33793200000000001 1.1057224999999999 0 2
FLAG 0.38331399999999999 1.0189135 0 2
FLAG 0.39210849999999997 1.0385495 0 2
FLAG 0.280802 1.1191529999999998 0 2
FLAG 0.308139 1.109121 0 2
FLAG 0.20096249999999999 1.1587455 0 2
FLAG 0.118392 1.2027350000000001 0 2
FLAG 0.1306785 1.1966479999999999 0 2
FLAG 0.432334 1.0773755 0 2
FLAG 0.4151125 1.081547 0 2
FLAG 0.164047 1.1534709999999999 0.5 3
FLAG 0.16010250000000001 1.1285229999999999 0.5 3
FLAG 0.14387949999999999 1.1434029999999999 0.5 3
FLAG 0.1100975 1.2141495 0.5 3
FLAG 0.1086915 1.200121 0.5 3
FLAG 0.12470200000000001 1.2039625 0.5 3
FLAG 0.13698850000000001 1.1978754999999999 0.5 3
FLAG 0.1808855 1.164784 0.5 3
FLAG 0.16466249999999999 1.1796639999999998 0.5 3
FLAG 0.2081615 1.0033125000000001 0.5 3
FLAG 0.25601550000000001 1.0066869999999999 0.5 3
FLAG 0.22904999999999998 0.97148349999999994 0.5 3
FLAG 0.24928400000000001 1.1314799999999998 0.5 3
FLAG 0.22302549999999999 1.1417444999999999 0.5 3
FLAG 0.40193899999999999 1.0872320000000002 0.5 3
FLAG 0.41480700000000004 1.0812975 0.5 3
FLAG 0.27478649999999999 1.0332875000000001 0 2
FLAG 0.29669650000000003 1.002529 0 2
FLAG 0.054347000000000006 0.97242549999999994 0.11287700000000001 5
FLAG 0.124122 0.9068735 0.11721799999999999 5
FLAG 0.14925250000000001 1.187084 0.5 3
FLAG 0.13556000000000001 1.1791425 0.5 3
FLAG 0.056596500000000001 0.97031149999999999 0.2033925 5
FLAG 0.0563245 0.97056149999999997 0.36108499999999999 5
FLAG 0.1125115 0.91757599999999995 0.26446350000000002 5
FLAG 0.10818999999999999 0.92174449999999997 0.31222749999999999 5
FLAG 0.1408335 0.89090950000000002 0.28383900000000001 5
FLAG 0.058019500000000002 0.96897349999999993 0.32097200000000004 5
FLAG 0.078172999999999992 0.94999900000000004 0.33296500000000001 5
FLAG 0.384801 0.61467099999999997 0.063162999999999997 5
FLAG 0.39872050000000003 0.58880399999999999 0.12486800000000001 5
FLAG 0.45255900000000004 0.64421050000000002 0 2
FLAG 0.36268800000000001 0.64044400000000001 0 7
FLAG 0.34466600000000003 0.66506599999999993 0.063162999999999997 5
FLAG 0.38224749999999996 0.73767950000000004 0 2
FLAG 0.36580999999999997 0.96448400000000001 0 2
FLAG 0.37116099999999996 0.99229149999999999 0 2
FLAG 0.20435 0.82538400000000001 0.1922895 5
FLAG 0.23138549999999999 0.79413400000000001 0.124047 5
FLAG 0.36333150000000003 0.89061450000000009 0 2
FLAG 0.33816750000000001 0.947963 0 2
FLAG 0.31312099999999998 0.97956299999999996 0 2
FLAG 0.30461749999999999 0.94226799999999999 0 2
FLAG 0.4022445 1.0874815 0 2
FLAG 0.38547600000000004 1.0945419999999999 0 2
FLAG 0.16767399999999999 0.8638865 0.177427 5
FLAG 0.15942249999999999 0.87180750000000007 0.13907999999999998 5
FLAG 0.18183100000000002 0.84823850000000001 0.25093749999999998 5
FLAG 0.3302465 1.008224 0 2
FLAG 0.43230299999999999 1.0773424999999999 0.5 3
FLAG 0.38517049999999997 1.0942924999999999 0.5 3
FLAG 0.33738449999999998 1.1058284999999999 0.5 3
FLAG 0.35919000000000001 1.0974504999999999 0.5 3
FLAG 0.40506999999999999 1.055345 0.5 3
FLAG 0.414829 1.068892 0.5 3
FLAG 0.212557 0.81597150000000007 0.44914850000000001 5
FLAG 0.25400650000000002 0.76875850000000001 0.44051799999999997 5
FLAG 0.35714750000000001 0.925589 0.5 3
FLAG 0.34338199999999997 0.66653899999999999 0.43954950000000004 5
FLAG 0.31992999999999999 0.69299949999999999 0.3800675 5
FLAG 0.34085549999999998 0.66937399999999991 0.31662849999999998 5
FLAG 0.29453050000000003 0.72243250000000003 0.31759700000000002 5
FLAG 0.35846800000000001 0.64546400000000004 0.25491849999999999 5
FLAG 0.38386750000000003 0.616031 0.31738900000000003 5
FLAG 0.38934049999999998 0.79708449999999997 0.5 3
FLAG 0.36688149999999997 0.8397715 0.5 3
FLAG 0.41134199999999999 0.69582699999999997 0.5 3
FLAG 0.45133650000000003 0.64606800000000009 0.5 3
FLAG 0.36050349999999998 0.64337800000000001 0.5 8
FLAG 0.38149699999999998 0.73839500000000002 0.5 3
FLAG 0.41561550000000003 0.56626350000000003 0.31987399999999999 5
FLAG 0.38412950000000001 0.615707 0.19100249999999999 5
FLAG 0.383716 1.0552204999999999 0.5 3
FLAG 0.36348150000000001 0.88884750000000001 0.5 3
FLAG 0.38279750000000001 1.0182275000000001 0.5 3
FLAG 0.391453 1.0377185 0.5 3
FLAG 0.29756549999999998 0.7190375 0.064657500000000007 5
FLAG 0.17750949999999999 0.85240700000000003 0.29870149999999995 5
FLAG 0.163609 0.86778100000000002 0.36495 5
FLAG 0.30835750000000001 1.1096394999999999 0.5 3
FLAG 0.28102050000000001 1.1196714999999999 0.5 3
FLAG 0.37016199999999999 0.99129650000000002 0.5 3
FLAG 0.36486350000000001 0.963121 0.5 3
FLAG 0.29967699999999997 1.0588504999999999 0.5 3
FLAG 0.31634499999999999 1.0829740000000001 0.5 3
FLAG 0.328704 1.0550394999999999 0.5 3
FLAG 0.33711200000000002 0.94620000000000004 0.5 3
FLAG 0.24464350000000001 0.8429025 0.5 3
FLAG 0.20671900000000001 0.88396750000000002 0.5 3
FLAG 0.1746325 0.85703649999999998 0.44914850000000001 5
FLAG 0.19648350000000001 0.83252400000000004 0.5 8
FLAG 0.328432 1.0073240000000001 0.5 3
FLAG 0.34106749999999997 1.0342549999999999 0.5 3
FLAG 0.35746350000000005 1.0106630000000001 0.5 3
FLAG 0.285302 0.80098749999999996 0.5 3
FLAG 0.2774585 0.74229800000000001 0.5 8
FLAG 0.10549 1.1648160000000001 0.5 3
FLAG 0.094256000000000006 1.1551169999999999 0.5 3
FLAG 0.089980000000000004 1.174417 0.5 3
FLAG 0.201238 1.1558389999999998 0.5 3
FLAG 0.11225499999999999 1.187025 0.5 3
FLAG 0.116531 1.1677249999999999 0.5 3
FLAG 0.049679500000000001 1.0101955 0.5 3
FLAG 0.031057000000000001 1.0276700000000001 0.5 3
FLAG 0.027684500000000001 0.99744349999999993 0.5 8
FLAG 0.012071499999999999 1.0120545000000001 0.44361300000000004 5
FLAG -0.0024000000000000002 1.089383 0.5 3
FLAG 0.11870749999999999 1.1017005 0.5 3
FLAG 0.10362299999999999 1.1152310000000001 0.5 3
FLAG 0.1248505 1.1319854999999999 0.5 3
FLAG 0.071459499999999995 1.1490279999999999 0.5 3
FLAG 0.080826499999999996 1.1091419999999999 0.5 3
FLAG 0.067455000000000001 1.0909905 0.5 3
FLAG 0.050801499999999999 1.1151865000000001 0.5 3
FLAG 0.026846499999999999 1.121804 0.5 3
FLAG 0.013634999999999998 1.104695 0.5 3
FLAG 0.17325450000000001 1.1007724999999999 0.5 3
FLAG 0.153087 1.0907045 0.5 3
FLAG 0.15522749999999999 0.87575049999999999 0.41140949999999998 5
FLAG 0.43954400000000005 -0.58919500000000002 0.5 3
FLAG 0.227857 -0.61505500000000002 0.37566500000000003 5
FLAG 0.052805500000000005 -0.88654999999999995 0.5 3
FLAG 0.087620500000000004 -0.90205500000000005 0.5 3
FLAG 0.14738899999999999 -0.74697999999999998 0.45458500000000002 5
FLAG 0.192388 -0.84043999999999996 0.5 3
FLAG 0.48846699999999998 -0.44681999999999999 0.5 3
FLAG 0.52041500000000007 -0.48296499999999998 0.5 3
FLAG 0.2195665 -0.72299500000000005 0.5 3
FLAG 0.1392495 -0.98933000000000004 0.5 3
FLAG 0.147287 -1.0031600000000001 0.5 3
FLAG 0.12554750000000001 -1.00404 0.5 3
FLAG 0.1604235 -1.00834 0.5 3
FLAG 0.1467215 -1.02305 0.5 3
FLAG 0.17908299999999999 -0.99945000000000006 0.5 3
FLAG 0.1785175 -1.0193400000000001 0.5 3
FLAG 0.23447599999999999 -1.0199499999999999 0.5 3
FLAG 0.202485 -0.98353000000000002 0.5 3
FLAG 0.22454750000000001 -0.97782499999999994 0.5 3
FLAG 0.21923949999999998 -1.004745 0.5 3
FLAG 0.10617950000000001 -0.97330000000000005 0.5 3
FLAG 0.253799 -0.93147500000000005 0.5 3
FLAG 0.26466899999999999 -0.78127499999999994 0.5 3
FLAG 0.22729450000000001 -0.81756999999999991 0.5 3
FLAG 0.23620150000000001 -0.76452500000000001 0.5 3
FLAG 0.22085549999999998 -0.8571899999999999 0.5 3
FLAG 0.26122250000000002 1.0626504999999999 0.5 3
FLAG 0.229486 1.0744590000000001 0.5 3
FLAG 0.25558150000000002 1.0985934999999998 0.5 3
FLAG 0.13732349999999999 1.036621 0.5 3
FLAG 0.1737175 1.0155315 0.5 3
FLAG 0.14480199999999999 0.98919850000000009 0.5 3
FLAG 0.075266 1.062684 0.5 3
FLAG 0.10294400000000001 1.047617 0.5 3
FLAG 0.080729999999999996 1.025355 0.5 3
FLAG 0.045241000000000003 1.0687285 0.5 3
FLAG 0.19504199999999999 1.086678 0.5 3
FLAG 0.25202449999999998 -0.87004499999999996 0.5 3
FLAG 0.21711800000000001 -0.8929149999999999 0.5 3
FLAG 0.22804000000000002 -0.93118999999999996 0.5 3
FLAG 0.19687100000000002 -0.9183349999999999 0.5 3
FLAG 0.130518 -0.91439500000000007 0.5 3
FLAG 0.12038699999999999 -0.949125 0.5 3
FLAG 0.10498 -0.92165999999999992 0.5 3
FLAG 0.23355200000000001 -0.95689500000000005 0.5 3
FLAG 0.027434 0.9977625 0.070170499999999997 5
FLAG 0.169766 0.92000850000000001 0 2
FLAG 0.13885649999999999 0.89259350000000004 0.037527499999999998 5
FLAG 0.13801099999999999 0.95030300000000001 0 2
FLAG 0.12636600000000001 0.9043175 0 7
FLAG 0.4291645 -0.61027999999999993 0 2
FLAG 0.38911000000000001 -0.59192500000000003 0 2
FLAG 0.225717 -0.61821000000000004 0.12095399999999999 5
FLAG 0.31159250000000005 -0.50069000000000008 0.12227449999999999 5
FLAG 0.14934799999999998 -0.74414000000000002 0.043064499999999999 5
FLAG 0.308139 -0.67954500000000007 0 2
FLAG 0.18034299999999998 -0.76365499999999997 0 2
FLAG 0.13696749999999999 -0.76003500000000002 0 7
FLAG 0.15141250000000001 -0.80654000000000003 0 2
FLAG 0.19181900000000002 -1.0297149999999999 0 2
FLAG 0.21213749999999998 -1.02582 0 2
FLAG 0.2583355 -0.99737999999999993 0 2
FLAG 0.1165165 -0.83992500000000003 0 2
FLAG 0.085558499999999996 -0.86622500000000002 0 2
FLAG 0.054148000000000002 -0.85009500000000005 0.036069499999999997 5
FLAG 0.077078999999999995 -0.82921999999999996 0 7
FLAG 0.11395 -0.79389500000000002 0.116561 5
FLAG 0.0786385 -0.83066499999999999 0.109566 5
FLAG 0.2022215 -0.98503499999999999 0 2
FLAG 0.21889349999999999 -1.0051749999999999 0 2
FLAG 0.22449 -0.97943000000000002 0 2
FLAG 0.26725149999999998 -0.976105 0 2
FLAG 0.25007800000000002 -0.97829499999999991 0 2
FLAG 0.229625 -0.93308499999999994 0 2
FLAG 0.233406 -0.95815499999999998 0 2
FLAG 0.25521300000000002 -0.93195000000000006 0 2
FLAG 0.1460755 -1.0024850000000001 0 2
FLAG 0.146454 -1.0226600000000001 0 2
FLAG 0.35730649999999997 0.92718900000000004 0 2
FLAG 0.20624600000000001 0.88442149999999997 0 2
FLAG 0.196607 0.83234399999999997 0 7
FLAG 0.17415700000000001 0.8575275 0.059389499999999998 5
FLAG 0.212643 0.81584849999999998 0.059389499999999998 5
FLAG 0.079460500000000003 -0.93833 0 2
FLAG 0.1091955 -0.91850500000000002 0 2
FLAG 0.095260999999999998 -0.89675499999999997 0 2
FLAG 0.45387699999999997 -0.51191500000000001 0 2
FLAG 0.37422149999999998 -0.52522499999999994 0 2
FLAG 0.35882400000000003 1.0118800000000001 0 2
FLAG 0.34239949999999997 1.0348459999999999 0 2
FLAG 0.38446049999999998 1.0559240000000001 0 2
FLAG 0.15489249999999999 0.87609800000000004 0.096917000000000003 5
FLAG 0.37220550000000002 1.0761485 0 2
FLAG 0.013391999999999998 1.104471 0 2
FLAG 0.026603499999999999 1.12158 0 2
FLAG 0.044073500000000002 1.0688710000000001 0 2
FLAG 0.020941499999999998 1.0816515 0 2
FLAG 0.028070999999999999 1.0539355000000001 0 2
FLAG 0.078734499999999999 1.0246740000000001 0 2
FLAG 0.040652000000000001 1.1397015000000001 0 2
FLAG 0.055040000000000006 1.1548585 0 2
FLAG 0.10281299999999999 1.1143290000000001 0 2
FLAG 0.11506749999999999 1.103572 0 2
FLAG 0.074172999999999989 1.0622590000000001 0 2
FLAG 0.067043499999999992 1.0899749999999999 0 2
FLAG 0.050992499999999996 1.1147084999999999 0 2
FLAG 0.081091999999999997 1.1080965 0 2
FLAG 0.096143000000000006 1.1767734999999999 0 2
FLAG 0.2217325 1.1408925000000001 0 2
FLAG 0.24799100000000002 1.130628 0 2
FLAG 0.17293 1.006664 0 2
FLAG 0.13535750000000002 1.0277634999999998 0 2
FLAG 0.14383849999999998 0.98709349999999996 0 2
FLAG 0.2001 1.0413595 0 2
FLAG 0.130796 1.0653485 0 2
FLAG 0.1017045 1.0457779999999999 0 2
FLAG 0.19618249999999998 -0.85128500000000007 0 2
FLAG 0.22721150000000001 -0.86365000000000003 0 2
FLAG 0.22581699999999999 -0.82252499999999995 0 2
FLAG 0.134022 -0.90831499999999998 0 2
FLAG 0.17031250000000001 -0.91605500000000006 0 2
FLAG 0.1612865 -0.88467000000000007 0 2
FLAG 0.2245045 -0.89964500000000003 0 2
FLAG 0.2026975 -0.92585000000000006 0 2
FLAG 0.17543300000000001 -0.94949499999999998 0 2
FLAG 0.22850500000000001 1.0720415000000001 0 2
FLAG 0.19285400000000003 1.0780159999999999 0 2
FLAG 0.35872199999999999 1.0587265000000001 0 2
FLAG 0.18060999999999999 1.1676905 0 2
FLAG 0.15635549999999998 1.1340924999999999 0 2
FLAG 0.16241749999999999 1.1570735000000001 0 2
FLAG 0.190749 1.1014115 0 2
FLAG 0.16234399999999999 1.0707295000000001 0 2
FLAG 0.086762000000000006 1.1390625000000001 0 2
FLAG 0.095046500000000006 1.1556815 0 2
FLAG 0.073325500000000002 1.1494490000000002 0 2
FLAG 0.1095795 1.1663869999999998 0 2
FLAG 0.12789600000000001 1.1786110000000001 0 2
FLAG 0.200489 1.1265510000000001 0 2
FLAG 0.128691 1.0887440000000002 0 2
FLAG 0.11822150000000001 -0.94989000000000001 0 2
FLAG 0.254139 -0.87088500000000002 0 2
FLAG 0.15109349999999999 -0.96355499999999994 0 2
FLAG 0.18347849999999999 -0.97334999999999994 0 2
FLAG 0.17685899999999999 -0.94923500000000005 0.5 3
FLAG 0.165937 -0.91095999999999999 0.5 3
FLAG 0.184391 -0.97253000000000001 0.5 3
FLAG 0.15345700000000001 -0.96515499999999999 0.5 3
FLAG 0.45215749999999999 0.45889950000000002 0.1884605 5
FLAG 0.43715099999999996 0.51988650000000003 0.31894800000000001 5
FLAG 0.42649950000000003 -0.34454000000000001 0.24280400000000002 5
FLAG 0.41888950000000003 -0.35995500000000002 0.30324050000000002 5
FLAG 0.40193199999999996 -0.38151499999999999 0.37326950000000003 5
FLAG 0.200184 -0.65627000000000002 0.18128949999999999 5
FLAG 0.40389350000000002 -0.56651000000000007 0.5 3
FLAG 0.18029400000000001 -0.69138999999999995 0.22116999999999998 5
FLAG 0.15989199999999998 -0.84354499999999999 0 2
FLAG 0.23322850000000001 -0.77034500000000006 0 2
FLAG 0.26425750000000003 -0.78271000000000002 0 2
FLAG 0.067885000000000001 -0.83765500000000004 0.2134375 5
FLAG 0.067608500000000002 -0.83793000000000006 0.16952900000000001 5
FLAG 0.077489500000000003 -0.93678499999999998 0.5 3
FLAG 0.1225455 -0.78076999999999996 0.2676075 5
FLAG 0.13773650000000001 -0.98878500000000003 0 2
FLAG 0.12467300000000001 -1.00386 0 2
FLAG 0.129691 -0.96493000000000007 0 2
FLAG 0.1048645 -0.97511999999999999 0 2
FLAG 0.13171749999999999 -0.96603499999999998 0.5 3
FLAG 0.037725500000000002 -0.86060999999999999 0.33415399999999995 5
FLAG 0.066395499999999996 -0.83853500000000003 0.24223499999999998 5
FLAG 0.037732500000000002 -0.86060999999999999 0.27760200000000002 5
FLAG 0.0386255 -0.86007999999999996 0.22086250000000002 5
FLAG 0.066012500000000002 -0.83887 0.14009300000000002 5
FLAG 0.038518999999999998 -0.8601399999999999 0.16262900000000002 5
FLAG 0.11840100000000001 -0.78981499999999993 0.45458500000000002 5
FLAG 0.025812500000000002 -0.86438000000000004 0.063597500000000001 5
FLAG 0.025812500000000002 -0.86438000000000004 0.091263499999999997 5
FLAG 0.049548999999999996 -0.85287500000000005 0.10266600000000001 5
FLAG 0.25383549999999999 0.76895049999999998 0.064657500000000007 5
FLAG 0.26697100000000001 0.93434399999999995 0 2
FLAG 0.217891 0.93040699999999998 0 2
FLAG 0.29553750000000001 0.85243099999999994 0.5 3
FLAG 0.29213750000000005 0.90150700000000006 0.5 3
FLAG 0.33279599999999998 0.85959200000000002 0.5 3
FLAG 0.2658915 0.93460199999999993 0.5 3
FLAG 0.30315000000000003 0.94176300000000002 0.5 3
FLAG 0.200683 1.050735 0.5 3
FLAG 0.029206000000000003 1.0534165 0.5 3
FLAG 0.021394999999999997 1.081723 0.5 3
FLAG 0.27358149999999998 1.034716 0.5 3
FLAG 0.29447000000000001 1.0028869999999999 0.5 3
FLAG 0.2180375 0.93122749999999999 0.5 3
FLAG 0.14661550000000001 1.1089530000000001 0 2
FLAG 0.25407000000000002 1.0972230000000001 0 2
FLAG 0.26131599999999999 1.0605665 0 2
FLAG 0.30035149999999999 1.0584690000000001 0 2
FLAG 0.12879499999999999 1.1569335000000001 0.5 3
FLAG 0.086969500000000005 1.139427 0.5 3
FLAG 0.16997899999999999 1.1192644999999999 0 2
FLAG 0.31086599999999998 0.97929500000000003 0.5 3
FLAG 0.35773549999999998 1.0583784999999999 0.5 3
FLAG 0.37135249999999997 1.0760050000000001 0.5 3
FLAG 0.33014450000000001 1.0550705 0 2
FLAG 0.31667400000000001 1.0823494999999999 0 2
FLAG 0.2020575 1.1244964999999998 0.5 3
FLAG 0.27882299999999999 0.74075199999999997 0 7
FLAG 0.41242400000000001 0.69460549999999999 0 2
FLAG 0.49902399999999997 -0.41768499999999997 0 2
